0.0	0	0	0
0.1097556941	-1.37310444613133e-08	-2.59126773924529e-08	-4.71164853862688e-13
0.2195113882	-1.39314724169312e-08	1.31665247955728e-08	-4.24503537248766e-13
0.3292670823	2.45333129734278e-09	-1.92157043192452e-09	-5.93090338871709e-13
0.4390227764	2.85295940117219e-09	7.6742760173916e-10	-8.18647168126803e-13
0.5487784705	3.89934293190859e-09	1.15284354902925e-10	-1.04887338286861e-12
0.6585341646	3.53409390075987e-09	6.87528440023267e-10	-1.29365330508174e-12
0.7682898587	6.94800526940337e-09	1.38252159556797e-09	-1.54831324018576e-12
0.8780455528	8.04157790947706e-09	3.40926163984584e-09	-1.79555640438394e-12
0.9878012468999999	9.72806081380285e-09	7.7118621682358e-09	-2.0354719702557e-12
1.097556941	1.22209828745493e-08	9.47150035391704e-09	-2.26033781598996e-12
1.2073126350999999	1.44144574995492e-08	1.22405917915027e-08	-2.47076112714646e-12
1.3170683292	1.74677986810968e-08	1.61258357766051e-08	-2.66855953158018e-12
1.4268240233	1.96237868965502e-08	2.01298617362194e-08	-2.85118458102645e-12
1.5365797174	2.17869921206288e-08	2.3486659576876e-08	-3.01711738513385e-12
1.6463354115	2.46730873773229e-08	2.68548546056118e-08	-3.15876308516797e-12
1.7560911056	2.6855762160953e-08	3.0923297264457e-08	-3.28038874675948e-12
1.8658467997	2.86657916697706e-08	3.43217940500068e-08	-3.38514700735486e-12
1.9756024937999999	3.10988571335696e-08	3.74022783767091e-08	-3.4692665745834e-12
2.0853581879	3.33196805938383e-08	4.06048164632034e-08	-3.54099423344019e-12
2.195113882	3.52157028075783e-08	4.36864004811741e-08	-3.59891281854167e-12
2.3048695760999998	3.72359002778739e-08	4.64310674061951e-08	-3.63938084385444e-12
2.4146252701999997	3.91403802560177e-08	4.92938755419557e-08	-3.66229855612847e-12
2.5243809642999997	4.0859551696503e-08	5.20412044278913e-08	-3.6682104199236e-12
2.6341366584	4.26457658940176e-08	5.46298719483152e-08	-3.65282303227546e-12
2.7438923525	4.4622951869104e-08	5.71040346429357e-08	-3.62796271244349e-12
2.8536480466	4.65659648067964e-08	5.95578068805766e-08	-3.58457075194462e-12
2.9634037407	4.85823314510123e-08	6.17416090592504e-08	-3.5227306450212e-12
3.0731594348	5.0616220707683e-08	6.38176990104872e-08	-3.44723454447011e-12
3.1829151289	5.25551811900189e-08	6.5920959999859e-08	-3.34902416483094e-12
3.292670823	5.44862248200995e-08	6.79027654239014e-08	-3.20595397617336e-12
3.4024265171	5.64316350228783e-08	6.99306235588634e-08	-3.03710898422889e-12
3.5121822112	5.83104058201845e-08	7.1959641548902e-08	-2.8593504187379e-12
3.6219379053	6.01766027310767e-08	7.40274533154605e-08	-2.68971256589066e-12
3.7316935994	6.20272757816167e-08	7.60805159427374e-08	-2.5559270428187e-12
3.8414492934999998	6.36675549212579e-08	7.82229367327525e-08	-2.45037316651157e-12
3.9512049875999997	6.52865069779324e-08	8.03361099583486e-08	-2.30977914945713e-12
4.0609606817	6.68620055223172e-08	8.25627728950044e-08	-2.09115798373221e-12
4.1707163758	6.82689040001908e-08	8.47372191785768e-08	-1.78652382319339e-12
4.2804720699	6.95974156957916e-08	8.7034242213352e-08	-1.41810989075745e-12
4.390227764	7.08027365658413e-08	8.92915569489421e-08	-9.77473509274546e-13
4.4999834581	7.18651957950419e-08	9.1686755967609e-08	-4.95855688593215e-13
4.6097391521999995	7.28008619722127e-08	9.40350202663491e-08	-3.47133972828155e-14
4.7194948463	7.37390078814012e-08	9.64551801036192e-08	4.22536501974935e-13
4.8292505403999995	7.43609426245723e-08	9.89657077383717e-08	9.99581087462477e-13
4.9390062345	7.50082877254714e-08	1.01450632817639e-07	1.75155042157162e-12
5.048761928599999	7.55011115323219e-08	1.03991957983545e-07	2.66747814009771e-12
5.1585176227	7.58596306917516e-08	1.06576413324373e-07	3.76089504874929e-12
5.2682733168	7.61309487931287e-08	1.09175354771185e-07	4.96766051419429e-12
5.3780290109	7.63151184500607e-08	1.11799463913001e-07	6.14395883168598e-12
5.487784705	7.63527400045115e-08	1.14462784959472e-07	7.26997989990633e-12
5.5975403991	7.6306809002463e-08	1.17153220309404e-07	8.49978039245024e-12
5.7072960932	7.61852903069949e-08	1.19887403296871e-07	1.00096360427652e-11
5.8170517873	7.59772335603008e-08	1.22615565279571e-07	1.17219079692044e-11
5.9268074814	7.56695212429656e-08	1.25361774228896e-07	1.35069627767085e-11
6.0365631754999995	7.5201099343069e-08	1.28246510526835e-07	1.54737558056456e-11
6.1463188696	7.47394608476142e-08	1.31061066809158e-07	1.75738143699962e-11
6.2560745636999995	7.40753050733445e-08	1.33934185256661e-07	1.96451931571059e-11
6.3658302578	7.34188575539135e-08	1.36789743278464e-07	2.16666440686306e-11
6.475585951899999	7.26351595982071e-08	1.39719918583259e-07	2.3670674280975e-11
6.585341646	7.17891304614093e-08	1.42637603237822e-07	2.57068027187662e-11
6.695097340099999	7.08107672703122e-08	1.456444408098e-07	2.78841284158826e-11
6.8048530342	6.97736793298432e-08	1.48615700953078e-07	3.01064005523643e-11
6.914608728299999	6.8846111367354e-08	1.51560804555128e-07	3.24142898619885e-11
7.0243644224	6.76061697283265e-08	1.54599144415504e-07	3.48737881613304e-11
7.1341201165	6.64629061702758e-08	1.57601104713908e-07	3.74872256926688e-11
7.2438758106	6.51510646397884e-08	1.60642064237679e-07	4.03067936132551e-11
7.3536315047	6.37671334276745e-08	1.63653147555129e-07	4.35987148506657e-11
7.4633871988	6.25058872827743e-08	1.66756473047026e-07	4.7386689019941e-11
7.5731428929	6.10632823257934e-08	1.69784938247656e-07	5.12342837564535e-11
7.6828985869999995	5.95838560499405e-08	1.72863273220734e-07	5.48258182783739e-11
7.7926542811	5.80320140176366e-08	1.75900749306333e-07	5.82885030420682e-11
7.902409975199999	5.64182892305254e-08	1.79102751120459e-07	6.18029584738268e-11
8.0121656693	5.46774637091653e-08	1.82126870289002e-07	6.52499257009755e-11
8.1219213634	5.28413950743595e-08	1.85225888077184e-07	6.84692786336508e-11
8.231677057499999	5.10699106485946e-08	1.88312081439127e-07	7.14338958278533e-11
8.3414327516	4.93341911307358e-08	1.91429292474437e-07	7.42366169488655e-11
8.4511884457	4.75700059169076e-08	1.94453010248015e-07	7.71181037405635e-11
8.5609441398	4.57245642501476e-08	1.97546317248464e-07	8.00457116808191e-11
8.670699833899999	4.35911556540827e-08	2.0084480128588e-07	8.25997611146917e-11
8.780455528	4.16439680437619e-08	2.03916245555487e-07	8.45465818322282e-11
8.8902112221	3.96067254401745e-08	2.07087939002789e-07	8.60182245766333e-11
8.9999669162	3.74426595623545e-08	2.1023299629854e-07	8.70252788516536e-11
9.1097226103	3.528064901631e-08	2.13402328791645e-07	8.73761584360725e-11
9.219478304399999	3.32149175438827e-08	2.16637960737565e-07	8.70064971967019e-11
9.3292339985	3.0908134814954e-08	2.19871259394347e-07	8.56070324683726e-11
9.4389896926	2.85438464873382e-08	2.23091315480191e-07	8.31986571410898e-11
9.5487453867	2.61825132187744e-08	2.26345641463713e-07	8.04366033011563e-11
9.658501080799999	2.3873111825758e-08	2.29591371072726e-07	7.75244315341956e-11
9.7682567749	2.13298361569617e-08	2.32920216723317e-07	7.40820729105662e-11
9.878012469	1.89599242719887e-08	2.36167358767252e-07	6.95986605218585e-11
9.9877681631	1.64384370097717e-08	2.39477465860172e-07	6.37584262278128e-11
10.097523857199999	1.38153223248921e-08	2.42814204055105e-07	5.64145285168569e-11
10.2072795513	1.12273560511863e-08	2.46105141583593e-07	4.7506339345922e-11
10.3170352454	8.53423196207978e-09	2.49444210378734e-07	3.695446220756e-11
10.4267909395	5.9895155001665e-09	2.52807963915143e-07	2.47521093999516e-11
10.5365466336	3.29816381811084e-09	2.56130079121975e-07	1.13492769646361e-11
10.646302327699999	4.98679657111441e-10	2.59530471730572e-07	-2.98792814868518e-12
10.7560580218	-2.22464927170132e-09	2.62882857163118e-07	-1.8498394780376e-11
10.8658137159	-5.09598634492957e-09	2.66248270125478e-07	-3.5375251941319e-11
10.97556941	-7.96704710804855e-09	2.69616839722534e-07	-5.31245615214995e-11
11.085325104099999	-1.07850372083539e-08	2.72959142543407e-07	-7.11948431450068e-11
11.1950807982	-1.36672619824386e-08	2.76339859516915e-07	-8.94902052991043e-11
11.3048364923	-1.65827517076182e-08	2.79737220846633e-07	-1.08015783738819e-10
11.4145921864	-1.95675148078587e-08	2.83125529482231e-07	-1.26779757358158e-10
11.524347880499999	-2.25852514895963e-08	2.86572877575672e-07	-1.46080831431601e-10
11.6341035746	-2.54955438292534e-08	2.89964420640413e-07	-1.66171151489216e-10
11.7438592687	-2.8627792784389e-08	2.93413857432158e-07	-1.867993180032e-10
11.8536149628	-3.17309308846299e-08	2.96860328692852e-07	-2.07765619063056e-10
11.963370656899999	-3.48989708034831e-08	3.00297010537256e-07	-2.29605269068888e-10
12.073126350999999	-3.8087228093588e-08	3.03774229677537e-07	-2.53234573886271e-10
12.1828820451	-4.12261728207743e-08	3.07233612856045e-07	-2.79213182665631e-10
12.2926377392	-4.45611163472709e-08	3.10744051511087e-07	-3.07668581644956e-10
12.4023934333	-4.78016474274082e-08	3.14209750087693e-07	-3.38484615251023e-10
12.512149127399999	-5.11002471591237e-08	3.17704170706159e-07	-3.71514437051202e-10
12.6219048215	-5.43607897529404e-08	3.21203483314651e-07	-4.06953516335667e-10
12.7316605156	-5.77405408323022e-08	3.24783384225503e-07	-4.44922313068937e-10
12.8414162097	-6.1113167829739e-08	3.28375442268667e-07	-4.85559757787703e-10
12.951171903799999	-6.46260432003108e-08	3.31930801564402e-07	-5.29448052179205e-10
13.0609275979	-6.81010465181257e-08	3.35527044003478e-07	-5.76818979005895e-10
13.170683292	-7.16223769136493e-08	3.3912498269701e-07	-6.28033153624963e-10
13.2804389861	-7.51172394782017e-08	3.42758667584233e-07	-6.83068465418658e-10
13.390194680199999	-7.87190886481152e-08	3.46417786982923e-07	-7.41545989993508e-10
13.4999503743	-8.23673268303282e-08	3.50108296907825e-07	-8.02874562040688e-10
13.6097060684	-8.60846760969368e-08	3.53856132885244e-07	-8.66474132668023e-10
13.7194617625	-8.96503908933589e-08	3.57605885831778e-07	-9.32707744483207e-10
13.829217456599999	-9.34114302554932e-08	3.61355881282891e-07	-1.00221475912748e-09
13.938973150699999	-9.71345232046152e-08	3.65166941970995e-07	-1.0750661530863e-09
14.0487288448	-1.00919979022714e-07	3.68988424309446e-07	-1.15102764885508e-09
14.1584845389	-1.04650475327038e-07	3.72853763804345e-07	-1.23029504263807e-09
14.268240233	-1.08604457030801e-07	3.76705874762843e-07	-1.31346327935321e-09
14.377995927099999	-1.12597813392828e-07	3.80652293111211e-07	-1.40104756814805e-09
14.4877516212	-1.16746695248295e-07	3.84555317633584e-07	-1.49295342896647e-09
14.5975073153	-1.2111258879833e-07	3.88581995054541e-07	-1.58900833142221e-09
14.7072630094	-1.25220133922749e-07	3.9257487755956e-07	-1.68933929795433e-09
14.817018703499999	-1.28871003961982e-07	3.96584526827747e-07	-1.79452697948082e-09
14.9267743976	-1.32533099028117e-07	4.00636300651166e-07	-1.90509795550821e-09
15.0365300917	-1.3655508996006e-07	4.04702191816409e-07	-2.02188866376936e-09
15.1462857858	-1.41423147939434e-07	4.08907868655825e-07	-2.14558500756943e-09
15.256041479899999	-1.46615566608962e-07	4.13207159736311e-07	-2.27648494158152e-09
15.365797173999999	-1.51357740477903e-07	4.17424681768919e-07	-2.41401239598058e-09
15.4755528681	-1.55499847069946e-07	4.2157658230564e-07	-2.55749262069051e-09
15.5853085622	-1.59576260179609e-07	4.25661491126967e-07	-2.70646054320308e-09
15.695064256299998	-1.64247584354258e-07	4.29946986411104e-07	-2.86129742998355e-09
15.804819950399999	-1.69348703890329e-07	4.34340851954244e-07	-3.02273618954564e-09
15.9145756445	-1.7453857306255e-07	4.38839862220501e-07	-3.19113120952683e-09
16.0243313386	-1.79300476300066e-07	4.43178117032663e-07	-3.36699663939764e-09
16.1340870327	-1.84145225950143e-07	4.47424392335271e-07	-3.5496088219835e-09
16.2438427268	-1.89387783656069e-07	4.51790024292791e-07	-3.73806082438885e-09
16.3535984209	-1.94813894504198e-07	4.56211641897736e-07	-3.93181639177834e-09
16.463354114999998	-2.00172250823752e-07	4.60651157796503e-07	-4.13036647235441e-09
16.5731098091	-2.05505516773486e-07	4.65048495771821e-07	-4.33267955134834e-09
16.6828655032	-2.11049398524615e-07	4.69513984040152e-07	-4.53816785365334e-09
16.7926211973	-2.16905870113225e-07	4.73955078795394e-07	-4.74635223623799e-09
16.9023768914	-2.22701570458652e-07	4.78355750665261e-07	-4.9576566311822e-09
17.012132585499998	-2.28630272848676e-07	4.8276970721209e-07	-5.17268617439715e-09
17.1218882796	-2.34626483550022e-07	4.87124472146635e-07	-5.39091131736842e-09
17.2316439737	-2.40761454279681e-07	4.9157140584601e-07	-5.61024635817053e-09
17.341399667799998	-2.47164887928595e-07	4.95839574208571e-07	-5.82946839073524e-09
17.4511553619	-2.53478733281319e-07	5.00217956771501e-07	-6.04838407817563e-09
17.560911056	-2.59999564234491e-07	5.04478271381294e-07	-6.26699726179226e-09
17.6706667501	-2.66613164263556e-07	5.0878579885679e-07	-6.4850380758066e-09
17.7804224442	-2.73452736534172e-07	5.1299142894942e-07	-6.7015456962182e-09
17.890178138299998	-2.80286575300961e-07	5.17148083406328e-07	-6.91526097106973e-09
17.9999338324	-2.87285715325619e-07	5.21276485408818e-07	-7.12568709738975e-09
18.1096895265	-2.94419278882057e-07	5.25363000620423e-07	-7.33132524259573e-09
18.2194452206	-3.0156345495326e-07	5.29348707680861e-07	-7.53232032472901e-09
18.3292009147	-3.08904227490094e-07	5.33329845138569e-07	-7.72872973328622e-09
18.438956608799998	-3.16527096362462e-07	5.37196722856686e-07	-7.92073830715314e-09
18.5487123029	-3.24091781211883e-07	5.40945719633764e-07	-8.10915101121231e-09
18.658467997	-3.3176965660117e-07	5.44636385872858e-07	-8.29043421406515e-09
18.768223691099998	-3.39609982598858e-07	5.48255355106664e-07	-8.46594810099324e-09
18.8779793852	-3.47597940153589e-07	5.51736136346373e-07	-8.63315332891652e-09
18.9877350793	-3.55541774757608e-07	5.55140028190801e-07	-8.792181590895e-09
19.0974907734	-3.63626959340636e-07	5.58411501607314e-07	-8.94215626817379e-09
19.2072464675	-3.71780916089506e-07	5.61609928651632e-07	-9.08295988160233e-09
19.317002161599998	-3.8003682709535e-07	5.64723520810981e-07	-9.21346962571517e-09
19.4267578557	-3.88414209361473e-07	5.67651036786147e-07	-9.33345181596219e-09
19.5365135498	-3.96755299694416e-07	5.70496678570276e-07	-9.44179078643125e-09
19.6462692439	-4.05213014363647e-07	5.73170592534781e-07	-9.53764497324661e-09
19.756024938	-4.13792842017545e-07	5.75756184739272e-07	-9.62014760752343e-09
19.865780632099998	-4.22419890048336e-07	5.78184089744851e-07	-9.68844987132236e-09
19.9755363262	-4.3102827761834e-07	5.80480642092347e-07	-9.74196597849768e-09
20.0852920203	-4.39667240900528e-07	5.82649652725407e-07	-9.7802418275515e-09
20.195047714399998	-4.4843038462371e-07	5.84694314024186e-07	-9.80267683142167e-09
20.3048034085	-4.57201275275621e-07	5.8659870897476e-07	-9.80916259467091e-09
20.4145591026	-4.65904055130878e-07	5.88358319358232e-07	-9.79959972798899e-09
20.5243147967	-4.74559610807773e-07	5.89920703668693e-07	-9.77410276584254e-09
20.6340704908	-4.83259517099782e-07	5.91383631481081e-07	-9.73317160977243e-09
20.743826184899998	-4.9201654902058e-07	5.92653462324087e-07	-9.67745057889834e-09
20.853581879	-5.00640280401186e-07	5.93927444632262e-07	-9.60709385855642e-09
20.9633375731	-5.09339633271466e-07	5.95033270548522e-07	-9.52144626369294e-09
21.0730932672	-5.17889971956938e-07	5.95988489802985e-07	-9.42010132729694e-09
21.1828489613	-5.26434287377753e-07	5.96818614965482e-07	-9.30319131603582e-09
21.292604655399998	-5.35028081920434e-07	5.9755871741093e-07	-9.17174172915526e-09
21.4023603495	-5.43562115406752e-07	5.98242154671728e-07	-9.02689630027659e-09
21.5121160436	-5.52040258841904e-07	5.98703501682379e-07	-8.86868411016927e-09
21.621871737699998	-5.60225111497585e-07	5.99025109928157e-07	-8.69711374069188e-09
21.7316274318	-5.68423412503625e-07	5.9928451297838e-07	-8.51161490173587e-09
21.8413831259	-5.76762333484206e-07	5.99523240854193e-07	-8.31276378376183e-09
21.95113882	-5.84881038480648e-07	5.99685516248897e-07	-8.10132887184949e-09
22.0608945141	-5.92954892328818e-07	5.99670845048604e-07	-7.87685569057855e-09
22.170650208199998	-6.00841513099495e-07	5.99646357194462e-07	-7.63857035288151e-09
22.2804059023	-6.08721224100873e-07	5.9945719759669e-07	-7.38588917473767e-09
22.3901615964	-6.16440103752092e-07	5.99240172631996e-07	-7.11899808252028e-09
22.499917290499997	-6.24118659214272e-07	5.98979411710873e-07	-6.83768641506859e-09
22.6096729846	-6.31671753910538e-07	5.98658653128329e-07	-6.54201400249097e-09
22.719428678699998	-6.39098907777709e-07	5.98272681643438e-07	-6.23223547200754e-09
22.8291843728	-6.46466726974878e-07	5.97894110530374e-07	-5.90916372789378e-09
22.9389400669	-6.53722930806035e-07	5.97459166496731e-07	-5.57416061345885e-09
23.048695760999998	-6.6087984661703e-07	5.96981348852942e-07	-5.22898415047217e-09
23.1584514551	-6.67889008527502e-07	5.96491267139138e-07	-4.87454624523347e-09
23.2682071492	-6.74849841390275e-07	5.96072143331045e-07	-4.51073212973677e-09
23.3779628433	-6.81711865494753e-07	5.95484789952408e-07	-4.13650009293202e-09
23.4877185374	-6.88441385381293e-07	5.94931887150555e-07	-3.75243886546704e-09
23.597474231499998	-6.95133016270224e-07	5.94387612559795e-07	-3.35984453373138e-09
23.7072299256	-7.01733976954799e-07	5.9381476444116e-07	-2.95983250961811e-09
23.8169856197	-7.08185205485836e-07	5.9328332853662e-07	-2.55349174299281e-09
23.926741313799997	-7.14438750545806e-07	5.92803294795041e-07	-2.14094981218321e-09
24.0364970079	-7.20584362996055e-07	5.92320617549869e-07	-1.72247391710205e-09
24.146252701999998	-7.26890985231769e-07	5.91877572623529e-07	-1.2982698105534e-09
24.2560083961	-7.32883978205951e-07	5.91499850695689e-07	-8.69329581394046e-10
24.3657640902	-7.3898459186367e-07	5.91123431920719e-07	-4.36449565721224e-10
24.475519784299998	-7.44755465809494e-07	5.90761088558034e-07	2.69252952983097e-13
24.5852754784	-7.50541042299657e-07	5.90470648681889e-07	4.41229001170349e-10
24.6950311725	-7.5619673577836e-07	5.90211080347595e-07	8.86087934357447e-10
24.8047868666	-7.61824178875633e-07	5.90012716816159e-07	1.33429939927533e-09
24.9145425607	-7.67275472013377e-07	5.89909579856866e-07	1.78527833116701e-09
25.024298254799998	-7.7269785834194e-07	5.89874821748593e-07	2.23801560269905e-09
25.1340539489	-7.77991384374234e-07	5.89932162559255e-07	2.69209827548372e-09
25.243809643	-7.8333713851701e-07	5.90013227275119e-07	3.14773315841961e-09
25.353565337099997	-7.88517963720493e-07	5.90202382027006e-07	3.60499653907028e-09
25.4633210312	-7.9369719062546e-07	5.90546876683036e-07	4.06347690936124e-09
25.573076725299998	-7.9868378405227e-07	5.90770620111386e-07	4.52270702075553e-09
25.6828324194	-8.03608501660996e-07	5.91191946462895e-07	4.98269451335391e-09
25.7925881135	-8.0841381517615e-07	5.91705036894027e-07	5.44280440331407e-09
25.902343807599998	-8.13298412606081e-07	5.92281467737487e-07	5.90307656719001e-09
26.0120995017	-8.18046126928958e-07	5.92924250058305e-07	6.36372466493477e-09
26.1218551958	-8.22707829987389e-07	5.93627831847915e-07	6.82554029759003e-09
26.231610889899997	-8.27370350163616e-07	5.94503660153905e-07	7.29009879210612e-09
26.341366584	-8.31999269282583e-07	5.95434968039799e-07	7.75734995011299e-09
26.451122278099998	-8.36537259993921e-07	5.96476974882522e-07	8.22717358507106e-09
26.5608779722	-8.4095276643317e-07	5.97575661084087e-07	8.69896230216609e-09
26.6706336663	-8.45367512973515e-07	5.98779717167234e-07	9.17241628207903e-09
26.780389360399997	-8.49684888834203e-07	6.00075224069071e-07	9.64754623524477e-09
26.8901450545	-8.54059733195084e-07	6.01441542972288e-07	1.01257889000346e-08
26.9999007486	-8.58291430719668e-07	6.02915108365791e-07	1.0607832641534e-08
27.1096564427	-8.62439620187971e-07	6.04511497296388e-07	1.10948234055181e-08
27.2194121368	-8.66626005803107e-07	6.06179544368284e-07	1.15872026407745e-08
27.329167830899998	-8.70716125436458e-07	6.07997719969766e-07	1.20848196212079e-08
27.438923525	-8.74701150603815e-07	6.09835861545505e-07	1.25876462850523e-08
27.5486792191	-8.78643468916859e-07	6.11866210478121e-07	1.3095366873159e-08
27.658434913199997	-8.82531310208561e-07	6.13953129032886e-07	1.36078710130802e-08
27.7681906073	-8.86372883658826e-07	6.16169683579998e-07	1.4125595260168e-08
27.877946301399998	-8.90078513718164e-07	6.18450737995826e-07	1.46492698998038e-08
27.9877019955	-8.93949802582655e-07	6.20992587898169e-07	1.51791567161192e-08
28.0974576896	-8.97952854080258e-07	6.23441918656645e-07	1.57151461112301e-08
28.207213383699997	-9.02118725777547e-07	6.26131798204468e-07	1.62572000056341e-08
28.3169690778	-9.06249614572367e-07	6.28857226688688e-07	1.6804520575496e-08
28.4267247719	-9.10223505715398e-07	6.31743574609372e-07	1.7355224370742e-08
28.536480466	-9.13915034448105e-07	6.34727099979664e-07	1.79106927428795e-08
28.6462361601	-9.17153455986796e-07	6.37830033670475e-07	1.84680594412349e-08
28.755991854199998	-9.19915870607458e-07	6.41106739699913e-07	1.90275866501104e-08
28.8657475483	-9.22539819350021e-07	6.44540954992334e-07	1.95899018402828e-08
28.9755032424	-9.25298590511648e-07	6.48154131678188e-07	1.97356650932843e-08
29.085258936499997	-9.28540505356977e-07	6.51941638959541e-07	2.07221443831458e-08
29.1950146306	-9.32345543043185e-07	6.55871411089392e-07	2.12919088966611e-08
29.304770324699998	-9.3678043894621e-07	6.5994639089785e-07	2.18629675608744e-08
29.4145260188	-9.41372902470087e-07	6.64112292257391e-07	2.24336762029726e-08
29.5242817129	-9.45681178925375e-07	6.68367115473802e-07	2.30021622954963e-08
29.634037406999997	-9.49323433659347e-07	6.72766551912868e-07	2.35667134511427e-08
29.7437931011	-9.52162317828774e-07	6.7720010481187e-07	2.41263211630173e-08
29.8535487952	-9.54410795697314e-07	6.81956512778479e-07	2.46812534975093e-08
29.9633044893	-9.56765335437321e-07	6.86993287802569e-07	2.52318233037478e-08
30.0730601834	-9.5951439614716e-07	6.92327030820711e-07	2.57783244576125e-08
30.182815877499998	-9.62804112135631e-07	6.97920610178266e-07	2.63219946723966e-08
30.2925715716	-9.66772455272095e-07	7.03677354374405e-07	2.68613723476787e-08
30.4023272657	-9.71032180536339e-07	7.09583553303567e-07	2.73960887176844e-08
30.512082959799997	-9.7518854912079e-07	7.15594055285398e-07	2.79257098649442e-08
30.6218386539	-9.78937746909962e-07	7.21781510329022e-07	2.84493600101296e-08
30.731594347999998	-9.82148010291334e-07	7.28058150091059e-07	2.89652101645565e-08
30.8413500421	-9.85153243886132e-07	7.34532017819075e-07	2.94714655316892e-08
30.9511057362	-9.8820916642752e-07	7.41454625058607e-07	2.99707750643592e-08
31.060861430299997	-9.91618109526851e-07	7.48668930489123e-07	3.04614370394325e-08
31.1706171244	-9.95428768928429e-07	7.56108019175825e-07	3.09439988888472e-08
31.2803728185	-9.99490004374971e-07	7.6377613817668e-07	3.14177326676538e-08
31.390128512599997	-1.00377253379026e-06	7.71646828039563e-07	3.18816292876329e-08
31.4998842067	-1.00812931902284e-06	7.79600534586107e-07	3.23359467400585e-08
31.609639900799998	-1.01233715177508e-06	7.87963320319805e-07	3.2781452171212e-08
31.7193955949	-1.01656125137729e-06	7.96443703140509e-07	3.32177427298242e-08
31.829151289	-1.02073712239838e-06	8.05142425644954e-07	3.36464601489441e-08
31.938906983099997	-1.02514395334723e-06	8.14112147722369e-07	3.40680486506316e-08
32.0486626772	-1.02970954148529e-06	8.23385096407508e-07	3.44832097394936e-08
32.1584183713	-1.03452806940827e-06	8.32905853438688e-07	3.48915114290891e-08
32.2681740654	-1.03960955895724e-06	8.42612519351553e-07	3.52924487720187e-08
32.3779297595	-1.04500530939468e-06	8.5264439876112e-07	3.56857250322261e-08
32.4876854536	-1.0505848700396e-06	8.62919925466461e-07	3.6072608618968e-08
32.597441147699996	-1.05647592273483e-06	8.73280445924177e-07	3.64555993743574e-08
32.7071968418	-1.06245489042752e-06	8.83959904120262e-07	3.68305113692197e-08
32.8169525359	-1.06868537670997e-06	8.9485018008453e-07	3.7202199007393e-08
32.926708229999996	-1.07510630343187e-06	9.05944812293958e-07	3.75700283710741e-08
33.0364639241	-1.08183911010175e-06	9.17244972353e-07	3.79342198965249e-08
33.1462196182	-1.08878134507904e-06	9.28807458895104e-07	3.82928965620191e-08
33.255975312299995	-1.09607596958872e-06	9.40558339461845e-07	3.86504064390116e-08
33.3657310064	-1.10373223507882e-06	9.52502541103078e-07	3.90002780969814e-08
33.4754867005	-1.11181415062792e-06	9.64669723950073e-07	3.93483848162793e-08
33.5852423946	-1.12026049225092e-06	9.76983937918905e-07	3.96955490967569e-08
33.6949980887	-1.12897074363736e-06	9.89472181746992e-07	4.00366629482707e-08
33.8047537828	-1.13808068045868e-06	1.00205833801533e-06	4.03766312338346e-08
33.9145094769	-1.14753327710325e-06	1.01493379777879e-06	4.07138575394778e-08
34.024265170999996	-1.15749395808203e-06	1.0277603466139e-06	4.1046042752648e-08
34.1340208651	-1.16772736204278e-06	1.0408031012554e-06	4.13745630568291e-08
34.2437765592	-1.17842666622246e-06	1.05395802836227e-06	4.16990853436561e-08
34.353532253299996	-1.18964283982036e-06	1.0670597878259e-06	4.20209624534904e-08
34.4632879474	-1.20142523379081e-06	1.08031055071852e-06	4.23402675507418e-08
34.5730436415	-1.21344652623054e-06	1.09357468455203e-06	4.26573267077636e-08
34.682799335599995	-1.22615904561178e-06	1.10687666594847e-06	4.29721089828734e-08
34.7925550297	-1.23933532004782e-06	1.12020567271793e-06	4.32843743106095e-08
34.9023107238	-1.25301702228844e-06	1.13343493193883e-06	4.35929752905987e-08
35.0120664179	-1.26723003475521e-06	1.14666465262109e-06	4.38967545492209e-08
35.121822112	-1.281880363082e-06	1.15981835345051e-06	4.41951339954868e-08
35.2315778061	-1.29719679052711e-06	1.17288355096233e-06	4.44883106723272e-08
35.3413335002	-1.31301977505496e-06	1.18582856236752e-06	4.47773845800942e-08
35.451089194299996	-1.32942778507604e-06	1.19860126280394e-06	4.5063241146277e-08
35.5608448884	-1.34628745134896e-06	1.21117991660595e-06	4.53457881025368e-08
35.6706005825	-1.3637841448312e-06	1.22355166331227e-06	4.5623820007812e-08
35.780356276599996	-1.38175715683775e-06	1.23563552529339e-06	4.5896172071045e-08
35.8901119707	-1.40031876789096e-06	1.24754000770554e-06	4.59852462836228e-08
35.9998676648	-1.41946984662514e-06	1.25894256592293e-06	4.64273417275642e-08
36.109623358899995	-1.43906756023045e-06	1.27028838851496e-06	4.66874189186634e-08
36.219379053	-1.45924375468528e-06	1.28115308271588e-06	4.69441507930307e-08
36.3291347471	-1.47995958612546e-06	1.29169812294061e-06	4.71958937971936e-08
36.4388904412	-1.50113028377737e-06	1.30163628371958e-06	4.74406232498465e-08
36.5486461353	-1.52275939551439e-06	1.31110591577072e-06	4.76771820900044e-08
36.6584018294	-1.54482332687378e-06	1.32019589622272e-06	4.79059319254594e-08
36.7681575235	-1.56732290093813e-06	1.32871530846901e-06	4.81279670167839e-08
36.877913217599996	-1.59018357590248e-06	1.3368223667486e-06	4.8344140684435e-08
36.9876689117	-1.61349277310314e-06	1.34412974176898e-06	4.85548382773624e-08
37.0974246058	-1.63724936055322e-06	1.35097417315402e-06	4.87599340704142e-08
37.207180299899996	-1.66132699662198e-06	1.35723216535789e-06	4.88288866901017e-08
37.316935994	-1.68572686833013e-06	1.36281638019319e-06	4.91521783718827e-08
37.4266916881	-1.71050213019705e-06	1.36772196081499e-06	4.9338703225995e-08
37.536447382199995	-1.7356394156515e-06	1.37194739119105e-06	4.95185087994498e-08
37.6462030763	-1.7610654081721e-06	1.3754924155041e-06	4.96901761117423e-08
37.7559587704	-1.78660394887677e-06	1.37830878430687e-06	4.98536227029015e-08
37.8657144645	-1.81241881744414e-06	1.38045566108744e-06	5.00095035596275e-08
37.9754701586	-1.83829640512109e-06	1.38162848171729e-06	5.01585225966347e-08
38.0852258527	-1.86432961898286e-06	1.3822313824121e-06	5.03023655703104e-08
38.1949815468	-1.89052244153425e-06	1.38201587529834e-06	5.04389855696714e-08
38.304737240899996	-1.91658895660146e-06	1.38096440550441e-06	5.05700127580929e-08
38.414492935	-1.94265618771904e-06	1.37921070603829e-06	5.06950528201531e-08
38.5242486291	-1.96881926506782e-06	1.37661399335333e-06	5.08138192307264e-08
38.634004323199996	-1.99493856697436e-06	1.37315116896876e-06	5.09267754600422e-08
38.7437600173	-2.020959987397e-06	1.36893145586461e-06	5.10346632798523e-08
38.8535157114	-2.04687250862396e-06	1.36391675388518e-06	5.11380333156274e-08
38.963271405499995	-2.07259043600643e-06	1.35809076997192e-06	5.12365725962524e-08
39.0730270996	-2.09812507809824e-06	1.35151858946876e-06	5.13301464079495e-08
39.1827827937	-2.12336163522699e-06	1.34413540857727e-06	5.14170279060206e-08
39.2925384878	-2.14830325770796e-06	1.33593931277767e-06	5.14971563386305e-08
39.4022941819	-2.17287825895107e-06	1.32704550270714e-06	5.18075469415336e-08
39.512049876	-2.19705255281817e-06	1.3174729389748e-06	5.16385572936371e-08
39.6218055701	-2.22100626332948e-06	1.30713540810327e-06	5.14185613023954e-08
39.731561264199996	-2.24466981827221e-06	1.29592651191263e-06	5.17597366765287e-08
39.8413169583	-2.26772895977672e-06	1.28416878368334e-06	5.18137621292679e-08
39.9510726524	-2.29016627451212e-06	1.27173494655449e-06	5.18646706835834e-08
40.060828346499996	-2.31208645114708e-06	1.25854507622942e-06	5.19117831504769e-08
40.1705840406	-2.33335099450302e-06	1.24490204343238e-06	5.1954868054885e-08
40.2803397347	-2.35388602213373e-06	1.23057858304259e-06	5.1991769607197e-08
40.390095428799995	-2.37398421392296e-06	1.21569883137797e-06	5.20257511939905e-08
40.4998511229	-2.39376191271959e-06	1.20034239449617e-06	5.14823647489236e-08
40.609606817	-2.4131150313963e-06	1.18453832099527e-06	5.18203819282882e-08
40.7193625111	-2.43179788055837e-06	1.16820671982116e-06	5.21073981044781e-08
40.8291182052	-2.44955991676002e-06	1.15137002966519e-06	5.1662548332557e-08
40.9388738993	-2.46619855635531e-06	1.13407081058041e-06	5.21482882536651e-08
41.0486295934	-2.48188225105356e-06	1.11639814338155e-06	5.21643179166164e-08
41.158385287499996	-2.49681050642323e-06	1.09842147686313e-06	5.21787015791824e-08
41.2681409816	-2.5114453833968e-06	1.08021269241259e-06	5.21929848777736e-08
41.3778966757	-2.52575344792416e-06	1.06184581361069e-06	5.2208454319302e-08
41.487652369799996	-2.53952176151383e-06	1.04315706499748e-06	5.22254024111353e-08
41.5974080639	-2.55233656627523e-06	1.02426393051805e-06	5.22438588211545e-08
41.707163758	-2.56411105424947e-06	1.00507404477837e-06	5.22635885697671e-08
41.816919452099995	-2.57456388403746e-06	9.85780517837411e-07	5.26915891475329e-08
41.9266751462	-2.58436633882859e-06	9.66367963816235e-07	5.23083811128977e-08
42.0364308403	-2.59343938961681e-06	9.46957382085575e-07	5.23367379626937e-08
42.1461865344	-2.60221448758161e-06	9.27703350493613e-07	5.23716887479096e-08
42.2559422285	-2.61035225362944e-06	9.08330306932193e-07	5.24145770303643e-08
42.3656979226	-2.61769633562389e-06	8.89025951935084e-07	5.24652101897438e-08
42.4754536167	-2.62409428449515e-06	8.69693290216828e-07	5.25232996431204e-08
42.585209310799996	-2.62950595756829e-06	8.50427481696563e-07	5.25891017794699e-08
42.6949650049	-2.63411727312075e-06	8.31263968074387e-07	5.26635777507665e-08
42.804720699	-2.63809748389303e-06	8.12339232483339e-07	5.2749618656732e-08
42.914476393099996	-2.64146589421709e-06	7.93482860016538e-07	5.28505129237813e-08
43.0242320872	-2.64433434015597e-06	7.74973233223935e-07	5.29690795762909e-08
43.1339877813	-2.6464440937706e-06	7.56548689465196e-07	5.36078133294537e-08
43.243743475399995	-2.64785814529546e-06	7.38409464850182e-07	5.32653873797959e-08
43.3534991695	-2.64851666337064e-06	7.20497610368917e-07	5.34444113319643e-08
43.4632548636	-2.6484225063404e-06	7.02915865580004e-07	5.36454949033842e-08
43.573010557699995	-2.64779730634673e-06	6.85606377091272e-07	5.38698274557662e-08
43.6827662518	-2.64653105975073e-06	6.68671964596303e-07	5.41186584197763e-08
43.7925219459	-2.64481710337457e-06	6.52060092632661e-07	5.43911533340673e-08
43.90227764	-2.64249072483646e-06	6.35810038284011e-07	5.46941243230097e-08
44.012033334099996	-2.63960848895509e-06	6.19917026801565e-07	5.50252935001017e-08
44.1217890282	-2.63617014521716e-06	6.04419174238021e-07	5.53864312436676e-08
44.2315447223	-2.63215012422104e-06	5.89315760462961e-07	5.57781188833981e-08
44.341300416399996	-2.62755692161507e-06	5.74654434207247e-07	5.62018690787918e-08
44.4510561105	-2.62250603401558e-06	5.60430645878629e-07	5.66597739789626e-08
44.5608118046	-2.61701277497819e-06	5.46649494089292e-07	5.71535740286388e-08
44.670567498699995	-2.61108080939509e-06	5.33314564994089e-07	5.76816492688153e-08
44.7803231928	-2.60472343454545e-06	5.2049370797113e-07	5.82457443620148e-08
44.8900788869	-2.59790951021752e-06	5.0806807517255e-07	5.88469230358884e-08
44.999834580999995	-2.59060355289136e-06	4.96159769501693e-07	5.94884831452826e-08
45.1095902751	-2.58299182278323e-06	4.84678297856843e-07	6.01705298272352e-08
45.2193459692	-2.57497192172682e-06	4.73775537537064e-07	6.08940632404191e-08
45.3291016633	-2.5665319308481e-06	4.63365361284625e-07	6.16583432012415e-08
45.438857357399996	-2.55778198474064e-06	4.53466088268647e-07	6.24639724027169e-08
45.5486130515	-2.54871230857321e-06	4.44073451619292e-07	6.33112645453417e-08
45.6583687456	-2.5393825833933e-06	4.3514985308252e-07	6.42010644600959e-08
45.768124439699996	-2.52971714679707e-06	4.26900828441251e-07	6.51347500349406e-08
45.8778801338	-2.51974216027811e-06	4.19162032705081e-07	6.6113484398638e-08
45.9876358279	-2.50941825945272e-06	4.1193179882143e-07	6.7137841602995e-08
46.097391521999995	-2.49890713031179e-06	4.05294127287991e-07	6.82073373601935e-08
46.2071472161	-2.48817208853066e-06	3.99171896312698e-07	6.93205971984762e-08
46.3169029102	-2.47725200100429e-06	3.93657389389809e-07	7.04784756515484e-08
46.426658604299995	-2.46603019513647e-06	3.88736704144309e-07	7.16805189447928e-08
46.5364142984	-2.45455093963092e-06	3.84351283170625e-07	7.29263660878539e-08
46.6461699925	-2.44290634491289e-06	3.80549310642346e-07	7.42150845792522e-08
46.7559256866	-2.43112639921552e-06	3.77339035542086e-07	7.5546628839656e-08
46.865681380699996	-2.41928148557603e-06	3.74791744229264e-07	7.69197279980241e-08
46.9754370748	-2.4072909866512e-06	3.728452934923e-07	7.83335181298221e-08
47.0851927689	-2.39498784143319e-06	3.71462003000328e-07	7.97876153000007e-08
47.194948462999996	-2.38261747893943e-06	3.70727165144487e-07	8.12822075365527e-08
47.3047041571	-2.37013088667151e-06	3.70560050505727e-07	8.28174414557903e-08
47.4144598512	-2.35755613634593e-06	3.71153264361873e-07	8.43915959670749e-08
47.524215545299995	-2.34493447403502e-06	3.72220400799688e-07	8.60069906136898e-08
47.6339712394	-2.3322263582412e-06	3.73994208081695e-07	8.76606386890919e-08
47.7437269335	-2.31949364353023e-06	3.76406242120602e-07	8.93544261986272e-08
47.853482627599995	-2.30670491245871e-06	3.7950433940451e-07	9.1087467392609e-08
47.9632383217	-2.29386123516091e-06	3.83212346251821e-07	9.28591965135681e-08
48.0729940158	-2.28103643527581e-06	3.87680648473193e-07	9.46695795964146e-08
48.1827497099	-2.26821057162961e-06	3.92702763823629e-07	9.65191769260499e-08
48.292505403999996	-2.25552951070713e-06	3.98525716992559e-07	9.84083645315666e-08
48.4022610981	-2.2428960036796e-06	4.04966333077565e-07	1.00337328738165e-07
48.5120167922	-2.23021918589116e-06	4.12062360570309e-07	1.02304995664532e-07
48.621772486299996	-2.21764954771626e-06	4.19884635130027e-07	1.04308896524556e-07
48.7315281804	-2.20520247067792e-06	4.28387390821129e-07	1.06351327444409e-07
48.8412838745	-2.1929597204726e-06	4.37541757950653e-07	1.08429988921119e-07
48.951039568599995	-2.18078464912678e-06	4.47526078443717e-07	1.10543567568533e-07
49.0607952627	-2.16883862279236e-06	4.58148305058802e-07	1.12694523080858e-07
49.1705509568	-2.15699460420754e-06	4.69458922215102e-07	1.14883331383368e-07
49.280306650899995	-2.14560499882102e-06	4.8152635210072e-07	1.17110822938005e-07
49.390062345	-2.13435772162058e-06	4.94171124498659e-07	1.19376703307983e-07
49.4998180391	-2.12339732218422e-06	5.07735303830181e-07	1.21679673114078e-07
49.6095737332	-2.11281653292328e-06	5.21757162829213e-07	1.24018794277915e-07
49.719329427299996	-2.10251681076248e-06	5.36743586841454e-07	1.2639485932858e-07
49.8290851214	-2.09251544448418e-06	5.52241974078176e-07	1.28799633727119e-07
49.9388408155	-2.08310063096409e-06	5.6845300578096e-07	1.31252987702269e-07
50.048596509599996	-2.07430942628311e-06	5.85354687568865e-07	1.33906511207334e-07
50.1583522037	-2.06579106574936e-06	6.0290992189162e-07	1.36269302487426e-07
50.2681078978	-2.0577038096772e-06	6.21018238677176e-07	1.38835772909698e-07
50.377863591899995	-2.05011314792739e-06	6.39780124294564e-07	1.41440866239017e-07
50.487619286	-2.04314434294644e-06	6.59143706758468e-07	1.4514121699404e-07
50.5973749801	-2.03661776888515e-06	6.79090064568962e-07	1.46767763625828e-07
50.707130674199995	-2.03084626346729e-06	6.99618117800022e-07	1.49488998032976e-07
50.8168863683	-2.02560721685381e-06	7.20700445137306e-07	1.52248368507577e-07
50.9266420624	-2.02104194891004e-06	7.42370521734817e-07	1.55046223271391e-07
51.0363977565	-2.01704060355581e-06	7.64297856755302e-07	1.57884903592838e-07
51.146153450599996	-2.01370865140007e-06	7.86897184197501e-07	1.61124223308076e-07
51.2559091447	-2.01116912375478e-06	8.0984844844209e-07	1.6367939343213e-07
51.3656648388	-2.00939530418827e-06	8.332628535602e-07	1.66635288795017e-07
51.475420532899996	-2.00827749776045e-06	8.57102660184595e-07	1.69637675623942e-07
51.585176227	-2.00786817694396e-06	8.81285566138135e-07	1.72678958491564e-07
51.6949319211	-2.00823030060537e-06	9.05801614079377e-07	1.75755986205664e-07
51.804687615199995	-2.00936983686376e-06	9.30655706863373e-07	1.7887593961679e-07
51.9144433093	-2.01132083437539e-06	9.55800493007899e-07	1.82031144437867e-07
52.0241990034	-2.01413852059303e-06	9.81158665261188e-07	1.85231952829368e-07
52.133954697499995	-2.01778027965968e-06	1.00676569195651e-06	1.892620773908e-07
52.2437103916	-2.02215480720292e-06	1.03252223041032e-06	1.91757595273714e-07
52.3534660857	-2.02744952672001e-06	1.05842264540163e-06	1.95081575518613e-07
52.463221779799994	-2.03350644449901e-06	1.08445336459654e-06	1.98444584606293e-07
52.572977473899996	-2.04040800270996e-06	1.11056084946449e-06	2.01846734429543e-07
52.682733168	-2.0481974242917e-06	1.1366911817878e-06	2.0528764984183e-07
52.7924888621	-2.05673472861603e-06	1.16285694330582e-06	2.08767569566425e-07
52.902244556199996	-2.06614073032006e-06	1.18896544564259e-06	2.1224253488044e-07
53.0120002503	-2.07629625841654e-06	1.21508697668055e-06	2.15148113873173e-07
53.1217559444	-2.0873029240738e-06	1.24102883609949e-06	2.19441104983606e-07
53.231511638499995	-2.09912557312911e-06	1.26682782018337e-06	2.23080713807657e-07
53.3412673326	-2.11175346302298e-06	1.29246281621567e-06	2.25890787079665e-07
53.4510230267	-2.12513818501061e-06	1.31791034972013e-06	2.30480544092099e-07
53.560778720799995	-2.13927124954469e-06	1.34306167763526e-06	2.34236916419474e-07
53.6705344149	-2.15416335183549e-06	1.36796340939371e-06	2.38027635250052e-07
53.780290109	-2.1696484194216e-06	1.39255481228353e-06	2.41869849775276e-07
53.890045803099994	-2.18582179318389e-06	1.41680841287682e-06	2.45714595130907e-07
53.9998014972	-2.20268142682231e-06	1.44065289766435e-06	2.49649432439481e-07
54.1095571913	-2.22007976269255e-06	1.46419510023014e-06	2.5360885450057e-07
54.2193128854	-2.23819305445703e-06	1.48714772580166e-06	2.57607982907561e-07
54.329068579499996	-2.25678126529316e-06	1.50976923472774e-06	2.61701013364436e-07
54.4388242736	-2.27584895713391e-06	1.53190744812821e-06	2.65727749823654e-07
54.5485799677	-2.29541853830485e-06	1.55357895985102e-06	2.69847635794068e-07
54.658335661799995	-2.3153349172963e-06	1.57475457173354e-06	2.74009585500012e-07
54.7680913559	-2.33585846485814e-06	1.59546379460135e-06	2.78213948287082e-07
54.87784705	-2.35676426549195e-06	1.61568727189275e-06	2.81951604554227e-07
54.987602744099995	-2.37803695484e-06	1.63540800795697e-06	2.86743649222923e-07
55.0973584382	-2.39963722757378e-06	1.65463924156599e-06	2.91074491654467e-07
55.2071141323	-2.42163132810633e-06	1.6733422725012e-06	2.95446833063519e-07
55.316869826399994	-2.44394641881205e-06	1.69163415815959e-06	2.99861064332473e-07
55.4266255205	-2.46657075545875e-06	1.70922742453077e-06	3.043176709073e-07
55.5363812146	-2.48936809822252e-06	1.72664168784985e-06	3.08816721404503e-07
55.6461369087	-2.51238391111644e-06	1.74348519484641e-06	3.14290478285204e-07
55.755892602799996	-2.53557304685135e-06	1.75987060465649e-06	3.17911327569018e-07
55.8656482969	-2.55888789704351e-06	1.77578589230139e-06	3.22534191641303e-07
55.975403991	-2.5821993442165e-06	1.79126353056553e-06	3.27594489947981e-07
56.085159685099995	-2.60565707348754e-06	1.80640264678304e-06	3.31893867996272e-07
56.1949153792	-2.62892292449899e-06	1.82111621663285e-06	3.35615875929415e-07
56.3046710733	-2.65218637827018e-06	1.83550795499041e-06	3.41395103539909e-07
56.414426767399995	-2.6753429111198e-06	1.84955159476841e-06	3.46210080187012e-07
56.5241824615	-2.69844149557474e-06	1.86337503649054e-06	3.51067013606416e-07
56.6339381556	-2.72158338307887e-06	1.87691434578027e-06	3.55955697613719e-07
56.743693849699994	-2.74451988182084e-06	1.89017613429536e-06	3.60879788445477e-07
56.8534495438	-2.7675077994569e-06	1.90321962592059e-06	3.65795532148804e-07
56.9632052379	-2.79055757163475e-06	1.91611573371288e-06	3.70808944702356e-07
57.072960932	-2.81358043786945e-06	1.92895674852682e-06	3.75840493022232e-07
57.182716626099996	-2.83687951584513e-06	1.94137777873067e-06	3.80913285886576e-07
57.2924723202	-2.86034514860891e-06	1.95377306701831e-06	3.86030008877766e-07
57.4022280143	-2.88399521855675e-06	1.96621965690242e-06	3.91190926618898e-07
57.511983708399995	-2.90786501541685e-06	1.97855410180662e-06	3.96393921325199e-07
57.6217394025	-2.93190498010033e-06	1.99085281440027e-06	4.01634692833055e-07
57.7314950966	-2.95606158487355e-06	2.00305545096712e-06	4.06907780283404e-07
57.841250790699995	-2.98027295270524e-06	2.01519097322773e-06	4.12208117862958e-07
57.9510064848	-3.00456158176615e-06	2.02726902622123e-06	4.17532690332759e-07
58.0607621789	-3.02880451416782e-06	2.03929915854028e-06	4.22880911953158e-07
58.170517872999994	-3.05298134710701e-06	2.05135120819414e-06	4.28254234739581e-07
58.2802735671	-3.07746045911159e-06	2.06346428753606e-06	4.3365570784299e-07
58.3900292612	-3.10182731946978e-06	2.07559121285873e-06	4.39087970026456e-07
58.4997849553	-3.12657573846572e-06	2.08787949580552e-06	4.44551712701427e-07
58.609540649399996	-3.1513532270489e-06	2.10019950633632e-06	4.50044832958501e-07
58.7192963435	-3.17638600246274e-06	2.11256724740145e-06	4.55563226644489e-07
58.8290520376	-3.20183238714905e-06	2.1249123780514e-06	4.59712530669949e-07
58.938807731699995	-3.22766033301248e-06	2.13725811138163e-06	4.66584352423802e-07
59.0485634258	-3.25389833072879e-06	2.14952615405764e-06	4.72164144808392e-07
59.1583191199	-3.28065833427008e-06	2.16187760708053e-06	4.77772146740442e-07
59.268074813999995	-3.30807302222738e-06	2.17414779978039e-06	4.82882073478966e-07
59.3778305081	-3.33620330131704e-06	2.18638379587706e-06	4.8905188148086e-07
59.4875862022	-3.36505767048759e-06	2.19857951565675e-06	4.9477135272864e-07
59.597341896299994	-3.39461226834865e-06	2.21066697758362e-06	5.00524342321487e-07
59.7070975904	-3.42480423887998e-06	2.22257852143678e-06	5.06303440368693e-07
59.8168532845	-3.45556338733349e-06	2.23424809271714e-06	5.12100709147756e-07
59.9266089786	-3.48683856927782e-06	2.24561953601106e-06	5.1791107655844e-07
60.036364672699996	-3.5186132192747e-06	2.25670042183775e-06	5.23734318283736e-07
60.1461203668	-3.55089880751441e-06	2.26736396942758e-06	5.29573792164733e-07
60.2558760609	-3.58363826246853e-06	2.27774160730552e-06	5.35434786569387e-07
60.365631754999995	-3.61710923045639e-06	2.28778085414353e-06	5.41323546524962e-07
60.4753874491	-3.6513363252408e-06	2.29746588058572e-06	5.47239101895991e-07
60.5851431432	-3.68608758775029e-06	2.30663525157505e-06	5.53181366288844e-07
60.694898837299995	-3.72158277315303e-06	2.31528389886873e-06	5.5914919025982e-07
60.8046545314	-3.75777968700472e-06	2.32333686412534e-06	5.65209168700737e-07
60.9144102255	-3.79463552039719e-06	2.33072462490827e-06	5.71035830890699e-07
61.024165919599994	-3.83211519008859e-06	2.33742349085856e-06	5.77120774300468e-07
61.1339216137	-3.87023950978623e-06	2.34339330513514e-06	5.84483428495436e-07
61.2436773078	-3.90888947348801e-06	2.34851148629782e-06	5.88578291730774e-07
61.353433001899994	-3.94849587683805e-06	2.35286531281068e-06	5.95339297455048e-07
61.463188695999996	-3.98856236989106e-06	2.35641594238253e-06	6.01215473254213e-07
61.5729443901	-4.02920771050785e-06	2.35907905011836e-06	6.07626916275311e-07
61.6827000842	-4.07035819721861e-06	2.36078337877866e-06	6.13773814801426e-07
61.792455778299995	-4.11194655218285e-06	2.36148069991555e-06	6.1988969108139e-07
61.9022114724	-4.15391117764473e-06	2.36113581864505e-06	6.26142994606513e-07
62.0119671665	-4.19619500565267e-06	2.35966849650901e-06	6.32368900798781e-07
62.121722860599995	-4.23864194745332e-06	2.35714977110882e-06	6.38607041099395e-07
62.2314785547	-4.28149376251587e-06	2.3535798178678e-06	6.45191334434675e-07
62.3412342488	-4.32459343946665e-06	2.34883910079455e-06	6.51252787480338e-07
62.450989942899994	-4.36783262529526e-06	2.34299926478407e-06	6.57369514274553e-07
62.560745637	-4.41111567344208e-06	2.33578227878728e-06	6.63676632087938e-07
62.6705013311	-4.45464123396374e-06	2.32747689788121e-06	6.70000645330017e-07
62.780257025199994	-4.49817945556425e-06	2.31791049440034e-06	6.76339336286352e-07
62.890012719299996	-4.54166792796042e-06	2.30705828139316e-06	6.82689652367727e-07
62.9997684134	-4.58488141579132e-06	2.29489597195305e-06	6.89048932105238e-07
63.1095241075	-4.62798868563414e-06	2.28154697260581e-06	6.95417026624221e-07
63.219279801599995	-4.6708967261424e-06	2.26695869156779e-06	7.01796732996658e-07
63.3290354957	-4.71355645108165e-06	2.25098865528523e-06	7.08192340455639e-07
63.4387911898	-4.75597234815648e-06	2.23382131386047e-06	7.14606649051409e-07
63.548546883899995	-4.79796671629482e-06	2.21532112761979e-06	7.21038925178916e-07
63.658302578	-4.83960526964789e-06	2.19569247843836e-06	7.27485261881961e-07
63.7680582721	-4.88072741580399e-06	2.17474182157504e-06	7.33940216933783e-07
63.877813966199994	-4.92125845465961e-06	2.15249985495408e-06	7.40399440024429e-07
63.9875696603	-4.96102291280309e-06	2.12915899893429e-06	7.4686137772544e-07
64.0973253544	-5.00021590728473e-06	2.10450712069539e-06	7.53410624873754e-07
64.2070810485	-5.03848247807281e-06	2.07874778762621e-06	7.59817657871752e-07
64.3168367426	-5.07623555455746e-06	2.05201012084724e-06	7.66302909821413e-07
64.42659243669999	-5.11306767853744e-06	2.02418036362747e-06	7.72887833825288e-07
64.5363481308	-5.14912464977211e-06	1.99532343106064e-06	7.79346816342176e-07
64.6461038249	-5.18425543136367e-06	1.96544761957308e-06	7.85813260764534e-07
64.755859519	-5.21824547298469e-06	1.9346104088238e-06	7.92322797781135e-07
64.8656152131	-5.2512870242203e-06	1.90288296078498e-06	7.98827777019421e-07
64.9753709072	-5.28320350875361e-06	1.87013211466864e-06	8.0532846374387e-07
65.0851266013	-5.31398840367342e-06	1.83663124850094e-06	8.11828526799278e-07
65.19488229539999	-5.34374466727854e-06	1.8022706622446e-06	8.18333683746735e-07
65.3046379895	-5.37239336711614e-06	1.76719278349773e-06	8.24849528428982e-07
65.4143936836	-5.39991521208549e-06	1.73153583629195e-06	8.31378335217163e-07
65.5241493777	-5.42632730379123e-06	1.69517032023044e-06	8.37917534617737e-07
65.6339050718	-5.45158668292067e-06	1.6582219615025e-06	8.44460785265813e-07
65.7436607659	-5.47537050141083e-06	1.62065738965329e-06	8.51001526674706e-07
65.85341645999999	-5.49802167603646e-06	1.58262513506076e-06	8.57536616684446e-07
65.9631721541	-5.51926401271753e-06	1.54416666940509e-06	8.64068122567463e-07
66.0729278482	-5.53918223033166e-06	1.50553534388864e-06	8.70601413490151e-07
66.1826835423	-5.55790910177284e-06	1.46620520233477e-06	8.7781806745301e-07
66.2924392364	-5.57541013983379e-06	1.42676989511629e-06	8.84991354351162e-07
66.4021949305	-5.59163281669359e-06	1.38715185292941e-06	8.90986192265944e-07
66.51195062459999	-5.60659458016633e-06	1.34733951983135e-06	8.9755988538325e-07
66.62170631869999	-5.62022066555885e-06	1.30735352226109e-06	9.02545684814906e-07
66.7314620128	-5.63256326931691e-06	1.26735801559181e-06	9.1003888001514e-07
66.8412177069	-5.64361907367066e-06	1.22739474715083e-06	9.16573331906067e-07
66.950973401	-5.6534966224146e-06	1.18742465364049e-06	9.22998116683608e-07
67.0607290951	-5.66207189073906e-06	1.14749813881231e-06	9.29501935876734e-07
67.1704847892	-5.66945368555837e-06	1.10769143798743e-06	9.36048938477969e-07
67.28024048329999	-5.67572024067669e-06	1.06804462496885e-06	9.42597579336984e-07
67.3899961774	-5.68075522202773e-06	1.02861006122483e-06	9.49144169283111e-07
67.4997518715	-5.68474530411938e-06	9.89351627491154e-07	9.54787329418891e-07
67.6095075656	-5.68753488210958e-06	9.50350576706001e-07	9.61636719336777e-07
67.7192632597	-5.6893140919236e-06	9.11638649392756e-07	9.67994695474481e-07
67.8290189538	-5.68984854869866e-06	8.73222616750189e-07	9.74189456563127e-07
67.93877464789999	-5.68940299812316e-06	8.35149686207282e-07	9.80862421324867e-07
68.04853034199999	-5.68795453859391e-06	7.97435576677534e-07	9.87368078921162e-07
68.1582860361	-5.68553857574836e-06	7.60107772431094e-07	9.95673842395368e-07
68.2680417302	-5.68214973077286e-06	7.23172224887252e-07	1.00126205007223e-06
68.3777974243	-5.67780469388073e-06	6.86648140899543e-07	1.00774426894577e-06
68.4875531184	-5.67251816097288e-06	6.50554465971293e-07	1.01421480056553e-06
68.5973088125	-5.66630661712886e-06	6.14901986593326e-07	1.02067193413387e-06
68.70706450659999	-5.65923251009425e-06	5.79709376835441e-07	1.02711529740717e-06
68.8168202007	-5.65126162592641e-06	5.44953184905818e-07	1.0335458432221e-06
68.9265758948	-5.64244946864652e-06	5.10709414745822e-07	1.03996553219074e-06
69.0363315889	-5.63287250353851e-06	4.76847494637352e-07	1.04637586644914e-06
69.146087283	-5.62248568063137e-06	4.43485354720331e-07	1.0527768056141e-06
69.2558429771	-5.61131203051789e-06	4.10578112422315e-07	1.05916614215299e-06
69.36559867119999	-5.59933515057324e-06	3.7815177330854e-07	1.06626790777251e-06
69.47535436529999	-5.58657374036462e-06	3.46190709852094e-07	1.07263706463271e-06
69.5851100594	-5.57306217606563e-06	3.14690510375645e-07	1.07882887088105e-06
69.6948657535	-5.55875593437488e-06	2.83670301648798e-07	1.08522692154843e-06
69.8046214476	-5.54371143359149e-06	2.53130573610776e-07	1.09089832037365e-06
69.9143771417	-5.52791139804167e-06	2.23099742244817e-07	1.09720285673887e-06
70.0241328358	-5.51143650404372e-06	1.9351307347787e-07	1.1034987817097e-06
70.13388852989999	-5.49415417810641e-06	1.64443170396191e-07	1.10978381352921e-06
70.243644224	-5.4761217586778e-06	1.35863024247992e-07	1.11605458113631e-06
70.3533999181	-5.45730190539959e-06	1.07778268810258e-07	1.12230847829591e-06
70.4631556122	-5.43769155652947e-06	8.02013980276057e-08	1.12854535266997e-06
70.5729113063	-5.41731387209439e-06	5.31591275315935e-08	1.13476756589602e-06
70.6826670004	-5.39611825287403e-06	2.66257752934654e-08	1.14097809765799e-06
70.79242269449999	-5.37419770992025e-06	6.40583553502363e-10	1.14717939533415e-06
70.90217838859999	-5.35150555311363e-06	-2.47859062463309e-08	1.15486560505036e-06
71.0119340827	-5.32801530318407e-06	-4.96326569435351e-08	1.16029136547447e-06
71.1216897768	-5.3036949122017e-06	-7.38796667409779e-08	1.1664521591821e-06
71.2314454709	-5.27851892580545e-06	-9.75065752057696e-08	1.17288981172893e-06
71.341201165	-5.25246618741836e-06	-1.2050644039054e-07	1.17885773609139e-06
71.4509568591	-5.22558147306982e-06	-1.42820028400487e-07	1.18573027634955e-06
71.56071255319999	-5.19787632275272e-06	-1.6443036478792e-07	1.19077651991448e-06
71.6704682473	-5.16933496372442e-06	-1.85320738264241e-07	1.19702072679576e-06
71.7802239414	-5.13996101308185e-06	-2.05454383803935e-07	1.20314608067867e-06
71.8899796355	-5.10972997954703e-06	-2.24777114719773e-07	1.20921971599978e-06
71.9997353296	-5.07865225757198e-06	-2.43342245021777e-07	1.21452179054052e-06
72.1094910237	-5.04669695594523e-06	-2.61029513465069e-07	1.22048905263596e-06
72.21924671779999	-5.01392689308371e-06	-2.77826779189882e-07	1.22656680145964e-06
72.32900241189999	-4.98028708123468e-06	-2.93688106950716e-07	1.23259430704119e-06
72.438758106	-4.94582742737427e-06	-3.08574240654548e-07	1.23861419393853e-06
72.5485138001	-4.91055236313939e-06	-3.22450975983774e-07	1.24469603512525e-06
72.6582694942	-4.87448525063679e-06	-3.35277310746294e-07	1.25069810940978e-06
72.7680251883	-4.83760903511175e-06	-3.47013339603245e-07	1.25669072471851e-06
72.8777808824	-4.79992982541969e-06	-3.57608258481247e-07	1.26272493258276e-06
72.98753657649999	-4.76145533163277e-06	-3.67005511848814e-07	1.26863435993019e-06
73.0972922706	-4.72220813630013e-06	-3.75151072379213e-07	1.27460614764333e-06
73.2070479647	-4.68223398164594e-06	-3.81990355268085e-07	1.28051394104186e-06
73.3168036588	-4.64153347847337e-06	-3.87486830401571e-07	1.28646154153772e-06
73.4265593529	-4.60016271629848e-06	-3.91579035777466e-07	1.29240069827157e-06
73.536315047	-4.55814679973852e-06	-3.94225292669964e-07	1.29833114540273e-06
73.64607074109999	-4.51552288810815e-06	-3.95428399353531e-07	1.30425162166981e-06
73.75582643519999	-4.47237289368293e-06	-3.94954728785857e-07	1.31016069124626e-06
73.8655821293	-4.42867717985994e-06	-3.92937012440652e-07	1.31605724519194e-06
73.9753378234	-4.38449128464546e-06	-3.89263163824342e-07	1.32194136985813e-06
74.0850935175	-4.33988207128593e-06	-3.83879643374e-07	1.32781429497055e-06
74.1948492116	-4.2949111602834e-06	-3.76730750740355e-07	1.33367676049222e-06
74.3046049057	-4.24966184338301e-06	-3.67786439672336e-07	1.33952861753576e-06
74.41436059979999	-4.20414212977321e-06	-3.57000711762826e-07	1.34536871747006e-06
74.5241162939	-4.15845715069389e-06	-3.44327045007066e-07	1.35119559732389e-06
74.633871988	-4.11267391095881e-06	-3.2973085980625e-07	1.35700770491775e-06
74.7436276821	-4.06685683472824e-06	-3.13187505846268e-07	1.36280485649574e-06
74.8533833762	-4.02108775122045e-06	-2.94672305397225e-07	1.36858789804482e-06
74.9631390703	-3.97544298968763e-06	-2.74169600391697e-07	1.37435771981132e-06
75.07289476439999	-3.93001214589986e-06	-2.51665278449305e-07	1.38011443454965e-06
75.18265045849999	-3.88481579881564e-06	-2.27093317931664e-07	1.38585733474484e-06
75.2924061526	-3.84009389150333e-06	-2.00529691320593e-07	1.39158499643379e-06
75.4021618467	-3.79569988856496e-06	-1.71866712272578e-07	1.39729681932892e-06
75.5119175408	-3.75198054112824e-06	-1.41115710438782e-07	1.40299314828032e-06
75.6216732349	-3.70883468774358e-06	-1.08282113492642e-07	1.40867490272951e-06
75.731428929	-3.6664120859571e-06	-7.33688255549497e-08	1.41434185873685e-06
75.84118462309999	-3.62478645565179e-06	-3.63771531536123e-08	1.41999326259391e-06
75.9509403172	-3.58407140704008e-06	2.67369459666813e-09	1.42562864814762e-06
76.0606960113	-3.54435620909079e-06	4.37639577838214e-08	1.43124814747895e-06
76.1704517054	-3.50573734884084e-06	8.6879998089337e-08	1.4368514897385e-06
76.2802073995	-3.46832547831457e-06	1.32019677051815e-07	1.44247775073881e-06
76.3899630936	-3.43218034586917e-06	1.79147247793978e-07	1.44804429743129e-06
76.49971878769999	-3.39743017004946e-06	2.28247303812327e-07	1.45359223274604e-06
76.60947448179999	-3.36422415703406e-06	2.79108828305736e-07	1.45912180844821e-06
76.7192301759	-3.33257425305401e-06	3.32124211513164e-07	1.46474552668566e-06
76.82898587	-3.3025669684952e-06	3.86829937563936e-07	1.47020431006107e-06
76.9387415641	-3.27434115166888e-06	4.43302117543437e-07	1.47569342396117e-06
77.0484972582	-3.24797549676914e-06	5.01479927254682e-07	1.48116339779294e-06
77.1582529523	-3.22354386229186e-06	5.61299891555763e-07	1.48641123190648e-06
77.26800864639999	-3.20115807352057e-06	6.22726019308841e-07	1.49192415922496e-06
77.3777643405	-3.18085227413688e-06	6.85631945312458e-07	1.49732029810597e-06
77.4875200346	-3.16273614166342e-06	7.49963854296535e-07	1.50269523479979e-06
77.5972757287	-3.14689466360396e-06	8.15660241849106e-07	1.50805044222064e-06
77.7070314228	-3.13341380187032e-06	8.82587556682891e-07	1.51338741875908e-06
77.8167871169	-3.12247677933152e-06	9.50692595237898e-07	1.51870752418205e-06
77.92654281099999	-3.1139519504734e-06	1.01992313767918e-06	1.52401066240673e-06
78.03629850509999	-3.10807262726203e-06	1.08998979750178e-06	1.52929660966521e-06
78.1460541992	-3.10479666847224e-06	1.1610731712571e-06	1.53456552249279e-06
78.2558098933	-3.10425406808401e-06	1.23289162087875e-06	1.53981806904244e-06
78.3655655874	-3.10648278912756e-06	1.30537922743801e-06	1.54505500871678e-06
78.4753212815	-3.11151459556813e-06	1.37841882238902e-06	1.55027659988373e-06
78.5850769756	-3.11940584611968e-06	1.45188913419034e-06	1.55548290861349e-06
78.69483266969999	-3.13018633520908e-06	1.52565943248873e-06	1.56067388135854e-06
78.8045883638	-3.1438828194922e-06	1.59959883568628e-06	1.56588782997357e-06
78.9143440579	-3.16056853124013e-06	1.6736200119584e-06	1.57150689058121e-06
79.024099752	-3.18013682751397e-06	1.74753357871065e-06	1.57664040364964e-06
79.1338554461	-3.20262532291232e-06	1.82131831875873e-06	1.58175457992458e-06
79.2436111402	-3.22826219814676e-06	1.89458056395033e-06	1.58677214560799e-06
79.35336683429999	-3.25664168531926e-06	1.96747958160189e-06	1.59189493319663e-06
79.46312252839999	-3.28815140189597e-06	2.0397154816456e-06	1.596027918378e-06
79.5728782225	-3.32276509238192e-06	2.1112985064329e-06	1.60156881336118e-06
79.6826339166	-3.36039516094637e-06	2.18193383257647e-06	1.60663045786838e-06
79.7923896107	-3.40108950783374e-06	2.2515728064045e-06	1.61331693484687e-06
79.9021453048	-3.44485870802844e-06	2.31992080982048e-06	1.61755939442331e-06
80.0119009989	-3.49162124599943e-06	2.38697975044068e-06	1.62261693320274e-06
80.12165669299999	-3.54132674653991e-06	2.45253934406117e-06	1.62767356127814e-06
80.2314123871	-3.59387507508543e-06	2.51644129521872e-06	1.63272432128013e-06
80.3411680812	-3.64915429401179e-06	2.57853041391016e-06	1.63776172043019e-06
80.4509237753	-3.70704693625141e-06	2.63865599502805e-06	1.642778680468e-06
80.5606794694	-3.76743471562469e-06	2.69667372050429e-06	1.64777137467222e-06
80.6704351635	-3.83020631929084e-06	2.75245215462363e-06	1.65274050631854e-06
80.78019085759999	-3.89528426381009e-06	2.80585354007059e-06	1.65768978836957e-06
80.88994655169999	-3.96257313563182e-06	2.85684014270194e-06	1.66099070662641e-06
80.9997022458	-4.03206514752584e-06	2.9051272268699e-06	1.66673711438862e-06
81.1094579399	-4.1036576135732e-06	2.95073252479638e-06	1.67165971562641e-06
81.219213634	-4.17728720589994e-06	2.99349862986008e-06	1.67658051783681e-06
81.3289693281	-4.25286790076867e-06	3.03330327816146e-06	1.68150510151944e-06
81.4387250222	-4.3302420840303e-06	3.07001152449197e-06	1.68643898932508e-06
81.54848071629999	-4.4092816855438e-06	3.10352886776251e-06	1.69138668167424e-06
81.6582364104	-4.4897872785915e-06	3.13376309293654e-06	1.69634847242584e-06
81.7679921045	-4.57152900624435e-06	3.16062838828817e-06	1.70131936071991e-06
81.8777477986	-4.65425503676401e-06	3.18403698904043e-06	1.70628927769741e-06
81.9875034927	-4.73770927435151e-06	3.20391426002743e-06	1.71124630746005e-06
82.0972591868	-4.82164913663264e-06	3.22020127341673e-06	1.71618218754586e-06
82.20701488089999	-4.90582765169698e-06	3.23280728408069e-06	1.72109511490124e-06
82.31677057499999	-4.99010970128924e-06	3.24193081878156e-06	1.7252622433642e-06
82.4265262691	-5.07436783603902e-06	3.24727065122542e-06	1.73051447897341e-06
82.5362819632	-5.15844805620221e-06	3.24905001612759e-06	1.73540436622789e-06
82.6460376573	-5.24222668251691e-06	3.24722862926996e-06	1.74030178619963e-06
82.7557933514	-5.32555153134745e-06	3.24181914167767e-06	1.74520837357716e-06
82.8655490455	-5.4082463771769e-06	3.23284212896062e-06	1.75138223582579e-06
82.97530473959999	-5.49011375337247e-06	3.22033343307313e-06	1.75588527294041e-06
83.0850604337	-5.5709442981495e-06	3.20434291924546e-06	1.76081758159734e-06
83.1948161278	-5.65053303076559e-06	3.18493838408837e-06	1.76576306855347e-06
83.3045718219	-5.72866901247943e-06	3.16220425533729e-06	1.77072007405899e-06
83.414327516	-5.80513344846491e-06	3.13622948420281e-06	1.77568508154445e-06
83.5240832101	-5.87971460757998e-06	3.10710633994502e-06	1.78169968721383e-06
83.63383890419999	-5.95221333672625e-06	3.07493657584954e-06	1.78615427511573e-06
83.74359459829999	-6.02245446512626e-06	3.03983719076091e-06	1.79112651253894e-06
83.8533502924	-6.09029211996873e-06	3.00194706703781e-06	1.79614446629452e-06
83.9631059865	-6.15560944222239e-06	2.96141863542027e-06	1.80111814205884e-06
84.0728616806	-6.21820000793013e-06	2.91846991660039e-06	1.80419073670283e-06
84.1826173747	-6.27823912981572e-06	2.87311026619611e-06	1.81012471102373e-06
84.2923730688	-6.33541898087831e-06	2.8256167482963e-06	1.81512405194367e-06
84.40212876289999	-6.3896963365042e-06	2.77611897378654e-06	1.82004410108617e-06
84.511884457	-6.44097401783736e-06	2.72478842682489e-06	1.82512162231056e-06
84.6216401511	-6.48916106889774e-06	2.67180414250327e-06	1.83016900990278e-06
84.7313958452	-6.53418490625643e-06	2.61737946163573e-06	1.83439985485288e-06
84.8411515393	-6.57597479938299e-06	2.56169642726e-06	1.83994524164526e-06
84.9509072334	-6.61446790362728e-06	2.50494776801153e-06	1.84505072785563e-06
85.06066292749999	-6.64961839040668e-06	2.44732225082739e-06	1.85017315904799e-06
85.17041862159999	-6.68140001598792e-06	2.38900170633241e-06	1.85531193610188e-06
85.2801743157	-6.70981463736295e-06	2.33017252906011e-06	1.86046775720623e-06
85.3899300098	-6.73488972728213e-06	2.27102706927179e-06	1.86564273684335e-06
85.4996857039	-6.75665787535811e-06	2.21175577248926e-06	1.87084063625304e-06
85.609441398	-6.77513703249528e-06	2.15250173153658e-06	1.87598297195726e-06
85.71919709209999	-6.79043642388238e-06	2.0935238634177e-06	1.88127667003415e-06
85.82895278619999	-6.80255424252101e-06	2.03490326128993e-06	1.88655735108833e-06
85.9387084803	-6.8115347124614e-06	1.97682713730237e-06	1.89186430699094e-06
86.0484641744	-6.81740792428163e-06	1.91945566450856e-06	1.89719506445603e-06
86.1582198685	-6.82021527142142e-06	1.862950111467e-06	1.90254745359614e-06
86.2679755626	-6.81997425286826e-06	1.80745953814418e-06	1.90792069331e-06
86.3777312567	-6.81689681755626e-06	1.75313860816737e-06	1.91355986143261e-06
86.48748695079999	-6.81106111427448e-06	1.70011557609645e-06	1.91888334141343e-06
86.59724264489999	-6.80263002691498e-06	1.64852671023662e-06	1.92435341075793e-06
86.706998339	-6.79175162629591e-06	1.59850112632351e-06	1.92985849998564e-06
86.8167540331	-6.77854282450854e-06	1.55015798831892e-06	1.935399240377e-06
86.9265097272	-6.76307724526005e-06	1.50359352204972e-06	1.94097343077839e-06
87.0362654213	-6.74541481759591e-06	1.45888954321873e-06	1.94461256479271e-06
87.14602111539999	-6.72561335252427e-06	1.4161162529899e-06	1.95122444604135e-06
87.25577680949999	-6.70379384429171e-06	1.3753719985455e-06	1.95687823986665e-06
87.3655325036	-6.68008277495461e-06	1.33673533078576e-06	1.96241845563504e-06
87.4752881977	-6.65460597902586e-06	1.30022140639367e-06	1.96810849276059e-06
87.5850438918	-6.62772295859336e-06	1.26598875275255e-06	1.97383461858995e-06
87.6947995859	-6.59958931849757e-06	1.23402865712368e-06	1.97960197811113e-06
87.80455528	-6.57022422576613e-06	1.20436503691568e-06	1.98541169865688e-06
87.91431097409999	-6.53987406619892e-06	1.17698480507011e-06	1.99125940215091e-06
88.02406666819999	-6.50858114424338e-06	1.15190128809472e-06	1.99713737757051e-06
88.1338223623	-6.47640619538318e-06	1.12911863829683e-06	2.00303834620377e-06
88.2435780564	-6.44343303531481e-06	1.10864019374013e-06	2.00895857868356e-06
88.3533337505	-6.40982760869068e-06	1.09031641275276e-06	2.01489914873201e-06
88.4630894446	-6.37566279032613e-06	1.07453800652148e-06	2.02108515991412e-06
88.57284513869999	-6.34123796096205e-06	1.06103550817247e-06	2.02773975345432e-06
88.68260083279999	-6.30664674788358e-06	1.04962701236588e-06	2.03342188565979e-06
88.7923565269	-6.27200643829716e-06	1.04047219942496e-06	2.03950916752421e-06
88.902112221	-6.23739311428157e-06	1.03345799346326e-06	2.04562929143501e-06
89.0118679151	-6.20284862479314e-06	1.02852818438431e-06	2.05177857150119e-06
89.1216236092	-6.16841310116777e-06	1.02562801541684e-06	2.05795451704288e-06
89.2313793033	-6.13415977908299e-06	1.0247140494572e-06	2.06415687678393e-06
89.34113499739999	-6.10013741367328e-06	1.02573509350461e-06	2.0704716569521e-06
89.45089069149999	-6.06655091935915e-06	1.02871487296833e-06	2.07646554323345e-06
89.5606463856	-6.03333990739772e-06	1.03346344421166e-06	2.08284952933615e-06
89.6704020797	-6.00073525562148e-06	1.04005309346538e-06	2.08916478827504e-06
89.7801577738	-5.96876493531689e-06	1.04840167352621e-06	2.09551677010694e-06
89.8899134679	-5.93752797522865e-06	1.05841496566827e-06	2.10190236351662e-06
89.99966916199999	-5.90698250400815e-06	1.07005081328765e-06	2.10831703318553e-06
90.10942485609999	-5.87714885419649e-06	1.08324563071229e-06	2.11475626487342e-06
90.2191805502	-5.84804451064652e-06	1.09794708115123e-06	2.12121860654023e-06
90.3289362443	-5.83378487720254e-06	1.10583757730801e-06	2.1247216786983e-06
90.4386919384	-5.79216138008356e-06	1.13141697571513e-06	2.13585044210423e-06
90.5484476325	-5.76572492341199e-06	1.15040788846455e-06	2.14190946547903e-06
90.6582033266	-5.74030716747262e-06	1.17051114149912e-06	2.1485014995705e-06
90.76795902069999	-5.71567140846348e-06	1.19173824645662e-06	2.15513195905767e-06
90.87771471479999	-5.69210930997628e-06	1.21408937094983e-06	2.16182111665034e-06
90.9874704089	-5.66962552224758e-06	1.23747600213751e-06	2.16852584387387e-06
91.097226103	-5.64814373988795e-06	1.26182066979931e-06	2.17526663705612e-06
91.2069817971	-5.62767503431084e-06	1.28707935623079e-06	2.18204363821751e-06
91.3167374912	-5.60825312327077e-06	1.31321313319651e-06	2.18885761555526e-06
91.42649318529999	-5.58984728677972e-06	1.34021261291661e-06	2.1957092098207e-06
91.53624887939999	-5.57235601968168e-06	1.36793627276677e-06	2.20227595859323e-06
91.6460045735	-5.55586245999404e-06	1.39641662310964e-06	2.20933286626283e-06
91.7557602676	-5.5403491912376e-06	1.42557641195584e-06	2.2162933246815e-06
91.8655159617	-5.52580445571371e-06	1.4553713377619e-06	2.22329030305214e-06
91.9752716558	-5.5122505828494e-06	1.48582301624514e-06	2.23032367621082e-06
92.0850273499	-5.4996651618648e-06	1.51675860690661e-06	2.23739394125246e-06
92.19478304399999	-5.48797281271939e-06	1.54822840588362e-06	2.24446051621133e-06
92.30453873809999	-5.47725260664377e-06	1.58020736210089e-06	2.25163270902853e-06
92.4142944322	-5.4674674073007e-06	1.61265381532595e-06	2.25882733302188e-06
92.5240501263	-5.45859455667351e-06	1.64553821303636e-06	2.266066018071e-06
92.6338058204	-5.45060233458991e-06	1.6788432258245e-06	2.27334720702326e-06
92.7435615145	-5.44346045077592e-06	1.71255506887679e-06	2.28066814946333e-06
92.85331720859999	-5.43712464178718e-06	1.74663189941714e-06	2.28802666131136e-06
92.96307290269999	-5.43160254897682e-06	1.78111692982314e-06	2.29542237209034e-06
93.0728285968	-5.42686334716797e-06	1.81595900549854e-06	2.30285764731757e-06
93.1825842909	-5.42291061084029e-06	1.8511237139162e-06	2.31033666079683e-06
93.292339985	-5.41972091548746e-06	1.88664874187032e-06	2.31786464620274e-06
93.4020956791	-5.41729709088604e-06	1.92249315769328e-06	2.32544528860771e-06
93.5118513732	-5.41564084943472e-06	1.95867330393401e-06	2.33399164274149e-06
93.62160706729999	-5.41473684502371e-06	1.99520206006531e-06	2.34121552345973e-06
93.73136276139999	-5.41456950192109e-06	2.03208683880411e-06	2.34894644022805e-06
93.8411184555	-5.41510281040629e-06	2.0694139175082e-06	2.35672288737231e-06
93.9508741496	-5.41636702251062e-06	2.10709476759347e-06	2.36454480275112e-06
94.0606298437	-5.41840155976128e-06	2.14512159906309e-06	2.37241326076692e-06
94.1703855378	-5.42121371443382e-06	2.18356961025879e-06	2.38033100065705e-06
94.28014123189999	-5.4248150985575e-06	2.22243788715068e-06	2.38830178907706e-06
94.38989692599999	-5.42924671630851e-06	2.26178946298356e-06	2.39632867921132e-06
94.4996526201	-5.43449336540786e-06	2.30152777673712e-06	2.40441313674837e-06
94.6094083142	-5.44060585174046e-06	2.34159870647518e-06	2.41255486073444e-06
94.7191640083	-5.44754635445541e-06	2.3822616327468e-06	2.42075333165532e-06
94.8289197024	-5.45534954433637e-06	2.42332708509652e-06	2.42900880724292e-06
94.9386753965	-5.46411200783205e-06	2.46480787256977e-06	2.43732197987692e-06
95.04843109059999	-5.47385823259944e-06	2.50670632027041e-06	2.44569511217175e-06
95.15818678469999	-5.48462674848743e-06	2.54900942454267e-06	2.4541306419242e-06
95.2679424788	-5.49663657575615e-06	2.59176607567846e-06	2.46263045462464e-06
95.3776981729	-5.50958070505381e-06	2.63484821452513e-06	2.47119523244291e-06
95.487453867	-5.52374769609877e-06	2.67830247261852e-06	2.47982434310283e-06
95.5972095611	-5.53906092297984e-06	2.72198031099828e-06	2.48851710805824e-06
95.70696525519999	-5.55559733090271e-06	2.76612313812234e-06	2.49681866118681e-06
95.81672094929999	-5.57334268311042e-06	2.8104907071947e-06	2.50568416062374e-06
95.9264766434	-5.59235367069229e-06	2.85517703348827e-06	2.51454440026995e-06
96.0362323375	-5.612710105052e-06	2.8999521958306e-06	2.52349295694663e-06
96.1459880316	-5.63446814001898e-06	2.94490971404552e-06	2.53250734695705e-06
96.2557437257	-5.65766691231617e-06	2.98992170772887e-06	2.54158752938849e-06
96.3654994198	-5.68234764498087e-06	3.03500398981352e-06	2.55073128984987e-06
96.47525511389999	-5.70852628655273e-06	3.08005600463239e-06	2.55993525422504e-06
96.58501080799999	-5.73619216608004e-06	3.12503953986376e-06	2.56919655185709e-06
96.6947665021	-5.76543092666903e-06	3.16986241847528e-06	2.57851322838855e-06
96.8045221962	-5.79624421837223e-06	3.21448331759372e-06	2.58788478730729e-06
96.9142778903	-5.82864862732016e-06	3.25882286587733e-06	2.59731215051445e-06
97.0240335844	-5.86270257745042e-06	3.30281749095904e-06	2.60679705364226e-06
97.13378927849999	-5.89844042028138e-06	3.34639216881756e-06	2.61634045706737e-06
97.24354497259999	-5.93587463604855e-06	3.38946786226509e-06	2.62594170063215e-06
97.3533006667	-5.97500163780879e-06	3.43191310764804e-06	2.63559757053601e-06
97.4630563608	-6.01570214789218e-06	3.47369995850999e-06	2.64530399800293e-06
97.5728120549	-6.05810357103205e-06	3.51481837794499e-06	2.65505807785249e-06
97.682567749	-6.10208097257821e-06	3.55496195996441e-06	2.66485857623614e-06
97.7923234431	-6.14763814972397e-06	3.59420356733186e-06	2.67465841196672e-06
97.90207913719999	-6.19477113418098e-06	3.63243935254282e-06	2.68457375652268e-06
98.01183483129999	-6.24343976977774e-06	3.66965602612897e-06	2.69451036050258e-06
98.1215905254	-6.29366309642894e-06	3.70564499873464e-06	2.70449082833379e-06
98.2313462195	-6.34540926769436e-06	3.74038331516753e-06	2.71451560161737e-06
98.3411019136	-6.39864097700888e-06	3.77384826939103e-06	2.72458556013509e-06
98.4508576077	-6.45336957071602e-06	3.80583066941344e-06	2.73470197832376e-06
98.56061330179999	-6.50951162077048e-06	3.8363538770426e-06	2.74486599510346e-06
98.67036899589999	-6.56701938522542e-06	3.865298624088e-06	2.75507674110555e-06
98.78012469	-6.62582749100534e-06	3.89257193428273e-06	2.765331055631e-06
98.8898803841	-6.68591542482448e-06	3.91810861648392e-06	2.77562560024037e-06
98.9996360782	-6.74709227643407e-06	3.94177129994867e-06	2.7859568867596e-06
99.1093917723	-6.80928698846756e-06	3.96355598563302e-06	2.79632135470066e-06
99.2191474664	-6.87247050563736e-06	3.98333358562769e-06	2.80671663952465e-06
99.32890316049999	-6.93643456711212e-06	4.00112674957973e-06	2.81714318603055e-06
99.43865885459999	-7.00121140160985e-06	4.0168068115397e-06	2.82760364332623e-06
99.5484145487	-7.06656567504482e-06	4.03035312447353e-06	2.83810198500475e-06
99.6581702428	-7.13269906167411e-06	4.04166540120513e-06	2.84864233665598e-06
99.7679259369	-7.1993164165852e-06	4.05066362455062e-06	2.85922771067746e-06
99.877681631	-7.26636692182358e-06	4.05750083689927e-06	2.86985859452903e-06
99.98743732509999	-7.33379161519187e-06	4.06207619518859e-06	2.88053312373553e-06
100.09719301919999	-7.40136681975779e-06	4.06433028105252e-06	2.89124813417274e-06
100.2069487133	-7.46901346905337e-06	4.06425713806023e-06	2.90200069190994e-06
100.3167044074	-7.5366008278949e-06	4.06184638397323e-06	2.91278860415677e-06
100.4264601015	-7.60399902710622e-06	4.05710105282305e-06	2.92360986655327e-06
100.5362157956	-7.67108844801386e-06	4.05002737428873e-06	2.93446200159413e-06
100.6459714897	3.03627755444543e-06	-4.45033735227138e-06	-3.85855600806107e-06
100.75572718379999	3.62513588253373e-06	-4.46025353342115e-06	-3.90005454301283e-06
100.86548287789999	4.21501594786382e-06	-4.45275632237645e-06	-3.94182415312149e-06
100.975238572	4.80538385433131e-06	-4.42796291841976e-06	-3.98386889988413e-06
101.0849942661	5.39573458310292e-06	-4.38598493087345e-06	-4.02619407172569e-06
101.1947499602	5.98558625146888e-06	-4.32696221038778e-06	-4.068802116453e-06
101.3045056543	6.57445391211403e-06	-4.25104622594502e-06	-4.11169227960816e-06
101.41426134839999	7.16184108773075e-06	-4.15839379944132e-06	-4.15486155465509e-06
101.52401704249999	7.74725243756337e-06	-4.04917346146615e-06	-4.19830686207639e-06
101.6337727366	8.33022112780225e-06	-3.92356497965549e-06	-4.24202583814319e-06
101.7435284307	8.91023575363849e-06	-3.78175799922251e-06	-4.28601680501904e-06
101.8532841248	9.4869498907574e-06	-3.62395539427128e-06	-4.33027991114053e-06
101.9630398189	1.00598445575621e-05	-3.45040743643753e-06	-4.37481539641904e-06
102.072795513	1.0628530613561e-05	-3.26137125733838e-06	-4.41962148836855e-06
102.18255120709999	1.11926259905619e-05	-3.05711355982402e-06	-4.46469713923136e-06
102.29230690119999	1.17517533475683e-05	-2.83790724672367e-06	-4.51004068695908e-06
102.4020625953	1.23056367569207e-05	-2.60402018757698e-06	-4.55565229071543e-06
102.5118182894	1.28539289305704e-05	-2.35572638776927e-06	-4.60153280127667e-06
102.6215739835	1.33963307354695e-05	-2.09328669746724e-06	-4.64768385605389e-06
102.7313296776	1.3932556849118e-05	-1.81697952017473e-06	-4.69410639941617e-06
102.84108537169999	1.44623337486138e-05	-1.52708990829221e-06	-4.74079991382038e-06
102.95084106579999	1.49854097799538e-05	-1.22389780399281e-06	-4.78776326607494e-06
103.0605967599	1.55015489302035e-05	-9.07689245436276e-07	-4.83499341882159e-06
103.170352454	1.60105854909647e-05	-5.78803016721639e-07	-4.88248867299e-06
103.2801081481	1.65121355056597e-05	-2.37380958054379e-07	-4.93024881445024e-06
103.3898638422	1.70061784913827e-05	1.16211301519286e-07	-4.97827053484903e-06
103.49961953629999	1.74924891258267e-05	4.81729960815483e-07	-5.02664567446329e-06
103.60937523039999	1.79709036211511e-05	8.58870894457552e-07	-5.07512907671199e-06
103.71913092449999	1.84412250909834e-05	1.24750115704039e-06	-5.12391132814774e-06
103.8288866186	1.89033320382754e-05	1.64728281144468e-06	-5.17273574410429e-06
103.9386423127	1.93571290305026e-05	2.05800341171821e-06	-5.22208447268255e-06
104.0483980068	1.98024129711393e-05	2.47945267343019e-06	-5.27160908954646e-06
104.1581537009	2.00218400888676e-05	2.69413538404797e-06	-5.29646122383333e-06
104.26790939499999	2.00218400888676e-05	2.69413538404797e-06	-5.29646122383333e-06
104.37766508909999	2.00218400888676e-05	2.69413538404797e-06	-5.29646122383333e-06
104.4874207832	2.00218400888676e-05	2.69413538404797e-06	-5.29646122383333e-06
104.5971764773	2.00218400888676e-05	2.69413538404797e-06	-5.29646122383333e-06
104.7069321714	2.00218400888676e-05	2.69413538404797e-06	-5.29646122383333e-06
104.8166878655	2.00218400888676e-05	2.69413538404797e-06	-5.29646122383333e-06
104.92644355959999	2.00218400888676e-05	2.69413538404797e-06	-5.29646122383333e-06
105.03619925369999	2.00218400888676e-05	2.69413538404797e-06	-5.29646122383333e-06
105.14595494779999	2.00218400888676e-05	2.69413538404797e-06	-5.29646122383333e-06
105.2557106419	2.00218400888676e-05	2.69413538404797e-06	-5.29646122383333e-06
105.365466336	2.00218400888676e-05	2.69413538404797e-06	-5.29646122383333e-06
105.4752220301	2.00218400888676e-05	2.69413538404797e-06	-5.29646122383333e-06
105.5849777242	2.00218400888676e-05	2.69413538404797e-06	-5.29646122383333e-06
105.69473341829999	2.00218400888676e-05	2.69413538404797e-06	-5.29646122383333e-06
105.80448911239999	2.00218400888676e-05	2.69413538404797e-06	-5.29646122383333e-06
105.9142448065	2.00218400888676e-05	2.69413538404797e-06	-5.29646122383333e-06
106.0240005006	2.00218400888676e-05	2.69413538404797e-06	-5.29646122383333e-06
106.1337561947	2.00218400888676e-05	2.69413538404797e-06	-5.29646122383333e-06
106.2435118888	2.00218400888676e-05	2.69413538404797e-06	-5.29646122383333e-06
106.35326758289999	2.00218400888676e-05	2.69413538404797e-06	-5.29646122383333e-06
106.46302327699999	2.00218400888676e-05	2.69413538404797e-06	-5.29646122383333e-06
106.57277897109999	2.00218400888676e-05	2.69413538404797e-06	-5.29646122383333e-06
106.6825346652	2.00218400888676e-05	2.69413538404797e-06	-5.29646122383333e-06
106.7922903593	2.00218400888676e-05	2.69413538404797e-06	-5.29646122383333e-06
106.9020460534	2.00218400888676e-05	2.69413538404797e-06	-5.29646122383333e-06
107.0118017475	2.00218400888676e-05	2.69413538404797e-06	-5.29646122383333e-06
107.12155744159999	2.00218400888676e-05	2.69413538404797e-06	-5.29646122383333e-06
107.23131313569999	2.00218400888676e-05	2.69413538404797e-06	-5.29646122383333e-06
107.3410688298	2.00218400888676e-05	2.69413538404797e-06	-5.29646122383333e-06
107.4508245239	2.00218400888676e-05	2.69413538404797e-06	-5.29646122383333e-06
107.560580218	2.00218400888676e-05	2.69413538404797e-06	-5.29646122383333e-06
107.6703359121	-7.43585717292455e-06	6.0673896133716e-07	4.12488826597382e-06
107.78009160619999	-7.43585717292455e-06	6.0673896133716e-07	4.12488826597382e-06
107.88984730029999	-7.43585717292455e-06	6.0673896133716e-07	4.12488826597382e-06
107.9996029944	-7.43585717292455e-06	6.0673896133716e-07	4.12488826597382e-06
108.1093586885	-7.43585717292455e-06	6.0673896133716e-07	4.12488826597382e-06
108.2191143826	-7.43585717292455e-06	6.0673896133716e-07	4.12488826597382e-06
108.3288700767	-7.43585717292455e-06	6.0673896133716e-07	4.12488826597382e-06
108.4386257708	-7.43585717292455e-06	6.0673896133716e-07	4.12488826597382e-06
108.54838146489999	-7.43585717292455e-06	6.0673896133716e-07	4.12488826597382e-06
108.65813715899999	-7.43585717292455e-06	6.0673896133716e-07	4.12488826597382e-06
108.7678928531	-7.43585717292455e-06	6.0673896133716e-07	4.12488826597382e-06
108.8776485472	-7.43585717292455e-06	6.0673896133716e-07	4.12488826597382e-06
108.9874042413	-7.43585717292455e-06	6.0673896133716e-07	4.12488826597382e-06
109.0971599354	-7.43585717292455e-06	6.0673896133716e-07	4.12488826597382e-06
109.20691562949999	-7.43585717292455e-06	6.0673896133716e-07	4.12488826597382e-06
109.31667132359999	-7.43585717292455e-06	6.0673896133716e-07	4.12488826597382e-06
109.4264270177	-7.43585717292455e-06	6.0673896133716e-07	4.12488826597382e-06
109.5361827118	-7.43585717292455e-06	6.0673896133716e-07	4.12488826597382e-06
109.6459384059	-7.43585717292455e-06	6.0673896133716e-07	4.12488826597382e-06
109.7556941	-7.43585717292455e-06	6.0673896133716e-07	4.12488826597382e-06
109.8654497941	-7.43585717292455e-06	6.0673896133716e-07	4.12488826597382e-06
109.97520548819999	-7.43585717292455e-06	6.0673896133716e-07	4.12488826597382e-06
110.08496118229999	-7.43585717292455e-06	6.0673896133716e-07	4.12488826597382e-06
110.1947168764	-7.43585717292455e-06	6.0673896133716e-07	4.12488826597382e-06
110.3044725705	-7.43585717292455e-06	6.0673896133716e-07	4.12488826597382e-06
110.4142282646	-7.43585717292455e-06	6.0673896133716e-07	4.12488826597382e-06
110.5239839587	-7.43585717292455e-06	6.0673896133716e-07	4.12488826597382e-06
110.63373965279999	-7.43585717292455e-06	6.0673896133716e-07	4.12488826597382e-06
110.74349534689999	-7.43585717292455e-06	6.0673896133716e-07	4.12488826597382e-06
110.853251041	-7.43585717292455e-06	6.0673896133716e-07	4.12488826597382e-06
110.9630067351	-7.43585717292455e-06	6.0673896133716e-07	4.12488826597382e-06
111.0727624292	-7.43585717292455e-06	6.0673896133716e-07	4.12488826597382e-06
111.1825181233	-7.43585717292455e-06	6.0673896133716e-07	4.12488826597382e-06
111.2922738174	-7.36011850588249e-06	6.0494500644615e-07	4.13769201301765e-06
111.40202951149999	-7.28289814370999e-06	6.05760235479078e-07	4.14844661918495e-06
111.51178520559999	-7.20422884558463e-06	6.09316514856197e-07	4.16223517663773e-06
111.6215408997	-7.12424956030435e-06	6.15698490720274e-07	4.17545589846387e-06
111.7312965938	-7.04301609533918e-06	6.25035855707687e-07	4.18818570567607e-06
111.8410522879	-6.96061865107459e-06	6.37453366369396e-07	4.20090033882699e-06
111.950807982	-6.87717565054115e-06	6.53032671517383e-07	4.21359314968693e-06
112.06056367609999	-6.79279298974705e-06	6.71894914398896e-07	4.22627020797554e-06
112.17031937019999	-6.70759994033674e-06	6.94132639806048e-07	4.23892943972992e-06
112.2800750643	-6.62173896671089e-06	7.19836402018394e-07	4.25157154261817e-06
112.3898307584	-6.53535899188821e-06	7.49087574849379e-07	4.26419764440203e-06
112.4995864525	-6.44861968420629e-06	7.81954432951868e-07	4.27680960237222e-06
112.6093421466	-6.36168733788447e-06	8.18494192188423e-07	4.28941055267839e-06
112.7190978407	-6.27468074812359e-06	8.58782486211939e-07	4.30200418750767e-06
112.82885353479999	-6.18788088220649e-06	9.02786175534358e-07	4.31459431876679e-06
112.93860922889999	-6.10136449617998e-06	9.50602273101461e-07	4.32718450444954e-06
113.048364923	-6.015324723614e-06	1.00224804726859e-06	4.33977761673585e-06
113.1581206171	-5.92993447151081e-06	1.05774664109759e-06	4.3523765880883e-06
113.2678763112	-5.84536957289169e-06	1.11710619939913e-06	4.36498307070363e-06
113.3776320053	-5.76180563410904e-06	1.18032898507458e-06	4.37759838267464e-06
113.48738769939999	-5.67942044703659e-06	1.24741562814606e-06	4.39022282146838e-06
113.59714339349999	-5.59838836514206e-06	1.31835375669382e-06	4.402857333997e-06
113.7068990876	-5.51889095589273e-06	1.39311730615227e-06	4.41550085626784e-06
113.8166547817	-5.44111834041922e-06	1.47167518707576e-06	4.42815224389702e-06
113.9264104758	-5.36525183074685e-06	1.5539911570141e-06	4.44080930758455e-06
114.0361661699	-5.29146342957181e-06	1.6400122625205e-06	4.45346901833552e-06
114.145921864	-5.21992934610383e-06	1.72966300751514e-06	4.46612917089099e-06
114.25567755809999	-5.15082827733903e-06	1.8228585998005e-06	4.47878863537924e-06
114.36543325219999	-5.08433597740405e-06	1.919508570223e-06	4.49144766859621e-06
114.4751889463	-5.02062721029649e-06	2.01951506176693e-06	4.5039747428353e-06
114.5849446404	-4.95986158015409e-06	2.12276526835388e-06	4.51663252447544e-06
114.6947003345	-4.9021886739018e-06	2.22914025904076e-06	4.52929271802545e-06
114.8044560286	-4.84775139784048e-06	2.33851262780122e-06	4.54195677271178e-06
114.91421172269999	-4.79668046068664e-06	2.45074208624872e-06	4.55462770771537e-06
115.02396741679999	-4.74909539955349e-06	2.56567386027654e-06	4.56730850939412e-06
115.1337231109	-4.7051086836156e-06	2.68315270783314e-06	4.58000243204718e-06
115.243478805	-4.66481594733983e-06	2.80302193698556e-06	4.5927101351392e-06
115.3532344991	-4.62831078388468e-06	2.92512878999237e-06	4.60542889414888e-06
115.4629901932	-4.59566978536534e-06	3.0493118928054e-06	4.61815173060053e-06
115.5727458873	-4.56696278259315e-06	3.17540718126099e-06	4.63086867730796e-06
115.68250158139999	-4.54225231275915e-06	3.30325001056487e-06	4.64356960287205e-06
115.79225727549999	-4.52160121735397e-06	3.43267143442359e-06	4.65624668829303e-06
115.9020129696	-4.50506858180906e-06	3.56350174425233e-06	4.66889702026761e-06
116.0117686637	-4.49270742399513e-06	3.6955792395556e-06	4.68152332255377e-06
116.1215243578	-4.48455613541659e-06	3.8287569339008e-06	4.69413209739322e-06
116.2312800519	-4.48052227290137e-06	3.96286711125498e-06	4.70673044263326e-06
116.34103574599999	-4.48090989233299e-06	4.0978292630253e-06	4.71932209251389e-06
116.45079144009999	-4.48550558155488e-06	4.23342608085444e-06	4.73190603378888e-06
116.5605471342	-4.49439283221858e-06	4.36950205030612e-06	4.74447691614407e-06
116.6703028283	-4.50759478524893e-06	4.505885978464e-06	4.75702886054576e-06
116.7800585224	-4.52512112817686e-06	4.64241450237337e-06	4.7695589625219e-06
116.8898142165	-4.54697004198149e-06	4.778930409004e-06	4.78207216203789e-06
116.9995699106	-4.57313529089278e-06	4.9152848533552e-06	4.79458016329701e-06
117.10932560469999	-4.60353508571037e-06	5.05131168428568e-06	4.80709874283396e-06
117.21908129879999	-4.63833285818351e-06	5.18693024480636e-06	4.81789116628492e-06
117.3288369929	-4.67741299011576e-06	5.32197610679459e-06	4.83134351661512e-06
117.438592687	-4.72072966795492e-06	5.45630021588324e-06	4.84570148768896e-06
117.5483483811	-4.76821894852682e-06	5.58973842912688e-06	4.8574487733742e-06
117.6581040752	-4.81981382861301e-06	5.72211590610379e-06	4.87006866932703e-06
117.76785976929999	-4.87561744817874e-06	5.85333204391683e-06	4.88267180493165e-06
117.87761546339999	-4.93503146338263e-06	5.98307545762957e-06	4.89524855408292e-06
117.9873711575	-4.99851459075575e-06	6.11139309379892e-06	4.90780012819587e-06
118.0971268516	-5.06583487704717e-06	6.23813101803561e-06	4.92033706550714e-06
118.2068825457	-5.13693290233369e-06	6.36320671746549e-06	4.93112271525327e-06
118.3166382398	-5.21175274492777e-06	6.48653100886333e-06	4.94454816192891e-06
118.4263939339	-5.29023648566916e-06	6.60800509915769e-06	4.95710186864474e-06
118.53614962799999	-5.37230185235035e-06	6.72751402627234e-06	4.96965888234667e-06
118.64590532209999	-5.45786448263899e-06	6.84493343675609e-06	4.98220669828682e-06
118.7556610162	-5.54683967896774e-06	6.9601478088768e-06	4.9947366777231e-06
118.8654167103	-5.63914013206757e-06	7.07306773043233e-06	5.00724401877014e-06
118.9751724044	-5.73468333291772e-06	7.18362153379721e-06	5.01973050471489e-06
119.0849280985	-5.83339001940889e-06	7.29174162308439e-06	5.03221401300456e-06
119.19468379259999	-5.93520037626127e-06	7.3973074391161e-06	5.04470730372792e-06
119.30443948669999	-6.04001718562958e-06	7.50036932716086e-06	5.0572236789633e-06
119.4141951808	-6.14778286001851e-06	7.60079741883323e-06	5.06976801798309e-06
119.5239508749	-6.25841639376705e-06	7.69851038879395e-06	5.08233726799695e-06
119.633706569	-6.37182969876638e-06	7.79342041197314e-06	5.09492237455564e-06
119.7434622631	-6.48792041763777e-06	7.8854419187573e-06	5.10751325860595e-06
119.8532179572	-6.60660797832486e-06	7.97449112686923e-06	5.12010311998161e-06
119.96297365129999	-6.72779496900996e-06	8.06050013576235e-06	5.13269167178246e-06
120.07272934539999	-6.851394904462e-06	8.14342341381212e-06	5.14528383686061e-06
120.1824850395	-6.97733113479937e-06	8.22323042072343e-06	5.15811319241202e-06
120.2922407336	-7.10559146257441e-06	8.2997160777635e-06	5.17073911891684e-06
120.4019964277	-7.23596644682312e-06	8.37329164649827e-06	5.18293675164653e-06
120.5117521218	-7.36850179523897e-06	8.44355668956336e-06	5.19562033305187e-06
120.62150781589999	-7.50309783516646e-06	8.51053877870104e-06	5.20833446630525e-06
120.73126350999999	-7.63967661389274e-06	8.57417130118045e-06	5.22107612017431e-06
120.8410192041	-7.77815854712252e-06	8.63439490791061e-06	5.23384327399153e-06
120.9507748982	-7.91847020578724e-06	8.69115868093264e-06	5.24663633562163e-06
121.0605305923	-8.06054388062577e-06	8.74442547928953e-06	5.25945855360796e-06
121.1702862864	-8.20431129435878e-06	8.79416547521675e-06	5.27231576366171e-06
121.2800419805	-8.34967050607641e-06	8.84033618544408e-06	5.28521431102611e-06
121.38979767459999	-8.49667724058498e-06	8.88290898105507e-06	5.29815896455993e-06
121.49955336869999	-8.64516609972407e-06	8.92181170420333e-06	5.31115049411351e-06
121.6093090628	-8.79507812921522e-06	8.95698097595481e-06	5.32418548801818e-06
121.7190647569	-8.94631998126145e-06	8.9883548217305e-06	5.33725646094968e-06
121.828820451	-9.0987810652673e-06	9.01588289631725e-06	5.35035515347214e-06
121.9385761451	-9.25247787087573e-06	9.03951656503692e-06	5.36347520600089e-06
122.04833183919999	-9.40698999851317e-06	9.05920716773987e-06	5.37661521347703e-06
122.15808753329999	-9.5624843633521e-06	9.07490597736763e-06	5.38977779751434e-06
122.2678432274	-9.71883118018462e-06	9.08657134356224e-06	5.40296809736368e-06
122.3775989215	-9.87596258925078e-06	9.09415781590487e-06	5.41618968382142e-06
122.4873546156	-1.00337964278289e-05	9.0976197911819e-06	5.4294442026289e-06
122.5971103097	-1.01922398124122e-05	9.09690548580256e-06	5.44273152567799e-06
122.70686600379999	-1.03511912480887e-05	9.09195606602102e-06	5.45604912375598e-06
122.81662169789999	-1.05105513940412e-05	9.08270647487146e-06	5.46939341922851e-06
122.92637739199999	-1.06702239423096e-05	9.06909268532084e-06	5.48276149142439e-06
123.0361330861	-1.08300986504962e-05	9.05105812326303e-06	5.49615175471196e-06
123.1458887802	-1.09900605122628e-05	9.02855857876773e-06	5.50956487140574e-06
123.2556444743	-1.11499883916002e-05	9.00154875796948e-06	5.52300391922363e-06
123.3654001684	-1.13097320020038e-05	8.96998077582405e-06	5.53647281964586e-06
123.47515586249999	-1.14692107675198e-05	8.93384138633107e-06	5.54997454339033e-06
123.58491155659999	-1.16282580316352e-05	8.89308527359047e-06	5.56351095272314e-06
123.6946672507	-1.17867354784334e-05	8.84767920348758e-06	5.57708184779143e-06
123.8044229448	-1.19444899812496e-05	8.79759367414866e-06	5.59068536602632e-06
123.9141786389	-1.21013660997228e-05	8.7428029298786e-06	5.60431825514027e-06
124.023934333	-1.22572000396332e-05	8.68328658517216e-06	5.61797749263512e-06
124.13369002709999	-1.24118232777795e-05	8.6190372552102e-06	5.63166056949861e-06
124.24344572119999	-1.25650732771798e-05	8.55005023762695e-06	5.64536533453072e-06
124.35320141529999	-1.27167945663031e-05	8.47633120176607e-06	5.65909068804037e-06
124.4629571094	-1.28668353207489e-05	8.3979109735431e-06	5.67283871893194e-06
124.5727128035	-1.30150828694451e-05	8.3147652190644e-06	5.68661303332951e-06
124.6824684976	-1.31613824511867e-05	8.22693625627046e-06	5.70041636644067e-06
124.7922241917	-1.33055805126188e-05	8.13444830491521e-06	5.71424890302663e-06
124.90197988579999	-1.34475066924237e-05	8.0373220587203e-06	5.72810976142844e-06
125.01173557989999	-1.35870404208814e-05	7.93558962072307e-06	5.74199920797347e-06
125.121491274	-1.37238934393275e-05	7.8292617916618e-06	5.75591918167161e-06
125.2312469681	-1.38579553810045e-05	7.71838999254017e-06	5.76987351808465e-06
125.3410026622	-1.39890310738565e-05	7.60306863988213e-06	5.78386555752413e-06
125.4507583563	-1.41170182714762e-05	7.48329891611601e-06	5.79789734009387e-06
125.56051405039999	-1.42417116107425e-05	7.35918749955857e-06	5.81196845168453e-06
125.67026974449999	-1.43629205591528e-05	7.23080861074078e-06	5.82607615707535e-06
125.78002543859999	-1.44804448362404e-05	7.09824487565248e-06	5.8402158651022e-06
125.8897811327	-1.45940904021985e-05	6.9615911099269e-06	5.85438309495679e-06
125.9995368268	-1.47036794138237e-05	6.82096043701203e-06	5.86857374747046e-06
126.1092925209	-1.48090506914437e-05	6.676478963736e-06	5.88176686786928e-06
126.219048215	-1.49100428774561e-05	6.52833948660343e-06	5.89650643095733e-06
126.32880390909999	-1.50065333685028e-05	6.37657005853805e-06	5.9107558631229e-06
126.43855960319999	-1.50983614039602e-05	6.22137712009984e-06	5.92502557226669e-06
126.5483152973	-1.51853868094463e-05	6.06291204486564e-06	5.93931643947579e-06
126.6580709914	-1.52674821538246e-05	5.90132112769956e-06	5.95362990038861e-06
126.7678266855	-1.5344541803857e-05	5.73675053976436e-06	5.96796852665723e-06
126.8775823796	-1.54164703534205e-05	5.56935488887792e-06	5.98233468085781e-06
126.98733807369999	-1.54831717298774e-05	5.39929500560783e-06	5.99672917317778e-06
127.09709376779999	-1.55445426902288e-05	5.22672742621887e-06	6.01115235746042e-06
127.20684946189999	-1.56004222197363e-05	5.05198660070096e-06	6.02560621020519e-06
127.316605156	-1.56508479359381e-05	4.87479842864199e-06	6.04009438433488e-06
127.4263608501	-1.56956164587195e-05	4.69569436431784e-06	6.05461878702038e-06
127.5361165442	-1.57346682082239e-05	4.51476917704055e-06	6.06917920758618e-06
127.6458722383	-1.57679183374687e-05	4.33221052886801e-06	6.08377375615719e-06
127.75562793239999	-1.57952863938203e-05	4.14821379956875e-06	6.09839926755355e-06
127.86538362649999	-1.58166943002625e-05	3.96298130504745e-06	6.1130529770383e-06
127.9751393206	-1.58320689926942e-05	3.77672056456774e-06	6.1277323112833e-06
128.08489501469998	-1.5841345955603e-05	3.58963785832193e-06	6.14243446032629e-06
128.1946507088	-1.58444651558143e-05	3.4019441605122e-06	6.15715712016497e-06
128.30440640289999	-1.58413805996081e-05	3.21385111395801e-06	6.17189869573312e-06
128.414162097	-1.58320664811988e-05	3.02556255418696e-06	6.18665819290577e-06
128.5239177911	-1.58165341677633e-05	2.83728971795351e-06	6.20144548474844e-06
128.6336734852	-1.57947934071929e-05	2.64924225264271e-06	6.21625881787431e-06
128.7434291793	-1.57667900470039e-05	2.46162861884987e-06	6.23110490036222e-06
128.85318487339998	-1.57327443265523e-05	2.274674512447e-06	6.24598700448566e-06
128.9629405675	-1.56925322621067e-05	2.08855260702748e-06	6.26090863817127e-06
129.0726962616	-1.56462472076641e-05	1.90346717923839e-06	6.27587352857843e-06
129.1824519557	-1.55939496135906e-05	1.71961090505821e-06	6.29088410479455e-06
129.2922076498	-1.55357027144421e-05	1.5371718668163e-06	6.30594073758471e-06
129.4019633439	-1.54715708840437e-05	1.35633349288619e-06	6.32104230597235e-06
129.511719038	-1.54016125975276e-05	1.17727524127189e-06	6.33618623881309e-06
129.62147473209998	-1.53258710265619e-05	1.00017682917452e-06	6.35136809834535e-06
129.7312304262	-1.52443842192516e-05	8.25212757474346e-07	6.36658212452413e-06
129.8409861203	-1.51571919274201e-05	6.52549708716658e-07	6.38182200654531e-06
129.9507418144	-1.50643535409106e-05	4.823495512089e-07	6.39708315844313e-06
130.0604975085	-1.49660023012207e-05	3.14713381526972e-07	6.4123631239984e-06
130.1702532026	-1.48620525003872e-05	1.49963978495902e-07	6.42766287908337e-06
130.2800088967	-1.47527130703928e-05	-1.18809480653329e-08	6.44298454440472e-06
130.38976459079998	-1.46380500805978e-05	-1.70644654850026e-07	6.45832994598693e-06
130.4995202849	-1.45181808527588e-05	-3.26182705907551e-07	6.47370010818133e-06
130.609275979	-1.43932246270609e-05	-4.78343664999355e-07	6.48909733541838e-06
130.7190316731	-1.42632934079849e-05	-6.26974116416755e-07	6.50452478081535e-06
130.8287873672	-1.41285023474176e-05	-7.71935549559277e-07	6.51998516234546e-06
130.93854306129998	-1.39889807332405e-05	-9.13094988797975e-07	6.53548000769744e-06
131.0482987554	-1.38448351112529e-05	-1.05033649816646e-06	6.55100785039722e-06
131.15805444949999	-1.3696186345728e-05	-1.18352514905506e-06	6.56656663526975e-06
131.2678101436	-1.35431405850749e-05	-1.31256065276575e-06	6.58215367478372e-06
131.3775658377	-1.33858070839552e-05	-1.43734411422164e-06	6.59776496785276e-06
131.4873215318	-1.32243023683748e-05	-1.55777076151392e-06	6.61339479048315e-06
131.5970772259	-1.30587413640319e-05	-1.67373228945064e-06	6.62903668203216e-06
131.70683291999998	-1.28892356561648e-05	-1.78512880695676e-06	6.64468559263192e-06
131.8165886141	-1.27158995860839e-05	-1.89187087741657e-06	6.6603396799289e-06
131.9263443082	-1.25388499597892e-05	-1.9938800418587e-06	6.67599930222265e-06
132.0361000023	-1.23581986337736e-05	-2.09109354562754e-06	6.69166579140121e-06
132.1458556964	-1.21740547317797e-05	-2.18345621202853e-06	6.70733929159853e-06
132.2556113905	-1.19865161736286e-05	-2.27091268968004e-06	6.72301851832874e-06
132.3653670846	-1.17957018335964e-05	-2.35338169239163e-06	6.73870300328388e-06
132.47512277869998	-1.16017385620337e-05	-2.43079761587251e-06	6.7543941056385e-06
132.5848784728	-1.14047253319159e-05	-2.5030112556173e-06	6.77009400565845e-06
132.6946341669	-1.12047765611739e-05	-2.56993759181973e-06	6.7862943231854e-06
132.804389861	-1.10019859812945e-05	-2.63149270302901e-06	6.80176709431924e-06
132.9141455551	-1.07964582009116e-05	-2.68760688269046e-06	6.81749382570076e-06
133.02390124919998	-1.05883015356616e-05	-2.73820940611857e-06	6.83322525275524e-06
133.1336569433	-1.03776272236916e-05	-2.78323327123798e-06	6.84895955042552e-06
133.24341263739998	-1.01645490283651e-05	-2.82261077651298e-06	6.8646948118257e-06
133.3531683315	-9.94918102277965e-06	-2.85627649573621e-06	6.88042908852912e-06
133.4629240256	-9.73163510816049e-06	-2.88416320041108e-06	6.89616075046459e-06
133.5726797197	-9.51202535900448e-06	-2.90620048573382e-06	6.91189052650953e-06
133.6824354138	-9.29045664306218e-06	-2.92231841823008e-06	6.9276193902374e-06
133.79219110789998	-9.06716603446396e-06	-2.93237881910867e-06	6.94334842064479e-06
133.901946802	-8.84192948874812e-06	-2.93643173091105e-06	6.95907957529505e-06
134.01170249609999	-8.61509882035969e-06	-2.93431543370426e-06	6.97481595582888e-06
134.1214581902	-8.38673370296883e-06	-2.92596304128778e-06	6.99056109381656e-06
134.2312138843	-8.15693059337291e-06	-2.91129405132604e-06	7.00631754907826e-06
134.3409695784	-7.92584711339239e-06	-2.89021741159937e-06	7.02208679047277e-06
134.4507252725	-7.69359742692155e-06	-2.86263820440344e-06	7.03786836299596e-06
134.56048096659998	-7.46030801498534e-06	-2.82845069459419e-06	7.05366262455477e-06
134.6702366607	-7.22616470453025e-06	-2.78755862240462e-06	7.06947154848084e-06
134.7799923548	-6.99110974021474e-06	-2.73987155789299e-06	7.08529677215169e-06
134.8897480489	-6.75542831519524e-06	-2.68527268859694e-06	7.10113872306525e-06
134.999503743	-6.51940106092912e-06	-2.62358644970165e-06	7.11699670056351e-06
135.1092594371	-6.28274672607665e-06	-2.55483841249217e-06	7.13286966504285e-06
135.2190151312	-6.04601087289031e-06	-2.47880234002716e-06	7.14875619280794e-06
135.32877082529998	-5.80931207747241e-06	-2.39539228893222e-06	7.16465608799184e-06
135.4385265194	-5.57286008374312e-06	-2.30450991911533e-06	7.18057109205238e-06
135.5482822135	-5.33687046942528e-06	-2.20605664698447e-06	7.19650370252843e-06
135.6580379076	-5.10155081663431e-06	-2.09993510279525e-06	7.21245646209966e-06
135.7677936017	-4.86712463500487e-06	-1.98611430109044e-06	7.2284307881823e-06
135.87754929579998	-4.63378575971619e-06	-1.86439610595046e-06	7.24442781362277e-06
135.9873049899	-4.40179921952046e-06	-1.73475348049394e-06	7.26044990405753e-06
136.09706068399998	-4.17141206942001e-06	-1.59711397571879e-06	7.27649990715201e-06
136.2068163781	-3.94287604708699e-06	-1.45140868510885e-06	7.29257935727805e-06
136.3165720722	-3.71645175180444e-06	-1.29751713685271e-06	7.30868936009137e-06
136.4263277663	-3.49240702016709e-06	-1.13552129396817e-06	7.32483083355375e-06
136.5360834604	-3.27105303468817e-06	-9.65294464110793e-07	7.34100454770729e-06
136.64583915449998	-3.05268628358537e-06	-7.86801613222825e-07	7.35721127637883e-06
136.7555948486	-2.83761826035805e-06	-6.00009438090083e-07	7.37345230496614e-06
136.86535054269999	-2.62616031346949e-06	-4.04902211078987e-07	7.38972861234746e-06
136.9751062368	-2.41863575334374e-06	-2.01478901764618e-07	7.40604070909239e-06
137.0848619309	-2.21538145764511e-06	1.02501020243812e-08	7.42238755555359e-06
137.194617625	-2.01674826508033e-06	2.30257975589242e-07	7.43876744197041e-06
137.3043733191	-1.82309831040048e-06	4.58507636647526e-07	7.45517761990603e-06
137.41412901319998	-1.63483240164053e-06	6.95054617333418e-07	7.47161570284482e-06
137.5238847073	-1.45220361550055e-06	9.39573389105972e-07	7.4880812971778e-06
137.6336404014	-1.27568448354575e-06	1.19215335299974e-06	7.5045742934253e-06
137.7433960955	-1.10560490514758e-06	1.45265017124171e-06	7.5210963044174e-06
137.8531517896	-9.42340474067992e-07	1.72095099338875e-06	7.53765015064942e-06
137.9629074837	-7.86304178639075e-07	1.99688891017301e-06	7.5542370228712e-06
138.0726631778	-6.37779076675823e-07	2.28026319443061e-06	7.57085785384954e-06
138.18241887189998	-4.9724882046367e-07	2.57087993555577e-06	7.58751442489384e-06
138.292174566	-3.65073524443132e-07	2.86850425096881e-06	7.60420788730567e-06
138.4019302601	-2.41627722532508e-07	3.1728890027232e-06	7.62093859956239e-06
138.5116859542	-1.27273090461722e-07	3.48376015300374e-06	7.63770559660091e-06
138.6214416483	-2.23704026929383e-08	3.80082188034475e-06	7.65450642401089e-06
138.73119734239998	7.27809548153254e-08	4.12377700051137e-06	7.67133789832232e-06
138.8409530365	1.57813145018815e-07	4.45230249088261e-06	7.68819666125163e-06
138.95070873059998	2.32409485779979e-07	4.78605267242601e-06	7.70508107113373e-06
139.0604644247	2.96262488115017e-07	5.12465643828261e-06	7.72199015090504e-06
139.1702201188	3.49076036155162e-07	5.46772819925131e-06	7.73892302384617e-06
139.2799758129	3.90575226464179e-07	5.814864857113e-06	7.75587775884496e-06
139.389731507	4.20500886396135e-07	6.16563398934429e-06	7.7728519713726e-06
139.49948720109998	4.38610698250185e-07	6.5195884839752e-06	7.78984444938235e-06
139.6092428952	4.4468759855943e-07	6.87626959501219e-06	7.80685513428358e-06
139.71899858929999	4.38548214502241e-07	7.2352665366762e-06	7.82388544471743e-06
139.8287542834	4.19996495325133e-07	7.59598847222717e-06	7.84093698219372e-06
139.9385099775	3.88885264185223e-07	7.95799717575859e-06	7.85801206148506e-06
140.0482656716	3.45076571384357e-07	8.32078313200349e-06	7.87511268640575e-06
140.1580213657	2.88448735839708e-07	8.68383320277679e-06	7.89223984900772e-06
140.26777705979998	2.18918017859217e-07	9.04662544576038e-06	7.90939271097582e-06
140.3775327539	1.36433828223978e-07	9.40863200506388e-06	7.92656810867798e-06
140.487288448	4.09610540444614e-08	9.76929658855047e-06	7.94376241412773e-06
140.5970441421	-6.75372464738046e-08	1.01280765390365e-05	7.96097214171322e-06
140.7067998362	-1.89063702568906e-07	1.04843392670976e-05	7.97819445470512e-06
140.8165555303	-3.23479084142751e-07	1.08378299184478e-05	7.99542706046347e-06
140.9263112244	-4.7084177050423e-07	1.11877401556153e-05	8.01266861605793e-06
141.03606691849998	-6.30987470606614e-07	1.15336057220097e-05	8.02991824009952e-06
141.1458226126	-8.03784761081752e-07	1.18748782697044e-05	8.04717630775031e-06
141.2555783067	-9.89087689722894e-07	1.22110220633839e-05	8.06444440776607e-06
141.3653340008	-1.18673769442715e-06	1.25415081235877e-05	8.0817252843624e-06
141.4750896949	-1.39656013018892e-06	1.28658121992756e-05	8.09902142629433e-06
141.58484538899998	-1.61835153414763e-06	1.31834127287063e-05	8.11633389129211e-06
141.6946010831	-1.85187141883738e-06	1.3493804117449e-05	8.1336650846891e-06
141.80435677719998	-2.0968529145808e-06	1.37964712679992e-05	8.15101337851566e-06
141.9141124713	-2.35297987079292e-06	1.40909467657249e-05	8.16837936857288e-06
142.0238681654	-2.61994141648415e-06	1.43767354639781e-05	8.18576346171401e-06
142.1336238595	-2.89739842035757e-06	1.4653363445936e-05	8.20316554481697e-06
142.2433795536	-3.18498730712769e-06	1.49203664986756e-05	8.22058485034988e-06
142.35313524769998	-3.48229445474182e-06	1.5177281039734e-05	8.23802094130187e-06
142.4628909418	-3.78898474148312e-06	1.54237191236225e-05	8.2554729791416e-06
142.57264663589999	-4.1045789944986e-06	1.56592552065047e-05	8.27294034771968e-06
142.68240233	-4.42866154454732e-06	1.58835315566347e-05	8.29042510375239e-06
142.7921580241	-4.76077170354537e-06	1.6096214877167e-05	8.3079310116784e-06
142.9019137182	-5.10043564469881e-06	1.62969639687711e-05	8.32546358911234e-06
143.0116694123	-5.44718807285688e-06	1.64854613851328e-05	8.34302284740176e-06
143.12142510639998	-5.80055123584851e-06	1.66614178918133e-05	8.36061544672757e-06
143.2311808005	-6.16002376207212e-06	1.68245730759766e-05	8.37823826288953e-06
143.3409364946	-6.52510040445691e-06	1.69746792937246e-05	8.39589395116128e-06
143.4506921887	-6.89525833596438e-06	1.71114881001646e-05	8.41358202739338e-06
143.5604478828	-7.26997247232314e-06	1.72347894139392e-05	8.43130285886749e-06
143.6702035769	-7.64870627050002e-06	1.73444018683002e-05	8.44905580123417e-06
143.779959271	-8.03090664085669e-06	1.74401596823745e-05	8.4668380894823e-06
143.88971496509998	-8.41600858992178e-06	1.75219076124047e-05	8.48464581548923e-06
143.9994706592	-8.80342202263479e-06	1.7589496377566e-05	8.50247518571529e-06
144.1092263533	-9.19257329189001e-06	1.76428153316537e-05	8.5203226232597e-06
144.2189820474	-9.58275186116414e-06	1.76817443295768e-05	8.53818458706307e-06
144.3287377415	-9.97359771339129e-06	1.7706308310476e-05	8.55605953212801e-06
144.43849343559998	-1.03643284670399e-05	1.77164219329727e-05	8.57394601065866e-06
144.5482491297	-1.0754426810156e-05	1.77121336462915e-05	8.59184942042953e-06
144.65800482379998	-1.11433092572938e-05	1.76934916567513e-05	8.60977416076488e-06
144.7677605179	-1.15303925452117e-05	1.76605940879694e-05	8.62772478456026e-06
144.877516212	-1.19151229471825e-05	1.76134955330438e-05	8.64570477782389e-06
144.9872719061	-1.22969009695837e-05	1.75523250830322e-05	8.66371616019181e-06
145.0970276002	-1.26751263976904e-05	1.74772081398931e-05	8.68175430016868e-06
145.20678329429998	-1.30491924242449e-05	1.73883056183443e-05	8.69980972978169e-06
145.3165389884	-1.34184919474474e-05	1.72857925124537e-05	8.71787051907441e-06
145.4262946825	-1.37824406420988e-05	1.71698665437123e-05	8.7359275107785e-06
145.5360503766	-1.41404999397483e-05	1.70407780775252e-05	8.75397915196627e-06
145.6458060707	-1.44921549002115e-05	1.6898825917786e-05	8.7720283708788e-06
145.7555617648	-1.48369283610633e-05	1.67443417173659e-05	8.79006966615264e-06
145.8653174589	-1.51742812363162e-05	1.65775580488835e-05	8.808143719033e-06
145.97507315299998	-1.55037922075214e-05	1.63989573282316e-05	8.82621496092403e-06
146.0848288471	-1.58249645992397e-05	1.62087549361567e-05	8.84429325430361e-06
146.1945845412	-1.61373370486892e-05	1.60073306847364e-05	8.8623677452656e-06
146.3043402353	-1.64404339591083e-05	1.57950541829478e-05	8.88042894825561e-06
146.4140959294	-1.67337888709336e-05	1.55723143447406e-05	8.89846855614417e-06
146.5238516235	-1.70169976926252e-05	1.53395053261776e-05	8.91648574104132e-06
146.6336073176	-1.72896542589563e-05	1.50971433986156e-05	8.93448744979061e-06
146.74336301169998	-1.75514673376438e-05	1.48456721856996e-05	8.95248655924143e-06
146.8531187058	-1.78021335222765e-05	1.45856096037653e-05	8.97049446598079e-06
146.9628743999	-1.80413455929298e-05	1.43174469006337e-05	8.98856344744647e-06
147.072630094	-1.82687785295523e-05	1.40416699148829e-05	9.00654432697018e-06
147.1823857881	-1.84840283459959e-05	1.37588351244025e-05	9.02456635051847e-06
147.29214148219998	-1.86869243496463e-05	1.34692768247567e-05	9.04256593903404e-06
147.4018971763	-1.88770503768292e-05	1.31736638062137e-05	9.06053068596301e-06
147.51165287039998	-1.90541968965313e-05	1.28725224752568e-05	9.07845600465187e-06
147.6214085645	-1.92181909574485e-05	1.25664279989457e-05	9.09634869124282e-06
147.7311642586	-1.93689177732418e-05	1.22559714169888e-05	9.11422375659321e-06
147.8409199527	-1.95062927418031e-05	1.19417649557591e-05	9.13209852292823e-06
147.9506756468	-1.96302563508928e-05	1.16244273330247e-05	9.15000942521679e-06
148.06043134089998	-1.97406787716318e-05	1.1304554555606e-05	9.1678471468419e-06
148.170187035	-1.98375215348841e-05	1.09827133166926e-05	9.1858022714631e-06
148.2799427291	-1.99206942146234e-05	1.06595007880548e-05	9.20395415100267e-06
148.3896984232	-1.99901671068954e-05	1.0335493599435e-05	9.22172389721181e-06
148.4994541173	-2.00459564747607e-05	1.00112800389998e-05	9.23959932224342e-06
148.6092098114	-2.00881203815312e-05	9.68746014912207e-06	9.25746149976245e-06
148.7189655055	-2.01168009102102e-05	9.36461709457651e-06	9.27532147546108e-06
148.82872119959998	-2.01321757556273e-05	9.04332598160836e-06	9.29319283767918e-06
148.9384768937	-2.01344410702406e-05	8.72416424494353e-06	9.31108499851774e-06
149.0482325878	-2.01237619159327e-05	8.4074984562675e-06	9.32899881515311e-06
149.1579882819	-2.01002923153593e-05	8.09419316457918e-06	9.34692643705958e-06
149.267743976	-2.0064171089787e-05	7.78453683886259e-06	9.36485707303762e-06
149.3774996701	-2.00155997241258e-05	7.4789803391803e-06	9.38277967742155e-06
149.4872553642	-1.99547813454887e-05	7.17813380585207e-06	9.40068698101498e-06
149.59701105829998	-1.98819900269125e-05	6.88247505285811e-06	9.41857823450904e-06
149.7067667524	-1.97975581117304e-05	6.59248443005983e-06	9.43645834870969e-06
149.8165224465	-1.97018473197379e-05	6.30862289955474e-06	9.45433507873822e-06
149.9262781406	-1.95952313105866e-05	6.03133037384159e-06	9.47221446783071e-06
150.0360338347	-1.94780770624506e-05	5.76101375049588e-06	9.49009697893505e-06
150.14578952879998	-1.935074376743e-05	5.49805495670774e-06	9.50798211951594e-06
150.2555452229	-1.92135893973346e-05	5.24281649618843e-06	9.52586262952441e-06
150.36530091699998	-1.90669871944343e-05	4.99564516616111e-06	9.54373451763129e-06
150.4750566111	-1.89096559127387e-05	4.75847379281629e-06	9.56159224179535e-06
150.5848123052	-1.8745419968611e-05	4.52847355615707e-06	9.57943935526762e-06
150.6945679993	-1.85730038930469e-05	4.30744029527402e-06	9.59727629286692e-06
150.8043236934	-1.83927995025059e-05	4.09570953828621e-06	9.61510805636639e-06
150.91407938749998	-1.82052953201646e-05	3.89350111067148e-06	9.63293851175734e-06
151.0238350816	-1.80109409209761e-05	3.70105682608578e-06	9.65076774160525e-06
151.1335907757	-1.78101752776234e-05	3.51859053856135e-06	9.66859578647403e-06
151.2433464698	-1.76034437884161e-05	3.34629405358479e-06	9.68641504329808e-06
151.3531021639	-1.73912016329448e-05	3.1843455823689e-06	9.70422094369088e-06
151.462857858	-1.71738991971078e-05	3.03290353728062e-06	9.72201018446278e-06
151.5726135521	-1.69519978728782e-05	2.89209974414221e-06	9.73978203603303e-06
151.68236924619998	-1.67259824373774e-05	2.76209552398412e-06	9.75753693329925e-06
151.7921249403	-1.6496259368329e-05	2.64281730495081e-06	9.77527626912168e-06
151.9018806344	-1.62633725382644e-05	2.53447857663929e-06	9.79300107631577e-06
152.0116363285	-1.6027804425579e-05	2.43703872652322e-06	9.81071134185813e-06
152.1213920226	-1.57899257301086e-05	2.35070409930452e-06	9.82840461262884e-06
152.23114771669998	-1.5550277510145e-05	2.27539306689481e-06	9.84608069878358e-06
152.3409034108	-1.530929711931e-05	2.21112607337296e-06	9.86373423419586e-06
152.45065910489998	-1.50674397190512e-05	2.15789197801002e-06	9.88136305655905e-06
152.560414799	-1.48251494590005e-05	2.11566402831689e-06	9.89896437120281e-06
152.6701704931	-1.45828921300701e-05	2.0843320788882e-06	9.91653886349715e-06
152.7799261872	-1.43411204949048e-05	2.06386194148677e-06	9.93408906698773e-06
152.8896818813	-1.41002841107732e-05	2.05416942733364e-06	9.95161809968272e-06
152.99943757539998	-1.38608228250034e-05	2.05515422943476e-06	9.96912908089801e-06
153.1091932695	-1.36231726818686e-05	2.06670107458817e-06	9.98662394788734e-06
153.21894896359998	-1.33877590555254e-05	2.08866178537475e-06	1.00041028282611e-05
153.3287046577	-1.31549886108879e-05	2.12086743616763e-06	1.00215649439254e-05
153.4384603518	-1.29252642283139e-05	2.16313414367333e-06	1.00390102359052e-05
153.5482160459	-1.26989731179779e-05	2.21525787420793e-06	1.00564383425671e-05
153.65797174	-1.24764977734031e-05	2.27702583884842e-06	1.00738483681832e-05
153.76772743409998	-1.2258214835264e-05	2.34821292672885e-06	1.00912404780614e-05
153.8774831282	-1.20444953230783e-05	2.42858054437409e-06	1.01086161081199e-05
153.9872388223	-1.18356982905866e-05	2.51787110951113e-06	1.01259773481525e-05
154.0969945164	-1.16321677014011e-05	2.61581551456983e-06	1.0143324965416e-05
154.2067502105	-1.14342256854029e-05	2.72212324646253e-06	1.01606592199634e-05
154.3165059046	-1.12421154152046e-05	2.83646344130574e-06	1.01779797071167e-05
154.4262615987	-1.1056242541426e-05	2.95857682058851e-06	1.01952869363986e-05
154.53601729279998	-1.08768122204726e-05	3.08812932583212e-06	1.02125809663785e-05
154.6457729869	-1.07040878205761e-05	3.22478269976173e-06	1.02298614671001e-05
154.755528681	-1.05382893550572e-05	3.36825291846935e-06	1.02471275156504e-05
154.8652843751	-1.0379662234537e-05	3.51818874136852e-06	1.02643787306842e-05
154.9750400692	-1.02284476133853e-05	3.67424217392427e-06	1.0281615215101e-05
155.08479576329998	-1.00848193532172e-05	3.83609407990223e-06	1.02988369857018e-05
155.1945514574	-9.94898826947511e-06	4.00336735639574e-06	1.03160446049069e-05
155.30430715149998	-9.82111803589206e-06	4.17572576341494e-06	1.03332385292827e-05
155.4140628456	-9.70135986563678e-06	4.35280982937268e-06	1.03504183324418e-05
155.5238185397	-9.58981645618431e-06	4.53436325639781e-06	1.03675824776465e-05
155.6335742338	-9.48666773074205e-06	4.71972100196078e-06	1.03847289593177e-05
155.7433299279	-9.39197132366237e-06	4.90874226923147e-06	1.04018570980663e-05
155.85308562199998	-9.30582135500213e-06	5.10100900398675e-06	1.04189679799504e-05
155.9628413161	-9.22828363860339e-06	5.29615362362176e-06	1.04360634501747e-05
156.07259701019998	-9.15941905759015e-06	5.49381324098349e-06	1.04531448453972e-05
156.1823527043	-9.09927636406077e-06	5.69362612579896e-06	1.04702141047197e-05
156.2921083984	-9.0478864010838e-06	5.89523312769956e-06	1.04872724335624e-05
156.4018640925	-9.00526024200907e-06	6.09826756870802e-06	1.05043197037011e-05
156.5116197866	-8.97139859265821e-06	6.3023597236328e-06	1.05213553287669e-05
156.62137548069998	-8.94629140861953e-06	6.5071374562654e-06	1.0538378430585e-05
156.7311311748	-8.92989111223191e-06	6.71221190177557e-06	1.05553979547193e-05
156.8408868689	-8.92224215814717e-06	6.91726042181754e-06	1.05723848019082e-05
156.950642563	-8.92319571773003e-06	7.12188692265969e-06	1.05893706735387e-05
157.0603982571	-8.93269921349362e-06	7.32573220314343e-06	1.06063471636566e-05
157.1701539512	-8.95065111418002e-06	7.52844755886043e-06	1.06233149177746e-05
157.2799096453	-8.97693039615733e-06	7.72968769503339e-06	1.06402741921259e-05
157.38966533939998	-9.01140969632331e-06	7.92905827739009e-06	1.06572248039429e-05
157.4994210335	-9.05391646276826e-06	8.12630949865788e-06	1.06741675342486e-05
157.6091767276	-9.10431500887647e-06	8.32106553606852e-06	1.06911036373697e-05
157.7189324217	-9.16244277868482e-06	8.51301374667316e-06	1.07080346575112e-05
157.8286881158	-9.22812825978047e-06	8.70185814443744e-06	1.07249635327756e-05
157.93844380989998	-9.30119277245038e-06	8.88730738293165e-06	1.07418941936193e-05
158.048199504	-9.38144352776964e-06	9.06911489211986e-06	1.07588318343036e-05
158.15795519809998	-9.46867668785186e-06	9.24701373407597e-06	1.07757801989642e-05
158.2677108922	-9.56267930392703e-06	9.42074874209105e-06	1.07927425843934e-05
158.3774665863	-9.66323065471863e-06	9.59007286545917e-06	1.08097207096933e-05
158.4872222804	-9.77010145236976e-06	9.75475052800354e-06	1.08267158430621e-05
158.5969779745	-9.88304875412482e-06	9.91455944902151e-06	1.08437292388094e-05
158.70673366859998	-1.0001818083255e-05	1.00692905596694e-05	1.08607623836629e-05
158.8164893627	-1.01261543785048e-05	1.02187435836538e-05	1.08778166428379e-05
158.92624505679998	-1.02557859775287e-05	1.03627200738529e-05	1.089489241246e-05
159.0360007509	-1.03905173990426e-05	1.05010652245084e-05	1.09119897977883e-05
159.145756445	-1.05299503781744e-05	1.06335566027554e-05	1.09291082753201e-05
159.2555121391	-1.06738648571743e-05	1.07600611106235e-05	1.09462458946917e-05
159.3652678332	-1.08219505811245e-05	1.08804530601117e-05	1.09634028762124e-05
159.47502352729998	-1.09739611207734e-05	1.09945466694705e-05	1.098057521672e-05
159.5847792214	-1.11295500532381e-05	1.11022767105167e-05	1.09977684224239e-05
159.6945349155	-1.12884291731979e-05	1.12035332783471e-05	1.10149834979482e-05
159.8042906096	-1.14502984392583e-05	1.1298237223923e-05	1.10322224908535e-05
159.9140463037	-1.16148557008888e-05	1.13863258477779e-05	1.10494881727898e-05
160.0238019978	-1.17817997002754e-05	1.1467755984511e-05	1.10667842762145e-05
160.1335576919	-1.19508271571623e-05	1.15424988789351e-05	1.10841142045427e-05
160.24331338599998	-1.21216265070081e-05	1.16105402750474e-05	1.11014798540303e-05
160.3530690801	-1.22938827009214e-05	1.1671870203637e-05	1.11188820413862e-05
160.4628247742	-1.2467287367462e-05	1.17264785354095e-05	1.11363217581137e-05
160.5725804683	-1.26415291742836e-05	1.17743687734469e-05	1.11538019773851e-05
160.6823361624	-1.28163176807419e-05	1.18155667720029e-05	1.11713272987143e-05
160.79209185649998	-1.2991367800277e-05	1.18501159358548e-05	1.11889030603054e-05
160.9018475506	-1.31664131812673e-05	1.18780709033574e-05	1.12065358239986e-05
161.01160324469998	-1.33411710583306e-05	1.18995360156946e-05	1.12242343429346e-05
161.1213589388	-1.35153987008704e-05	1.19146004139285e-05	1.12420085303879e-05
161.2311146329	-1.36888578794027e-05	1.19233875393191e-05	1.12598696771657e-05
161.340870327	-1.38613111300161e-05	1.19260356454694e-05	1.12778286549013e-05
161.4506260211	-1.40325304725884e-05	1.19226786248998e-05	1.12958965979703e-05
161.56038171519998	-1.42023121088249e-05	1.19134629787675e-05	1.13140821126618e-05
161.6701374093	-1.43704424109656e-05	1.18985278530016e-05	1.13323916934837e-05
161.77989310339998	-1.45367319955679e-05	1.18780181962214e-05	1.13508286240887e-05
161.8896487975	-1.47009893475093e-05	1.18520933000061e-05	1.13693935588793e-05
161.9994044916	-1.48630332258365e-05	1.18209136348263e-05	1.13880851405981e-05
162.1091601857	-1.50226956141233e-05	1.17846315852686e-05	1.1406901524682e-05
162.2189158798	-1.51798144625422e-05	1.17434021021375e-05	1.1425840805183e-05
162.32867157389998	-1.53342400268987e-05	1.16973710354235e-05	1.14449026451579e-05
162.438427268	-1.54858278023857e-05	1.16466897049976e-05	1.14640897384796e-05
162.5481829621	-1.56344478523139e-05	1.15915245260514e-05	1.14834050361076e-05
162.6579386562	-1.57799985649315e-05	1.15320445791941e-05	1.15028510793808e-05
162.7676943503	-1.5922398290429e-05	1.14684222137787e-05	1.15224311768946e-05
162.8774500444	-1.60615803613827e-05	1.14008296763618e-05	1.15421502939593e-05
162.9872057385	-1.61974700816152e-05	1.1329425182851e-05	1.15620149497868e-05
163.09696143259998	-1.63299911896052e-05	1.12543594395164e-05	1.15820315274051e-05
163.2067171267	-1.64590705478454e-05	1.11757859646166e-05	1.16022048521808e-05
163.3164728208	-1.65846470516099e-05	1.10938531401509e-05	1.16225376711421e-05
163.4262285149	-1.67066614362719e-05	1.10086993091256e-05	1.16430316681248e-05
163.535984209	-1.68250732699733e-05	1.09204135741571e-05	1.16636865853501e-05
163.64573990309998	-1.69397806896022e-05	1.08292121964209e-05	1.16845021152154e-05
163.7554955972	-1.70507448427676e-05	1.07351788372782e-05	1.17054785110248e-05
163.86525129129998	-1.71579202501203e-05	1.06384529908514e-05	1.17266178086858e-05
163.9750069854	-1.72612714897674e-05	1.05391745473527e-05	1.17479243268481e-05
164.0847626795	-1.73607692556099e-05	1.04374831493077e-05	1.17694051204157e-05
164.1945183736	-1.74563907604677e-05	1.0333505764846e-05	1.17910678724065e-05
164.3042740677	-1.75481164508823e-05	1.02273680375945e-05	1.18129206523228e-05
164.41402976179998	-1.7635923170209e-05	1.01192492572056e-05	1.18349717834711e-05
164.5237854559	-1.77198063053506e-05	1.00091893194471e-05	1.18572293187618e-05
164.63354114999999	-1.77997345734669e-05	9.89736128594298e-06	1.18796991538114e-05
164.7432968441	-1.78756681416086e-05	9.78388710214416e-06	1.19023843386085e-05
164.8530525382	-1.79475640826149e-05	9.66887815184726e-06	1.19252833964015e-05
164.9628082323	-1.80153700520454e-05	9.55244338562154e-06	1.19483920204506e-05
165.0725639264	-1.80790321999223e-05	9.43470932728008e-06	1.19717046706538e-05
165.18231962049998	-1.81385080135957e-05	9.31581460384713e-06	1.19952176132699e-05
165.2920753146	-1.81937672943314e-05	9.19584636302497e-06	1.20189293027472e-05
165.4018310087	-1.82447520972269e-05	9.07505962988695e-06	1.20428385636802e-05
165.5115867028	-1.82914470306139e-05	8.95354989535532e-06	1.20669450584623e-05
165.6213423969	-1.83338222302635e-05	8.83143822232992e-06	1.20912486375081e-05
165.731098091	-1.83718508103424e-05	8.70887574751609e-06	1.21157476605188e-05
165.8408537851	-1.84055242706737e-05	8.58601785596574e-06	1.21404408895087e-05
165.95060947919998	-1.84348400825189e-05	8.46303099295804e-06	1.21653287334117e-05
166.0603651733	-1.84597956249202e-05	8.34007945963085e-06	1.21904112731373e-05
166.1701208674	-1.8480408408714e-05	8.21732685724282e-06	1.22156893041113e-05
166.2798765615	-1.84967003729877e-05	8.09493857355471e-06	1.22411632167781e-05
166.3896322556	-1.85086890552074e-05	7.97308132907928e-06	1.22668330176595e-05
166.49938794969998	-1.85163948742329e-05	7.85192438739348e-06	1.22926959331153e-05
166.6091436438	-1.8519857101826e-05	7.73163718809247e-06	1.2318748483176e-05
166.71889933789998	-1.85191258856391e-05	7.61239371196725e-06	1.23449868830701e-05
166.828655032	-1.8514268331305e-05	7.49436376264547e-06	1.23714086487123e-05
166.9384107261	-1.85053634758907e-05	7.37770503659611e-06	1.23980142806707e-05
167.0481664202	-1.84924910266664e-05	7.26257067444144e-06	1.242480106851e-05
167.1579221143	-1.84757356072008e-05	7.14911264730112e-06	1.24517692034736e-05
167.26767780839998	-1.84551979363972e-05	7.03747437956742e-06	1.24789259145466e-05
167.3774335025	-1.84309891037246e-05	6.92779504634442e-06	1.25067548726745e-05
167.48718919659999	-1.84032209905244e-05	6.82022133778054e-06	1.25342844338678e-05
167.5969448907	-1.83720059926514e-05	6.71490283365977e-06	1.25620053268743e-05
167.7067005848	-1.83374574804532e-05	6.61198283486114e-06	1.25899175813961e-05
167.8164562789	-1.82996952699411e-05	6.5115948758847e-06	1.2618022749032e-05
167.926211973	-1.82588524888207e-05	6.41386260901958e-06	1.2646322372086e-05
168.03596766709998	-1.82150799033508e-05	6.31890036975062e-06	1.26748179936065e-05
168.1457233612	-1.81685336046187e-05	6.22682250799274e-06	1.27035108285643e-05
168.2554790553	-1.81193671008015e-05	6.13774324165943e-06	1.27324014318839e-05
168.3652347494	-1.80677406729963e-05	6.05175488632497e-06	1.27614908005099e-05
168.4749904435	-1.80138239944237e-05	5.96892710352021e-06	1.27907802184933e-05
168.5847461376	-1.79577926617118e-05	5.88932198670143e-06	1.2820272019793e-05
168.6945018317	-1.78998185122667e-05	5.81298776073713e-06	1.28499685468344e-05
168.80425752579998	-1.78400761295481e-05	5.73997076714762e-06	1.28798717178379e-05
168.9140132199	-1.77787341633378e-05	5.67031676375454e-06	1.29099815745596e-05
169.023768914	-1.7715954583527e-05	5.60407211085595e-06	1.29402978110014e-05
169.1335246081	-1.76518957739032e-05	5.54127500914722e-06	1.29708203466805e-05
169.2432803022	-1.75867284429158e-05	5.48195747696628e-06	1.30015487936779e-05
169.35303599629998	-1.75206363348706e-05	5.42613671940981e-06	1.30324822324961e-05
169.4627916904	-1.74538100199489e-05	5.37382463582403e-06	1.30636205488856e-05
169.57254738449998	-1.73864482603621e-05	5.32503071225596e-06	1.30949630954507e-05
169.6823030786	-1.73187522565876e-05	5.27974268100001e-06	1.31265084499469e-05
169.7920587727	-1.72509141299494e-05	5.23791992091915e-06	1.31582550843543e-05
169.9018144668	-1.7183131313827e-05	5.19949725407645e-06	1.31902013768383e-05
170.0115701609	-1.71155994717889e-05	5.16440189345234e-06	1.32223476062518e-05
170.12132585499998	-1.70484985895044e-05	5.13255662825668e-06	1.32546952873441e-05
170.2310815491	-1.69819969358253e-05	5.10387440298969e-06	1.32872471899738e-05
170.34083724319999	-1.69162621269913e-05	5.07825067730267e-06	1.33200046153648e-05
170.4505929373	-1.68514658349355e-05	5.0555750065749e-06	1.33529686869324e-05
170.5603486314	-1.67877707824173e-05	5.03572772657501e-06	1.33861405895597e-05
170.6701043255	-1.67253217014085e-05	5.0185848159411e-06	1.34195231019637e-05
170.7798600196	-1.6664256897236e-05	5.00401339440766e-06	1.34531198851749e-05
170.88961571369998	-1.66047111285628e-05	4.9918780079347e-06	1.34869345751969e-05
170.9993714078	-1.65468170793948e-05	4.98203702562986e-06	1.35209700793085e-05
171.1091271019	-1.6490697056807e-05	4.97434322468286e-06	1.35552284952748e-05
171.218882796	-1.64364503617249e-05	4.96863455991717e-06	1.35897114946474e-05
171.3286384901	-1.638416326224e-05	4.96472790480721e-06	1.36244197875262e-05
171.43839418419998	-1.63338996559924e-05	4.96242655762565e-06	1.36593536239752e-05
171.5481498783	-1.62857070835981e-05	4.96152844336633e-06	1.36945135146727e-05
171.65790557239998	-1.62396160398237e-05	4.96184071337064e-06	1.37298995723975e-05
171.7676612665	-1.61956323095668e-05	4.96318009495514e-06	1.37655092867733e-05
171.8774169606	-1.6153754265941e-05	4.965373346857e-06	1.38013381035242e-05
171.9871726547	-1.61139793513659e-05	4.96824921612911e-06	1.38373797040042e-05
172.0969283488	-1.60763007021555e-05	4.97164718052837e-06	1.38736284286957e-05
172.20668404289998	-1.60406993302942e-05	4.97540562290363e-06	1.39100796878226e-05
172.316439737	-1.60071462435033e-05	4.97936273169294e-06	1.39467309068374e-05
172.42619543109998	-1.59755970528725e-05	4.98335031171448e-06	1.39835809881201e-05
172.5359511252	-1.59460034676936e-05	4.98720185774133e-06	1.40206289506576e-05
172.6457068193	-1.59183071258662e-05	4.9907595964636e-06	1.40578737242315e-05
172.7554625134	-1.58924328930789e-05	4.99387003907046e-06	1.40953145259787e-05
172.8652182075	-1.58682928144518e-05	4.99638918660731e-06	1.41329509517276e-05
172.97497390159998	-1.58457878233164e-05	4.99818285306316e-06	1.4170781538934e-05
173.0847295957	-1.58248141354844e-05	4.99912757910916e-06	1.4208802541098e-05
173.19448528979999	-1.5805256234305e-05	4.99910804024968e-06	1.42470077831593e-05
173.3042409839	-1.57869869159587e-05	4.99802076665404e-06	1.4285390604874e-05
173.413996678	-1.57698722987699e-05	4.99576646210001e-06	1.43239438197293e-05
173.5237523721	-1.57537754563437e-05	4.99225573582106e-06	1.43626607900252e-05
173.6335080662	-1.57385555275355e-05	4.98740231924251e-06	1.44015344500918e-05
173.74326376029998	-1.57240716601369e-05	4.9811245906859e-06	1.44405557615731e-05
173.8530194544	-1.57101790208428e-05	4.97334539291236e-06	1.44797129117156e-05
173.9627751485	-1.56967257735186e-05	4.96399903185504e-06	1.45189937545633e-05
174.0725308426	-1.56835521412462e-05	4.95303983491283e-06	1.4558387298084e-05
174.1822865367	-1.56704917750414e-05	4.94044110023009e-06	1.45978859924609e-05
174.29204223079998	-1.5657375561272e-05	4.92619210277325e-06	1.46374876494629e-05
174.4017979249	-1.56440411411354e-05	4.91028920964058e-06	1.46771958572101e-05
174.51155361899998	-1.56303336599243e-05	4.89273886891438e-06	1.47170185861871e-05
174.6213093131	-1.5616103239429e-05	4.87356409336589e-06	1.4756963648436e-05
174.7310650072	-1.5601182857309e-05	4.85278727160973e-06	1.47970358208289e-05
174.8408207013	-1.55854160729198e-05	4.83045207886482e-06	1.48372344929965e-05
174.9505763954	-1.55686294117322e-05	4.80660607463917e-06	1.48775555262775e-05
175.06033208949998	-1.5550690034037e-05	4.78132675435238e-06	1.49179926186779e-05
175.1700877836	-1.55314248634192e-05	4.75467551944249e-06	1.49585392117657e-05
175.27984347769998	-1.5510693257954e-05	4.72674968351812e-06	1.49991903119666e-05
175.3895991718	-1.54883526098917e-05	4.69766501439186e-06	1.50399420866989e-05
175.4993548659	-1.54642666667472e-05	4.66755479972754e-06	1.5080790563418e-05
175.60911056	-1.54383005215269e-05	4.63656858052309e-06	1.51217315753834e-05
175.7188662541	-1.54103325484608e-05	4.60486728994743e-06	1.51627590983713e-05
175.82862194819998	-1.53802554913327e-05	4.57261860883752e-06	1.52038639518315e-05
175.9383776423	-1.53479769478262e-05	4.53998781921725e-06	1.52450343669197e-05
176.04813333639999	-1.53134254366178e-05	4.50714145742276e-06	1.52862577508742e-05
176.1578890305	-1.52765521709984e-05	4.474252784489e-06	1.53275232191541e-05
176.2676447246	-1.52373312623776e-05	4.44150184154123e-06	1.53688252418254e-05
176.3774004187	-1.51957514198168e-05	4.40907628012987e-06	1.54101658785996e-05
176.4871561128	-1.51517795123697e-05	4.37725992162725e-06	1.54515538868546e-05
176.59691180689998	-1.51054851134119e-05	4.34599433952552e-06	1.54930020474846e-05
176.706667501	-1.50568240605106e-05	4.315650699262e-06	1.55345201940039e-05
176.8164231951	-1.50058444025499e-05	4.28635839879601e-06	1.55761099530781e-05
176.9261788892	-1.49525919179506e-05	4.25829821006989e-06	1.56177630566353e-05
177.0359345833	-1.48971197256641e-05	4.23164987830468e-06	1.56594657243427e-05
177.14569027739998	-1.48394980491425e-05	4.20659449266159e-06	1.5701204078138e-05
177.2554459715	-1.47797899381184e-05	4.18330675972317e-06	1.57438316981557e-05
177.36520166559998	-1.47180930333663e-05	4.16195708484131e-06	1.57856211621168e-05
177.4749573597	-1.46545188308914e-05	4.14270608856705e-06	1.58274370915465e-05
177.5847130538	-1.45892008055845e-05	4.12570156875399e-06	1.58692838812746e-05
177.6944687479	-1.45222837031175e-05	4.1110750785031e-06	1.59111636856679e-05
177.804224442	-1.44539176782368e-05	4.09894466539639e-06	1.59527241586753e-05
177.91398013609998	-1.43842556753531e-05	4.08941315227431e-06	1.59946564189547e-05
178.0237358302	-1.4313452552915e-05	4.08256857418741e-06	1.60365985125408e-05
178.13349152429998	-1.42416618600035e-05	4.07848866039694e-06	1.60785388064071e-05
178.2432472184	-1.41690405947093e-05	4.07724099527057e-06	1.6120469016095e-05
178.3530029125	-1.40957763368074e-05	4.07878340329939e-06	1.61619275378583e-05
178.4627586066	-1.40219968622105e-05	4.08343410987073e-06	1.62039917136852e-05
178.5725143007	-1.39479402159715e-05	4.09096211702412e-06	1.62459057522541e-05
178.68226999479998	-1.38737713776277e-05	4.10148634783649e-06	1.62878319442038e-05
178.7920256889	-1.37996778186447e-05	4.1150252596642e-06	1.63297775750962e-05
178.90178138299999	-1.37258472737178e-05	4.13158239451184e-06	1.63717429538948e-05
179.0115370771	-1.36524573615492e-05	4.15115034127319e-06	1.6413721468996e-05
179.1212927712	-1.35796778227954e-05	4.17371310793988e-06	1.64557028068377e-05
179.2310484653	-1.35076801843048e-05	4.19923943191182e-06	1.6497675354835e-05
179.3408041594	-1.34366368027586e-05	4.22768646248791e-06	1.65396303025497e-05
179.45055985349998	-1.33667212861037e-05	4.25901104769671e-06	1.658156489773e-05
179.5603155476	-1.32981060361035e-05	4.29316799415753e-06	1.66234824264186e-05
179.6700712417	-1.32309536746325e-05	4.33010603722654e-06	1.66662423798804e-05
179.7798269358	-1.31654218444997e-05	4.36976210367768e-06	1.67081401199913e-05
179.8895826299	-1.31016691396506e-05	4.41205692171158e-06	1.67500294628113e-05
179.99933832399998	-1.3039854922806e-05	4.45689687810945e-06	1.67919040856359e-05
180.1090940181	-1.29801361843478e-05	4.50416876526668e-06	1.68337546366207e-05
180.21884971219998	-1.29226739979867e-05	4.55375092927222e-06	1.68755732417319e-05
180.3286054063	-1.28676335751592e-05	4.60551521099659e-06	1.69173560665714e-05
180.4383611004	-1.28150994385961e-05	4.65932849656255e-06	1.69591049429968e-05
180.5481167945	-1.27653351845069e-05	4.71504491017062e-06	1.7000825008547e-05
180.6578724886	-1.27183993325972e-05	4.77250859196722e-06	1.70425223531861e-05
180.76762818269998	-1.26744018402427e-05	4.8315561283557e-06	1.70842010435136e-05
180.8773838768	-1.26334332150436e-05	4.8920117834595e-06	1.71258611881607e-05
180.98713957089998	-1.25955688136063e-05	4.95369573573063e-06	1.71674989682252e-05
181.096895265	-1.25608709154082e-05	5.016420846858e-06	1.72091071098154e-05
181.2066509591	-1.25293899431658e-05	5.07999987836537e-06	1.72506766253166e-05
181.3164066532	-1.25011639092238e-05	5.1442538898505e-06	1.72921992504317e-05
181.4261623473	-1.24762126500132e-05	5.20900536298189e-06	1.73336685896393e-05
181.53591804139998	-1.24545545698306e-05	5.27407118035502e-06	1.73750820723401e-05
181.6456737355	-1.24362101184859e-05	5.33927046300721e-06	1.74164398585279e-05
181.75542942959999	-1.24211882638652e-05	5.40442364572772e-06	1.7457742487059e-05
181.8651851237	-1.24094870010715e-05	5.46934214630473e-06	1.74989884550315e-05
181.9749408178	-1.24010922982676e-05	5.53382669993028e-06	1.75401730182611e-05
182.0846965119	-1.23959854900072e-05	5.59768605140584e-06	1.75812898206362e-05
182.194452206	-1.23941375066721e-05	5.66073538611e-06	1.76223322011362e-05
182.30420790009998	-1.23955040963793e-05	5.7227877719183e-06	1.76632952259067e-05
182.4139635942	-1.24000417782902e-05	5.78365725955331e-06	1.77041764840677e-05
182.5237192883	-1.24077044930861e-05	5.84316324198593e-06	1.7744975725801e-05
182.6334749824	-1.24184337034426e-05	5.90112819797307e-06	1.77856957196508e-05
182.7432306765	-1.24321582842353e-05	5.95737652489925e-06	1.78263419436917e-05
182.85298637059998	-1.2448797395179e-05	6.01173767357203e-06	1.78669199148017e-05
182.9627420647	-1.24682573411858e-05	6.06404110815714e-06	1.79074350121003e-05
183.07249775879998	-1.24904372983131e-05	6.11410782985894e-06	1.79478872844517e-05
183.1822534529	-1.25152311733703e-05	6.16175185195043e-06	1.79891331609531e-05
183.292009147	-1.25425204993087e-05	6.20679225225273e-06	1.80290212911895e-05
183.4017648411	-1.25721648829034e-05	6.24905406773941e-06	1.80692633508216e-05
183.5115205352	-1.26039964339692e-05	6.28837796721139e-06	1.81094254682812e-05
183.62127622929998	-1.26378293493636e-05	6.32461473517283e-06	1.81495067458369e-05
183.7310319234	-1.26734698980867e-05	6.35762352080739e-06	1.81895087127208e-05
183.84078761749998	-1.27107246117419e-05	6.38728115667898e-06	1.82294338922822e-05
183.9505433116	-1.27493940657083e-05	6.41347918304575e-06	1.82692847781391e-05
184.0602990057	-1.27892694237196e-05	6.43612877529665e-06	1.83090626901622e-05
184.1700546998	-1.28301298390852e-05	6.45516462415542e-06	1.83487679890561e-05
184.2798103939	-1.28717550497806e-05	6.47053963554016e-06	1.8388400683669e-05
184.38956608799998	-1.29139327774079e-05	6.48221855925541e-06	1.84279620798238e-05
184.4993217821	-1.29564584994583e-05	6.4901812330304e-06	1.84674538858778e-05
184.60907747619999	-1.29991333011336e-05	6.49442261663358e-06	1.85068790906101e-05
184.7188331703	-1.30417494778907e-05	6.49494310644357e-06	1.85462418881418e-05
184.8285888644	-1.30840935811589e-05	6.49174799634247e-06	1.85855469958043e-05
184.9383445585	-1.31259593295091e-05	6.48485205858767e-06	1.86247984533875e-05
185.0481002526	-1.31671501870863e-05	6.4742747544558e-06	1.86639979821812e-05
185.15785594669998	-1.32074728632038e-05	6.4600472253163e-06	1.87031457717364e-05
185.2676116408	-1.32467335152539e-05	6.44221391114382e-06	1.87422406465862e-05
185.3773673349	-1.32847344512136e-05	6.42082673647035e-06	1.87812804847963e-05
185.487123029	-1.33212801265075e-05	6.39594891342877e-06	1.88202632412119e-05
185.5968787231	-1.33561848736368e-05	6.36765654478163e-06	1.88591878254421e-05
185.70663441719998	-1.33892667897095e-05	6.33603799618834e-06	1.88980545780552e-05
185.8163901113	-1.34203382062672e-05	6.30117807746916e-06	1.89368652482105e-05
185.92614580539998	-1.34492086668584e-05	6.26317241858323e-06	1.8975623557111e-05
186.0359014995	-1.34756919087793e-05	6.22211773372548e-06	1.90143322759064e-05
186.1456571936	-1.34996121199918e-05	6.17813200417909e-06	1.90529955032479e-05
186.2554128877	-1.35207951008758e-05	6.13133832264083e-06	1.90916155528839e-05
186.3651685818	-1.35390858975644e-05	6.08187657077245e-06	1.91301941767436e-05
186.47492427589998	-1.35543424640828e-05	6.02990195367937e-06	1.91687318393717e-05
186.58467997	-1.35664326832558e-05	5.97558912657494e-06	1.92072288879707e-05
186.69443566409998	-1.35752328621387e-05	5.91911488220646e-06	1.92456848341757e-05
186.8041913582	-1.35806320885911e-05	5.86066059693122e-06	1.92840989130213e-05
186.9139470523	-1.35825336731251e-05	5.80040714405551e-06	1.93224706268774e-05
187.0237027464	-1.35808570396621e-05	5.73853337456588e-06	1.93607992219488e-05
187.1334584405	-1.35755413406545e-05	5.67521915713464e-06	1.93990816560837e-05
187.24321413459998	-1.35665331930751e-05	5.61064744657464e-06	1.94373132890564e-05
187.3529698287	-1.35537873040218e-05	5.54500524297791e-06	1.94754888678981e-05
187.46272552279999	-1.35372649688041e-05	5.47848293675949e-06	1.95136028107077e-05
187.5724812169	-1.35169355627675e-05	5.41127068463129e-06	1.95516492352052e-05
187.682236911	-1.34927846646416e-05	5.34354857256088e-06	1.95896236943081e-05
187.79199260509998	-1.346481877728e-05	5.27549081905778e-06	1.96275244918437e-05
187.9017482992	-1.34330559359125e-05	5.20727076327179e-06	1.9665351936209e-05
188.01150399329998	-1.33975183095077e-05	5.13905742777143e-06	1.97031088767169e-05
188.1212596874	-1.3358238292996e-05	5.07100897947618e-06	1.97408005779894e-05
188.2310153815	-1.33152633570611e-05	5.00328574974925e-06	1.97784324474959e-05
188.3407710756	-1.32686559010172e-05	4.93605104909623e-06	1.98160087248064e-05
188.4505267697	-1.32184703376962e-05	4.86945648714816e-06	1.98535319062203e-05
188.56028246379998	-1.31647719773569e-05	4.80363402466635e-06	1.98910023242195e-05
188.6700381579	-1.31222335499878e-05	4.7548481502887e-06	1.9919070726968e-05
188.77979385199998	-1.3047138548738e-05	4.67479327476438e-06	1.99657869957482e-05
188.8895495461	-1.29833281068643e-05	4.6120435962757e-06	2.00031042701895e-05
188.9993052402	-1.29163011231585e-05	4.55056116809343e-06	2.00403739647226e-05
189.1090609343	-1.28461484103481e-05	4.49045558628321e-06	2.00775959561053e-05
189.2188166284	-1.27729534859729e-05	4.43181209811705e-06	2.01147679492967e-05
189.32857232249998	-1.26968003088003e-05	4.37470205973244e-06	2.01518870145076e-05
189.4383280166	-1.26177539093496e-05	4.3191805272976e-06	2.01889505671603e-05
189.54808371069998	-1.25358842668597e-05	4.26530375601187e-06	2.02259567602352e-05
189.6578394048	-1.24512552486223e-05	4.2131176112038e-06	2.02629042469859e-05
189.7675950989	-1.23639372997583e-05	4.1626527203473e-06	2.02997928305665e-05
189.877350793	-1.22740017517177e-05	4.11393841710525e-06	2.03366237762446e-05
189.9871064871	-1.21815144028112e-05	4.06700226017021e-06	2.03734003052477e-05
190.09686218119998	-1.20865272195549e-05	4.02186779628428e-06	2.04101261685572e-05
190.2066178753	-1.19890785878505e-05	3.97854967901403e-06	2.04468051004239e-05
190.31637356939999	-1.18891923485254e-05	3.93706191619169e-06	2.04834389703201e-05
190.4261292635	-1.17868869894689e-05	3.89741861789527e-06	2.05200283416108e-05
190.5358849576	-1.17085745368631e-05	3.86890506897816e-06	2.05474404942587e-05
190.64564065169998	-1.15750373248998e-05	3.82372892237733e-06	2.05925681995194e-05
190.7553963458	-1.14654760058609e-05	3.78972189501649e-06	2.06290101754104e-05
190.86515203989998	-1.13534637021135e-05	3.75762898146745e-06	2.06653971388071e-05
190.974907734	-1.12389719594239e-05	3.72747164825818e-06	2.0701726002769e-05
191.0846634281	-1.11219584191857e-05	3.69929744144453e-06	2.07379972490295e-05
191.1944191222	-1.10023619791647e-05	3.67316897079533e-06	2.07742074584435e-05
191.3041748163	-1.08801094424462e-05	3.64915831362199e-06	2.08103536616265e-05
191.41393051039998	-1.07551413100767e-05	3.62735570420356e-06	2.0846432545815e-05
191.5236862045	-1.06274046756757e-05	3.60786705699668e-06	2.08824413130555e-05
191.63344189859998	-1.04968469504896e-05	3.59082760705054e-06	2.09183781315692e-05
191.7431975927	-1.03634663225953e-05	3.57627774915751e-06	2.09542418683272e-05
191.8529532868	-1.0227167115095e-05	3.56450601048741e-06	2.0990031254733e-05
191.9627089809	-1.00879647992869e-05	3.55558599824324e-06	2.10257455459712e-05
192.072464675	-9.94584002076339e-06	3.54971549623841e-06	2.10613839880811e-05
192.18222036909998	-9.80079802399248e-06	3.54708132205677e-06	2.1096945190339e-05
192.2919760632	-9.65285791394781e-06	3.54788383357999e-06	2.11324273733608e-05
192.40173175729998	-9.50199358331315e-06	3.55231745635727e-06	2.11678282645375e-05
192.5114874514	-9.34835983055635e-06	3.56061638198006e-06	2.12031464179724e-05
192.6212431455	-9.19193520393756e-06	3.57299569135475e-06	2.12383803148973e-05
192.7309988396	-9.03276556419879e-06	3.58967499078137e-06	2.12735286893504e-05
192.8407545337	-8.87092255815817e-06	3.61086334517669e-06	2.13085919254347e-05
192.95051022779998	-8.7064489092398e-06	3.63680707328726e-06	2.13435710235428e-05
193.0602659219	-8.53962079191565e-06	3.66766497952092e-06	2.13784671448693e-05
193.17002161599999	-8.37044707647383e-06	3.7036792366629e-06	2.1413280095484e-05
193.2797773101	-8.19910766120142e-06	3.74507269736347e-06	2.14480102975928e-05
193.3895330042	-8.02576379675231e-06	3.79206299246548e-06	2.14826582307958e-05
193.49928869829998	-7.85059465813608e-06	3.84486401604395e-06	2.15172240961087e-05
193.6090443924	-7.67379009104708e-06	3.90369330683725e-06	2.15517076285594e-05
193.71880008649998	-7.49554627978078e-06	3.96876947501929e-06	2.15861084944612e-05
193.8285557806	-7.31607430215927e-06	4.04029891888502e-06	2.16204258973416e-05
193.9383114747	-7.13560914282045e-06	4.11848147132761e-06	2.16546600712366e-05
194.0480671688	-6.95441584657258e-06	4.20351177320817e-06	2.16888113258764e-05
194.1578228629	-6.77278458853123e-06	4.29556980678223e-06	2.17228806372416e-05
194.26757855699998	-6.59096694530007e-06	4.3947936665205e-06	2.17568435675733e-05
194.3773342511	-6.40942159560322e-06	4.50138060153841e-06	2.17907793131277e-05
194.48708994519998	-6.22840127432491e-06	4.6154307717812e-06	2.18246108655548e-05
194.5968456393	-6.04824214286944e-06	4.73706337367258e-06	2.18583654216313e-05
194.7066013334	-5.86927673022452e-06	4.86638143519742e-06	2.18920444671618e-05
194.8163570275	-5.69185605621482e-06	5.00347376346834e-06	2.1925649993844e-05
194.9261127216	-5.51635301413146e-06	5.14841608421013e-06	2.19591845184845e-05
195.03586841569998	-5.34315978884352e-06	5.30126217321721e-06	2.19926511626727e-05
195.1456241098	-5.17268090199066e-06	5.4620539081506e-06	2.20260538918747e-05
195.25537980389998	-5.00533152300349e-06	5.63081461590919e-06	2.20593973411737e-05
195.365135498	-4.84153251048641e-06	5.80755143560404e-06	2.20926894845022e-05
195.4748911921	-4.68172521610581e-06	5.99224718244437e-06	2.21259400383024e-05
195.5846468862	-4.52636563480287e-06	6.18485750877117e-06	2.21591577651502e-05
195.6944025803	-4.37591707218067e-06	6.38530524322283e-06	2.21923495472734e-05
195.80415827439998	-4.23083529306262e-06	6.59348003879773e-06	2.22255221125549e-05
195.9139139685	-4.091577858426e-06	6.80924277646337e-06	2.22586821083268e-05
196.02366966259999	-3.95858802071059e-06	7.0324185659157e-06	2.22918357011924e-05
196.1334253567	-3.83230530025206e-06	7.26279667354911e-06	2.23249877959825e-05
196.2431810508	-3.71315609967797e-06	7.50014088495926e-06	2.23581415288434e-05
196.35293674489998	-3.60160831984971e-06	7.74420330004012e-06	2.23912988943842e-05
196.462692439	-3.49797819559906e-06	7.99466835308438e-06	2.24244619257194e-05
196.57244813309998	-3.4027164351878e-06	8.25123713394229e-06	2.24576334139259e-05
196.6822038272	-3.31620994938568e-06	8.51358481824792e-06	2.24908176418015e-05
196.7919595213	-3.23882886894012e-06	8.78136996858695e-06	2.25240183682439e-05
196.9017152154	-3.17092156253308e-06	9.05423109067521e-06	2.25572395097313e-05
197.0114709095	-3.11282843457326e-06	9.33178753199088e-06	2.25904835808467e-05
197.12122660359998	-3.06487420311321e-06	9.6136169212959e-06	2.26237545454762e-05
197.2309822977	-3.02737691787279e-06	9.89930621985716e-06	2.26570812151691e-05
197.34073799179998	-3.00064008195337e-06	1.01883735387434e-05	2.26904256289025e-05
197.4504936859	-2.9849571211664e-06	1.04803255124937e-05	2.27238197598071e-05
197.56024938	-2.98057308762773e-06	1.07746890004756e-05	2.2757273207337e-05
197.6700050741	-2.9877301065452e-06	1.10709199710822e-05	2.27907943668968e-05
197.7797607682	-3.00663182583292e-06	1.13684869431856e-05	2.28243913576296e-05
197.88951646229998	-3.03745307251177e-06	1.16667940680025e-05	2.28580717970342e-05
197.9992721564	-3.08033599020368e-06	1.19652554650154e-05	2.28918434104005e-05
198.10902785049998	-3.13538375207195e-06	1.22632919471624e-05	2.29257140297755e-05
198.2187835446	-3.20267471194935e-06	1.25603128753413e-05	2.29596922928603e-05
198.3285392387	-3.28225664890139e-06	1.28557078976699e-05	2.2993787386121e-05
198.4382949328	-3.37414710344991e-06	1.31488510900606e-05	2.30280090612156e-05
198.5480506269	-3.47832793029673e-06	1.34391059541493e-05	2.30623666310108e-05
198.65780632099998	-3.59473646190468e-06	1.37258217854321e-05	2.30968673448944e-05
198.7675620151	-3.72326508587718e-06	1.40083714544599e-05	2.31315160322472e-05
198.87731770919999	-3.86379318702191e-06	1.42861070617986e-05	2.31663152041409e-05
198.9870734033	-4.01614037692855e-06	1.45584018090866e-05	2.32012658704125e-05
199.0968290974	-4.18007874582794e-06	1.48246325999426e-05	2.32363683189565e-05
199.20658479149998	-4.35535401412834e-06	1.50841496861848e-05	2.32716231647509e-05
199.3163404856	-4.5416392946133e-06	1.53364687077446e-05	2.33070318649142e-05
199.42609617969998	-4.73863300783359e-06	1.55809854610939e-05	2.33425974133798e-05
199.5358518738	-4.9459945727994e-06	1.58171718215856e-05	2.33783218142614e-05
199.6456075679	-5.16326907394151e-06	1.60444657705512e-05	2.34142062788838e-05
199.755363262	-5.39030134179341e-06	1.62624571618073e-05	2.3450251767688e-05
199.8651189561	-5.62649568687025e-06	1.64705801255761e-05	2.34864594873603e-05
199.97487465019998	-5.87143736662861e-06	1.66684214608957e-05	2.35228301742108e-05
200.0846303443	-6.12470181848879e-06	1.68553799491278e-05	2.35593644738919e-05
200.19438603839998	-6.38579141582291e-06	1.70310792944719e-05	2.3596063157248e-05
200.3041417325	-6.65423567612077e-06	1.71951330635724e-05	2.36329269878628e-05
200.4138974266	-6.92940201538119e-06	1.7347137498867e-05	2.36699568347831e-05
200.5236531207	-7.21074482612483e-06	1.74866385723144e-05	2.37071538308284e-05
200.6334088148	-7.49760505456114e-06	1.76135531967916e-05	2.37445201298907e-05
200.74316450889998	-7.78949975261068e-06	1.77274291173247e-05	2.37820576414546e-05
200.852920203	-8.0858048466359e-06	1.78280470766608e-05	2.38197688634739e-05
200.96267589709998	-8.38589652369861e-06	1.79151592230986e-05	2.38576565570899e-05
201.0724315912	-8.68913213672508e-06	1.79885431442491e-05	2.38957233458244e-05
201.1821872853	-8.99484763417402e-06	1.8048015446352e-05	2.39339720515799e-05
201.2919429794	-9.30235176455699e-06	1.80934318043243e-05	2.39724049489494e-05
201.4016986735	-9.610950485762e-06	1.81246817007511e-05	2.40110235651303e-05
201.51145436759998	-9.91994259854584e-06	1.81416929213207e-05	2.40498272650747e-05
201.6212100617	-1.02286184223762e-05	1.8144437929942e-05	2.40888136598031e-05
201.73096575579999	-1.05362467131348e-05	1.81329550440119e-05	2.41279797628417e-05
201.8407214499	-1.0842157912238e-05	1.81072192051033e-05	2.41673212361549e-05
201.950477144	-1.1145596238014e-05	1.80674117795812e-05	2.42068344994298e-05
202.06023283809998	-1.14458622629252e-05	1.80136726423753e-05	2.42465171446966e-05
202.1699885322	-1.17422602723756e-05	1.79462066086346e-05	2.42863663008338e-05
202.27974422629998	-1.20341162957902e-05	1.78652456151198e-05	2.43263785337688e-05
202.3894999204	-1.23207732477024e-05	1.77710387342096e-05	2.43665510710945e-05
202.4992556145	-1.26016049332522e-05	1.76638735750108e-05	2.44068808546167e-05
202.6090113086	-1.2876063082756e-05	1.75440913096288e-05	2.44473652874888e-05
202.7187670027	-1.31434315309016e-05	1.74120350335713e-05	2.44880030725231e-05
202.82852269679998	-1.34031847627924e-05	1.72681054082797e-05	2.4528793678203e-05
202.9382783909	-1.36547608474498e-05	1.71127093004697e-05	2.45697349860398e-05
203.04803408499998	-1.38976318393904e-05	1.69462858330244e-05	2.46108243957377e-05
203.1577897791	-1.4131298838366e-05	1.6769314050386e-05	2.46520592546316e-05
203.2675454732	-1.4355276758511e-05	1.658235163899e-05	2.46934378490304e-05
203.3773011673	-1.45691195365701e-05	1.63858134075992e-05	2.47349585854624e-05
203.4870568614	-1.47725226267753e-05	1.61802366019641e-05	2.47766240985142e-05
203.59681255549998	-1.49649638999105e-05	1.59664202503276e-05	2.48184072784853e-05
203.7065682496	-1.51461826659162e-05	1.57447504830367e-05	2.48603216783561e-05
203.81632394369998	-1.53158481847752e-05	1.55158704547737e-05	2.49023533383326e-05
203.9260796378	-1.54736751067617e-05	1.52804042178519e-05	2.49444945666023e-05
204.0358353319	-1.56194275287042e-05	1.50389622768857e-05	2.49867371916939e-05
204.145591026	-1.57528931488726e-05	1.4792178517252e-05	2.50290740571181e-05
204.2553467201	-1.58739014251379e-05	1.45406872632644e-05	2.50714981647558e-05
204.36510241419998	-1.59823196528418e-05	1.42851254937169e-05	2.5114003691696e-05
204.4748581083	-1.60780611778259e-05	1.40261370300495e-05	2.51565876888076e-05
204.58461380239999	-1.61610927080028e-05	1.37643737935514e-05	2.51992487428291e-05
204.6943694965	-1.62313812182337e-05	1.35004557630714e-05	2.52419850553928e-05
204.8041251906	-1.62889725780648e-05	1.32350241233548e-05	2.52847941463729e-05
204.91388088469998	-1.63339109100043e-05	1.2968691145676e-05	2.53276721031914e-05
205.0236365788	-1.63662765349971e-05	1.2702061670167e-05	2.5370614208177e-05
205.13339227289998	-1.63861811120791e-05	1.24357305407002e-05	2.54136160139291e-05
205.243147967	-1.63937662469286e-05	1.21702800597564e-05	2.54566741456265e-05
205.3529036611	-1.63891939360185e-05	1.19062848917658e-05	2.54997867794648e-05
205.4626593552	-1.63726456528454e-05	1.16443034484874e-05	2.55429538024068e-05
205.5724150493	-1.63443350150912e-05	1.13848666935079e-05	2.55861750153402e-05
205.68217074339998	-1.63044925169945e-05	1.11284524428992e-05	2.56294494662589e-05
205.7919264375	-1.62533866680659e-05	1.08755861925321e-05	2.56727731173556e-05
205.90168213159998	-1.61912961006182e-05	1.06267256100061e-05	2.57161402868222e-05
206.0114378257	-1.61185197811376e-05	1.03823245713197e-05	2.57595456672959e-05
206.1211935198	-1.60353630409069e-05	1.01428343665912e-05	2.58029849302049e-05
206.2309492139	-1.59421773996471e-05	9.90864494247311e-06	2.58464561383189e-05
206.340704908	-1.5839313065565e-05	9.68016643121315e-06	2.58899622278802e-05
206.45046060209998	-1.57271428253551e-05	9.45777584514556e-06	2.593350817307e-05
206.5602162962	-1.56060425141418e-05	9.2418347624386e-06	2.59770990738174e-05
206.66997199029998	-1.54764155697952e-05	9.03266670585972e-06	2.60207375568204e-05
206.7797276844	-1.5338661516154e-05	8.83057355699115e-06	2.60644240094398e-05
206.8894833785	-1.51932271310933e-05	8.63586401567744e-06	2.61081541671125e-05
206.99923907259998	-1.50405194965694e-05	8.4487810445165e-06	2.61519204389132e-05
207.1089947667	-1.48809731636223e-05	8.26955407385668e-06	2.61957140385916e-05
207.21875046079998	-1.47150194961296e-05	8.09837858067445e-06	2.62395269637702e-05
207.3285061549	-1.4543094885646e-05	7.9354260622995e-06	2.62833530265568e-05
207.43826184899999	-1.43656531335126e-05	7.7808165043252e-06	2.63272355372506e-05
207.5480175431	-1.41831591976275e-05	7.63468825787014e-06	2.63710846434645e-05
207.6577732372	-1.39960219869854e-05	7.49712653845586e-06	2.64149493060164e-05
207.76752893129998	-1.38048071019056e-05	7.36822430226281e-06	2.64588307604699e-05
207.8772846254	-1.36098894827042e-05	7.24802244588904e-06	2.6502725887669e-05
207.98704031949998	-1.3411692529729e-05	7.13654688109094e-06	2.65466277878263e-05
208.0967960136	-1.32106312695031e-05	7.03380463121863e-06	2.65905281241253e-05
208.2065517077	-1.30071184413137e-05	6.93978395268705e-06	2.66344205921171e-05
208.3163074018	-1.28015663812011e-05	6.85445918693887e-06	2.66783015783226e-05
208.4260630959	-1.25943829733181e-05	6.77779205240432e-06	2.67221702573534e-05
208.53581878999998	-1.23859618521882e-05	6.70972491203483e-06	2.67660278402482e-05
208.6455744841	-1.21766834968727e-05	6.65017863797819e-06	2.68098758941673e-05
208.75533017819998	-1.19669147605416e-05	6.59906232202406e-06	2.68537146144097e-05
208.8650858723	-1.17570145633191e-05	6.55626824942916e-06	2.68975410362206e-05
208.9748415664	-1.15473283102323e-05	6.52166491104627e-06	2.69413492526385e-05
209.0845972605	-1.13381964402906e-05	6.49511031032387e-06	2.69851317592793e-05
209.1943529546	-1.11299546410937e-05	6.47645945397652e-06	2.70288814526783e-05
209.30410864869998	-1.09229193420651e-05	6.46556132384039e-06	2.7072593921675e-05
209.4138643428	-1.07173864207097e-05	6.4622506726794e-06	2.71162688509805e-05
209.52362003689998	-1.05136477224991e-05	6.46634781046298e-06	2.7159909133542e-05
209.633375731	-1.0312016640526e-05	6.47761253530525e-06	2.72035191121832e-05
209.7431314251	-1.01127153679713e-05	6.495951650665e-06	2.72471025150064e-05
209.85288711919998	-9.91605064097211e-06	6.52106895092292e-06	2.72906613227938e-05
209.9626428133	-9.72224651230397e-06	6.55277605008295e-06	2.73341947202247e-05
210.07239850739998	-9.53155029480836e-06	6.59082301812979e-06	2.73777000091646e-05
210.1821542015	-9.3442066466463e-06	6.63499867903766e-06	2.74211721332342e-05
210.29190989559999	-9.16032039950857e-06	6.68501813061799e-06	2.74646056469757e-05
210.4016655897	-8.98012255883524e-06	6.74063408220507e-06	2.75079977642744e-05
210.5114212838	-8.80378148887404e-06	6.80157775234457e-06	2.7551348511395e-05
210.62117697789998	-8.63145405021956e-06	6.86757458440173e-06	2.75946585638605e-05
210.730932672	-8.46327378691278e-06	6.93834563868959e-06	2.76379419280033e-05
210.84068836609998	-8.29936882853107e-06	7.0136173490993e-06	2.76811919822792e-05
210.9504440602	-8.13983355955003e-06	7.09310583165426e-06	2.77244113278067e-05
211.0601997543	-7.98474466888617e-06	7.17653228235043e-06	2.77675967837991e-05
211.1699554484	-7.8341654366686e-06	7.26362775350645e-06	2.78107443956039e-05
211.2797111425	-7.68814260207814e-06	7.3541359969203e-06	2.7853850375802e-05
211.38946683659998	-7.5466949976574e-06	7.44779542387355e-06	2.78969122646378e-05
211.4992225307	-7.40982503675614e-06	7.54437772507226e-06	2.79399303450023e-05
211.60897822479998	-7.27752278660513e-06	7.64362086339229e-06	2.79829075781662e-05
211.7187339189	-7.14977193000846e-06	7.74529953209666e-06	2.80258481836024e-05
211.828489613	-7.0265537727043e-06	7.84919916150908e-06	2.80687554654787e-05
211.9382453071	-6.90784202328031e-06	7.95510899563452e-06	2.81116313044428e-05
212.0480010012	-6.79360552183629e-06	8.06282120650847e-06	2.81544792718943e-05
212.15775669529998	-6.68380662734874e-06	8.17212240637393e-06	2.81972872164571e-05
212.2675123894	-6.57839198536674e-06	8.28280649326457e-06	2.82400637441182e-05
212.37726808349998	-6.47730279074068e-06	8.39468307602973e-06	2.82828041272344e-05
212.4870237776	-6.38047231452636e-06	8.50757647671748e-06	2.83255086686384e-05
212.5967794717	-6.28783124558555e-06	8.62131752073143e-06	2.83681797045869e-05
212.70653516579998	-6.19930564669746e-06	8.73574572174852e-06	2.84108215931554e-05
212.8162908599	-6.11482383815836e-06	8.85071043024759e-06	2.84534401139132e-05
212.92604655399998	-6.03419903556762e-06	8.96602539153173e-06	2.84960490842892e-05
213.0358022481	-5.95759695405863e-06	9.08166133690963e-06	2.85386333520803e-05
213.14555794219999	-5.88473437509765e-06	9.19741500338611e-06	2.85812168615995e-05
213.2553136363	-5.81557198312292e-06	9.3131949956453e-06	2.86237939437322e-05
213.3650693304	-5.7500234263251e-06	9.42889984318919e-06	2.86663653082067e-05
213.47482502449998	-5.68799701068902e-06	9.54443381865678e-06	2.87089320024611e-05
213.5845807186	-5.62939968207261e-06	9.65969848238767e-06	2.87514956425591e-05
213.69433641269998	-5.5741365448858e-06	9.77460544913499e-06	2.87940590065757e-05
213.8040921068	-5.52211056576915e-06	9.88906624019987e-06	2.8836624661677e-05
213.9138478009	-5.4732306957938e-06	1.00030024034521e-05	2.88791950721084e-05
214.023603495	-5.42741118790004e-06	1.01163367959393e-05	2.8921772229862e-05
214.1333591891	-5.38456610366133e-06	1.02289909101738e-05	2.89647774742748e-05
214.24311488319998	-5.34460958923198e-06	1.03408843654089e-05	2.90073716414702e-05
214.3528705773	-5.30745883395741e-06	1.04519451932237e-05	2.90499763570045e-05
214.46262627139998	-5.27304580010774e-06	1.05621002903759e-05	2.90925921869288e-05
214.5723819655	-5.24127722431544e-06	1.06713292374726e-05	2.91352192452237e-05
214.6821376596	-5.21207911876608e-06	1.0779583661736e-05	2.9177859441318e-05
214.7918933537	-5.18536500477972e-06	1.08868375205571e-05	2.9220514471535e-05
214.9016490478	-5.16104430780386e-06	1.09930596063642e-05	2.92631877892235e-05
215.01140474189998	-5.13902107296168e-06	1.10982104555075e-05	2.93058838991168e-05
215.121160436	-5.11920930858389e-06	1.12022506093009e-05	2.93486051666623e-05
215.23091613009998	-5.1015370177768e-06	1.13051495994044e-05	2.93913506765841e-05
215.3406718242	-5.08593790542022e-06	1.14068795960658e-05	2.94341172220098e-05
215.4504275183	-5.07234302694956e-06	1.15074155697892e-05	2.94769005993357e-05
215.56018321239998	-5.06068014845276e-06	1.16067394965242e-05	2.95196968207984e-05
215.6699389065	-5.05087279293723e-06	1.17048388703298e-05	2.95625035507366e-05
215.77969460059998	-5.04285412055844e-06	1.18017020260001e-05	2.96053192206611e-05
215.8894502947	-5.03656902121763e-06	1.18973191518267e-05	2.96481431289781e-05
215.9992059888	-5.03196981185606e-06	1.19916787491683e-05	2.9690975824156e-05
216.1089616829	-5.02901729494375e-06	1.2084765109622e-05	2.973381773942e-05
216.218717377	-5.02766724721545e-06	1.21765603761419e-05	2.97766685871776e-05
216.32847307109998	-5.02788050480746e-06	1.22670321137012e-05	2.98195287194709e-05
216.4382287652	-5.02961854512793e-06	1.23561768609071e-05	2.98623988603476e-05
216.54798445929998	-5.03283704228082e-06	1.24439628136266e-05	2.99052788519128e-05
216.6577401534	-5.03749672935829e-06	1.25303741308091e-05	2.99482599782678e-05
216.7674958475	-5.04355636274028e-06	1.26153950215663e-05	2.99911551898168e-05
216.8772515416	-5.05096356652398e-06	1.26990075239748e-05	3.00340565943108e-05
216.9870072357	-5.05965950816886e-06	1.27811877789792e-05	3.00769612437674e-05
217.09676292979998	-5.06958734270837e-06	1.286190292254e-05	3.01198658448778e-05
217.2065186239	-5.08069278056349e-06	1.29411191830387e-05	3.0162767610625e-05
217.31627431799998	-5.09292488200785e-06	1.30188038960795e-05	3.02056632826521e-05
217.4260300121	-5.10622453952487e-06	1.30949207328496e-05	3.0248549938027e-05
217.5357857062	-5.12053285625732e-06	1.31694374319216e-05	3.02914250156951e-05
217.6455414003	-5.13577889641934e-06	1.32423377179165e-05	3.03342864849817e-05
217.7552970944	-5.15188762686443e-06	1.33136141926924e-05	3.03771316062446e-05
217.86505278849998	-5.16877285578125e-06	1.33832545610823e-05	3.04199561022138e-05
217.9748084826	-5.18634844445351e-06	1.34512457648595e-05	3.04627555801016e-05
218.08456417669998	-5.20453013451239e-06	1.35175819975655e-05	3.05055261152024e-05
218.1943198708	-5.22323598641272e-06	1.35822684185552e-05	3.05482641941059e-05
218.3040755649	-5.242416028932e-06	1.36453474771256e-05	3.05909660845997e-05
218.41383125899998	-5.26190076747422e-06	1.37067903972365e-05	3.06336276276573e-05
218.5235869531	-5.28164549887787e-06	1.37666329647688e-05	3.06762444518071e-05
218.63334264719998	-5.30155419797547e-06	1.38249185120973e-05	3.07188121679336e-05
218.7430983413	-5.32154056296601e-06	1.38816710317755e-05	3.0761325631396e-05
218.8528540354	-5.34151580472786e-06	1.39369274671478e-05	3.08037809388755e-05
218.9626097295	-5.36139273717531e-06	1.39907302871004e-05	3.08461744695887e-05
219.0723654236	-5.38109380764571e-06	1.40431213471608e-05	3.08885453526627e-05
219.18212111769998	-5.40055034060268e-06	1.40941456748081e-05	3.09307859413028e-05
219.2918768118	-5.41969612610623e-06	1.41438517024786e-05	3.09729798927031e-05
219.40163250589998	-5.43847006223128e-06	1.41922929637312e-05	3.10151051452715e-05
219.5113882	-5.45681117115397e-06	1.42395256849386e-05	3.10571617415199e-05
219.6211438941	-5.47466042455105e-06	1.42856184878539e-05	3.10991481349415e-05
219.7308995882	-5.49196540889921e-06	1.43306438062577e-05	3.11410631724529e-05
219.8406552823	-5.50867532086115e-06	1.43746738242794e-05	3.1182904142302e-05
219.95041097639998	-5.52474610716494e-06	1.4417785049116e-05	3.12246703674001e-05
220.0601666705	-5.5401343628184e-06	1.44600659418655e-05	3.12663622232095e-05
220.16992236459998	-5.55479871847901e-06	1.45016075618243e-05	3.13079812689623e-05
220.2796780587	-5.56869994306605e-06	1.45425009172397e-05	3.13495282669845e-05
220.3894337528	-5.58181094865089e-06	1.45828439161774e-05	3.13910024342924e-05
220.4991894469	-5.59411510030316e-06	1.4622735255966e-05	3.14324024584573e-05
220.608945141	-5.60560391014464e-06	1.46622722184514e-05	3.14737277300945e-05
220.71870083509998	-5.61627566680555e-06	1.47015567215091e-05	3.15149779390705e-05
220.8284565292	-5.62613019111864e-06	1.47406868075125e-05	3.15561536863607e-05
220.93821222329998	-5.63516702360552e-06	1.47797521146284e-05	3.15972549706376e-05
221.0479679174	-5.64338863059683e-06	1.48188434015128e-05	3.16382818958766e-05
221.1577236115	-5.65080718079882e-06	1.48580538912559e-05	3.16792349216449e-05
221.26747930559998	-5.65744863550509e-06	1.48974804637641e-05	3.17201154929545e-05
221.3772349997	-5.66335126005214e-06	1.49372274746362e-05	3.17609261471442e-05
221.48699069379998	-5.66854841018682e-06	1.49774039521661e-05	3.18016685951888e-05
221.5967463879	-5.67307403918346e-06	1.5018112981074e-05	3.18423435390539e-05
221.706502082	-5.6769662067753e-06	1.5059455237835e-05	3.18829505667833e-05
221.8162577761	-5.68026853526749e-06	1.51015359433516e-05	3.19234886912617e-05
221.9260134702	-5.68303286775831e-06	1.5144460142778e-05	3.19639576361648e-05
222.03576916429998	-5.68532142213775e-06	1.51883327281976e-05	3.20043568945627e-05
222.1455248584	-5.68719985622934e-06	1.52332619769038e-05	3.2044686173547e-05
222.25528055249998	-5.68873777362831e-06	1.52793491250195e-05	3.20849458410107e-05
222.3650362466	-5.69001004738879e-06	1.53266879003809e-05	3.21251382193914e-05
222.4747919407	-5.69110202008002e-06	1.53753670042442e-05	3.2165266069937e-05
222.5845476348	-5.69210751834899e-06	1.5425472657766e-05	3.22053321513832e-05
222.6943033289	-5.69313194050858e-06	1.54770854572635e-05	3.22453388826913e-05
222.80405902299998	-5.69427927442461e-06	1.55302889023382e-05	3.22852889251954e-05
222.9138147171	-5.69566084627196e-06	1.55851627364926e-05	3.23251847420253e-05
223.02357041119998	-5.69739713935786e-06	1.56417828792527e-05	3.23650283225597e-05
223.1333261053	-5.69962373741018e-06	1.57002272402355e-05	3.2404820906444e-05
223.2430817994	-5.7024865930671e-06	1.57605757925889e-05	3.24445630936968e-05
223.3528374935	-5.7061105668817e-06	1.58229574939661e-05	3.24842561859823e-05
223.4625931876	-5.71069676259317e-06	1.58872924905223e-05	3.25239026399865e-05
223.57234888169998	-5.71638529188975e-06	1.59536755043516e-05	3.25635054470007e-05
223.6821045758	-5.72334816307437e-06	1.60221426612349e-05	3.2603067221901e-05
223.79186026989998	-5.73181476755995e-06	1.60927540796296e-05	3.26425888466531e-05
223.901615964	-5.74184957593742e-06	1.61654869826396e-05	3.26820745026084e-05
224.0113716581	-5.75369037968159e-06	1.62403997248107e-05	3.27215231364775e-05
224.12112735219998	-5.76753379834988e-06	1.63175125888052e-05	3.27609371907851e-05
224.2308830463	-5.78358603228273e-06	1.63968294878878e-05	3.28003188406095e-05
224.34063874039998	-5.8020640110043e-06	1.64783504319024e-05	3.2839670937329e-05
224.4503944345	-5.82320352818754e-06	1.65620537140506e-05	3.28789966639745e-05
224.5601501286	-5.84724703155536e-06	1.6647907198024e-05	3.29183003200874e-05
224.6699058227	-5.87443549663688e-06	1.67358597011372e-05	3.2957587359919e-05
224.7796615168	-5.90501211711403e-06	1.68258339804749e-05	3.29968622549912e-05
224.88941721089998	-5.93922849619783e-06	1.69177380219372e-05	3.30361279551282e-05
224.999172905	-5.97734697102485e-06	1.70114594742211e-05	3.30753871307979e-05
225.10892859909998	-6.01963513159056e-06	1.71068759816279e-05	3.31146423137863e-05
225.2186842932	-6.0660593631303e-06	1.72029252785418e-05	3.31536776349289e-05
225.3284399873	-6.11772641444637e-06	1.7302218919129e-05	3.31927613026571e-05
225.4381956814	-6.17401006810071e-06	1.74018158316464e-05	3.32320192380336e-05
225.5479513755	-6.23543252099477e-06	1.7502435895007e-05	3.32712768877039e-05
225.65770706959998	-6.30222431974166e-06	1.76038651696165e-05	3.331053138048e-05
225.7674627637	-6.37460598448389e-06	1.77058678730396e-05	3.33497791620454e-05
225.87721845779998	-6.45278850985985e-06	1.78081833341788e-05	3.33890163821063e-05
225.9869741519	-6.53696848117566e-06	1.79105280921947e-05	3.3428238457793e-05
226.096729846	-6.6273319828154e-06	1.80125971513625e-05	3.34674402666315e-05
226.20648554009998	-6.72405842910261e-06	1.81140671898566e-05	3.35066169369216e-05
226.3162412342	-6.82731006635035e-06	1.82145969902147e-05	3.35457625270377e-05
226.42599692829998	-6.93722533739195e-06	1.83138361938813e-05	3.35848716467555e-05
226.5357526224	-7.0539195340426e-06	1.84114279968685e-05	3.36239402080343e-05
226.64550831649998	-7.17748968161672e-06	1.85069999465775e-05	3.36629658005132e-05
226.7552640106	-7.30801091302437e-06	1.86001690397668e-05	3.3701946478231e-05
226.8650197047	-7.44554083369979e-06	1.86905431667011e-05	3.37408812023506e-05
226.97477539879998	-7.59011876699749e-06	1.8777725300172e-05	3.37797702553025e-05
227.0845310929	-7.7417614588815e-06	1.88613108318397e-05	3.38186152781707e-05
227.19428678699998	-7.90047036013764e-06	1.89408919647899e-05	3.3857417964103e-05
227.3040424811	-8.06622801863845e-06	1.90160497967016e-05	3.38961791351193e-05
227.4137981752	-8.23899377758786e-06	1.90863575741094e-05	3.39348989822781e-05
227.5235538693	-8.41870142403252e-06	1.91513811617344e-05	3.39735771666982e-05
227.6333095634	-8.60525289365788e-06	1.92106952062073e-05	3.40122119380319e-05
227.74306525749998	-8.79855653045979e-06	1.92638235721144e-05	3.40508045254102e-05
227.8528209516	-8.99844469394973e-06	1.93103513504382e-05	3.40893507237202e-05
227.96257664569998	-9.20475177659188e-06	1.93498681707255e-05	3.41280139895383e-05
228.0723323398	-9.4172925348019e-06	1.93818324451247e-05	3.41664087477635e-05
228.1820880339	-9.63584702551816e-06	1.94059196204825e-05	3.42048102971875e-05
228.291843728	-9.86018711527541e-06	1.94217353856323e-05	3.42431933945672e-05
228.4015994221	-1.00899994218095e-05	1.94287936003502e-05	3.4281503169596e-05
228.51135511619998	-1.03229146261356e-05	1.94266802566371e-05	3.43191228857034e-05
228.6211108103	-1.05650547605703e-05	1.94152468612741e-05	3.4356998149243e-05
228.73086650439998	-1.08096847784731e-05	1.93938291390044e-05	3.43951458583816e-05
228.8406221985	-1.1058601936294e-05	1.9362157093681e-05	3.44332489264363e-05
228.9503778926	-1.1311432020724e-05	1.93198537865805e-05	3.44713095912988e-05
229.06013358669998	-1.15678044051289e-05	1.92665878324079e-05	3.45093331142969e-05
229.1698892808	-1.18272900290011e-05	1.92019977309185e-05	3.45473219133939e-05
229.27964497489998	-1.20894467266788e-05	1.91257446255802e-05	3.4585278024328e-05
229.389400669	-1.23538072480395e-05	1.90375118448751e-05	3.4623202816617e-05
229.49915636309998	-1.26198809018973e-05	1.89370070569237e-05	3.46610980213846e-05
229.6089120572	-1.28871522905229e-05	1.88239570463669e-05	3.46989652299628e-05
229.7186677513	-1.31550900700899e-05	1.8698097805889e-05	3.47368046222329e-05
229.82842344539998	-1.34231278194858e-05	1.8559210638846e-05	3.47746129660432e-05
229.9381791395	-1.36907037019165e-05	1.84070739944621e-05	3.48123891351607e-05
230.04793483359998	-1.39572314164201e-05	1.82415055161328e-05	3.48501298986631e-05
230.1576905277	-1.42221134010823e-05	1.80623532285284e-05	3.48878326291744e-05
230.2674462218	-1.44847289369637e-05	1.78694992693242e-05	3.4925495570062e-05
230.3772019159	-1.4744438322295e-05	1.76628563187271e-05	3.49631185043138e-05
230.48695761	-1.50005997615103e-05	1.74423627249387e-05	3.50007033043585e-05
230.59671330409998	-1.52525738482035e-05	1.72079873333316e-05	3.50382535237346e-05
230.7064689982	-1.54997153210252e-05	1.69597331314981e-05	3.50757734081268e-05
230.81622469229998	-1.57413727991463e-05	1.66976323182727e-05	3.51132676665071e-05
230.9259803864	-1.59768909408929e-05	1.64217454252144e-05	3.51507412603264e-05
231.0357360805	-1.62056669162045e-05	1.61321544948286e-05	3.51881985560114e-05
231.1454917746	-1.64269250635072e-05	1.58290045085785e-05	3.5225644027194e-05
231.2552474687	-1.66400687181518e-05	1.55124421029982e-05	3.5263082195671e-05
231.36500316279998	-1.68444619774517e-05	1.51825933701261e-05	3.53005165432277e-05
231.4747588569	-1.70394004873656e-05	1.48397981747177e-05	3.53379488341718e-05
231.58451455099998	-1.72242625470966e-05	1.4484225958742e-05	3.53753791093414e-05
231.6942702451	-1.7398416067247e-05	1.41161635803219e-05	3.54128070636493e-05
231.8040259392	-1.75612272062081e-05	1.37359280163677e-05	3.54502321252683e-05
231.91378163329998	-1.77120685787813e-05	1.33438698293339e-05	3.54876540364138e-05
232.0235373274	-1.78503223689001e-05	1.29403731982013e-05	3.55255966953439e-05
232.13329302149998	-1.79753921907998e-05	1.25258207045524e-05	3.5563011497277e-05
232.2430487156	-1.80866946643842e-05	1.21006740558011e-05	3.56004174308949e-05
232.35280440969998	-1.81836842843345e-05	1.16653581384557e-05	3.56378167541816e-05
232.4625601038	-1.8265805791362e-05	1.12204073003871e-05	3.56752091279e-05
232.5723157979	-1.83325343528282e-05	1.07663429117213e-05	3.57125953693177e-05
232.68207149199998	-1.83833071862276e-05	1.03037120747046e-05	3.5749976258077e-05
232.7918271861	-1.84177341607986e-05	9.83312589661906e-06	3.5787352769595e-05
232.90158288019998	-1.84352965936072e-05	9.35518551926679e-06	3.58247259194908e-05
233.0113385743	-1.84355573855453e-05	8.87053102799854e-06	3.58620958030782e-05
233.1210942684	-1.84181095463775e-05	8.37982411098738e-06	3.58994619983549e-05
233.2308499625	-1.83825747644341e-05	7.88374507028271e-06	3.59368231566751e-05
233.3406056566	-1.83286032260051e-05	7.38299088757464e-06	3.59741760241751e-05
233.45036135069998	-1.82558766180443e-05	6.87828333727607e-06	3.60115145805296e-05
233.5601170448	-1.81641013201065e-05	6.37036015462678e-06	3.60488307701074e-05
233.66987273889998	-1.80530136357586e-05	5.85996325048056e-06	3.60861148838938e-05
233.779628433	-1.79223740150755e-05	5.3478453129572e-06	3.61233569819458e-05
233.8893841271	-1.777197097852e-05	4.83476997042982e-06	3.61605474736732e-05
233.9991398212	-1.76016173198655e-05	4.3215137276865e-06	3.61976776298233e-05
234.1088955153	-1.74111665469359e-05	3.80883829589567e-06	3.62347379312143e-05
234.21865120939998	-1.72005025230711e-05	3.29754151083009e-06	3.62717185981967e-05
234.3284069035	-1.69695394415037e-05	2.78842401497048e-06	3.63086091971017e-05
234.43816259759998	-1.67182332243375e-05	2.28230177200715e-06	3.63453995238345e-05
234.5479182917	-1.6446571046878e-05	1.77999618566362e-06	3.63820813021129e-05
234.6576739858	-1.6154563110019e-05	1.28233395203305e-06	3.64186496031165e-05
234.76742967989998	-1.5842263210014e-05	7.90140889766916e-07	3.64551053204683e-05
234.877185374	-1.55097481946695e-05	3.0423505250692e-07	3.64914412771995e-05
234.98694106809998	-1.51571398357872e-05	-1.74530619106379e-07	3.65276656314682e-05
235.0966967622	-1.47845355802689e-05	-6.45331960124961e-07	3.65637717000616e-05
235.20645245629998	-1.43922193859196e-05	-1.1074178984753e-06	3.65997686958752e-05
235.3162081504	-1.39803601765166e-05	-1.55989335676908e-06	3.66356411907124e-05
235.4259638445	-1.35491944522689e-05	-2.00194683580792e-06	3.6671387963322e-05
235.53571953859998	-1.30989997977359e-05	-2.43276403113914e-06	3.67070048381767e-05
235.6454752327	-1.26300872209671e-05	-2.85153179496535e-06	3.67424888019946e-05
235.75523092679998	-1.21428188254932e-05	-3.25744695654687e-06	3.67778375121826e-05
235.8649866209	-1.16376001294887e-05	-3.64970893871432e-06	3.68130479886161e-05
235.974742315	-1.11148785482743e-05	-4.02752056435588e-06	3.68481175899201e-05
236.0844980091	-1.05751232292378e-05	-4.39009894065575e-06	3.68830433307406e-05
236.1942537032	-1.001886751974e-05	-4.73673923290235e-06	3.69178217653589e-05
236.30400939729998	-9.44658630630748e-06	-5.06658047862077e-06	3.69524491432323e-05
236.4137650914	-8.85887828710995e-06	-5.37896765572099e-06	3.69869223239851e-05
236.52352078549998	-8.25640532294367e-06	-5.67322453039369e-06	3.70212392956864e-05
236.6332764796	-7.63977044831944e-06	-5.94862736804917e-06	3.70553984617621e-05
236.7430321737	-7.00967134260313e-06	-6.20453256197464e-06	3.70893992709858e-05
236.8527878678	-6.36682337412308e-06	-6.44032100785315e-06	3.71232408539036e-05
236.9625435619	-5.71197392713838e-06	-6.6554105768642e-06	3.71569222734763e-05
237.07229925599998	-5.04591325539622e-06	-6.84923571899115e-06	3.7190442102111e-05
237.1820549501	-4.3693793697272e-06	-7.02129831198598e-06	3.72237973409843e-05
237.29181064419998	-3.683321129986e-06	-7.17105873904594e-06	3.72569825976266e-05
237.4015663383	-2.98851895114671e-06	-7.29809282897132e-06	3.72899905862197e-05
237.5113220324	-2.28582360548773e-06	-7.40198375435974e-06	3.73228129913044e-05
237.62107772649998	-1.57612518598201e-06	-7.48235537968574e-06	3.73554417092222e-05
237.7308334206	-8.60326137966406e-07	-7.53885532266623e-06	3.73878708134664e-05
237.84058911469998	-1.39337023870907e-07	-7.57116920410812e-06	3.74200968349548e-05
237.9503448088	5.85962136934696e-07	-7.57899892022076e-06	3.74521169823036e-05
238.06010050289999	1.31456839528466e-06	-7.56217562003276e-06	3.74839279097517e-05
238.169856197	2.04555631410131e-06	-7.52045337157046e-06	3.75155253857646e-05
238.2796118911	2.7779665610136e-06	-7.4536667362088e-06	3.75469030183155e-05
238.38936758519998	3.51083492035813e-06	-7.36169045433521e-06	3.75780536424318e-05
238.4991232793	4.24319171242991e-06	-7.24444080886314e-06	3.7608969442689e-05
238.60887897339998	4.97406811050978e-06	-7.10188356338153e-06	3.76396434499087e-05
238.7186346675	5.70249650368402e-06	-6.93401950628842e-06	3.76700705380836e-05
238.8283903616	6.427499107507e-06	-6.74088891313302e-06	3.77002454888085e-05
238.9381460557	7.14813482082452e-06	-6.52255382434263e-06	3.77301656354606e-05
239.0479017498	7.86341444763882e-06	-6.27913410549692e-06	3.77598256683354e-05
239.15765744389998	8.57235725741472e-06	-6.01077462052781e-06	3.7789217027969e-05
239.267413138	9.27398255952257e-06	-5.71765444392585e-06	3.78183318549077e-05
239.37716883209998	9.9672899746526e-06	-5.39995918814772e-06	3.78473462006175e-05
239.4869245262	1.0651316825276e-05	-5.05806589835508e-06	3.78758767018203e-05
239.5966802203	1.13252029277487e-05	-4.69221440903381e-06	3.79040999073845e-05
239.7064359144	1.19879125066998e-05	-4.30278539526002e-06	3.79320108131658e-05
239.8161916085	1.26385597673825e-05	-3.89019424190902e-06	3.79596068005125e-05
239.92594730259998	1.32762331894561e-05	-3.45486903272902e-06	3.79868905387209e-05
240.0357029967	1.39000456620442e-05	-2.99728153450846e-06	3.80138528168017e-05
240.14545869079998	1.45091530113147e-05	-2.5179545723585e-06	3.80405035569005e-05
240.2552143849	1.51026891920159e-05	-2.01744199549052e-06	3.80668368078962e-05
240.364970079	1.56798244848777e-05	-1.49633950661273e-06	3.80928497724762e-05
240.47472577309998	1.6239763920963e-05	-9.55266439763853e-07	3.81185359668347e-05
240.5844814672	1.67817363273756e-05	-3.94876027567886e-07	3.81438914403911e-05
240.69423716129998	1.73050064715902e-05	1.84141810646047e-07	3.81689134475057e-05
240.8039928554	1.78088695340277e-05	7.81087591213546e-07	3.81936008369759e-05
240.91374854949999	1.82926711736533e-05	1.39533259565183e-06	3.82179526943876e-05
241.0235042436	1.87557449245317e-05	2.02601761422842e-06	3.82419682448983e-05
241.1332599377	1.91974801330212e-05	2.67238543782736e-06	3.82656470923282e-05
241.24301563179998	1.9617318549098e-05	3.33365662564957e-06	3.82889908689523e-05
241.3527713259	2.00146672391402e-05	4.00892774949155e-06	3.83119964705611e-05
241.46252701999998	2.03890427618642e-05	4.69737991544067e-06	3.8334668565199e-05
241.5722827141	2.07399351890275e-05	5.39817266386544e-06	3.83570064105781e-05
241.6820384082	2.10669812086706e-05	6.11037980765338e-06	3.83790099053803e-05
241.7917941023	2.13697235114845e-05	6.83313799618924e-06	3.84006787694886e-05
241.9015497964	2.16478001100018e-05	7.56553897332088e-06	3.84220128897204e-05
242.01130549049998	2.19009029271242e-05	8.30666815001672e-06	3.84430127804772e-05
242.1210611846	2.21287363874287e-05	9.05560482808844e-06	3.84636790242934e-05
242.23081687869998	2.23310058493468e-05	9.8114368282466e-06	3.84840109270532e-05
242.3405725728	2.25075689380681e-05	1.05731731546318e-05	3.850400632849e-05
242.4503282669	2.26581955586981e-05	1.13398783616947e-05	3.85236606004334e-05
242.560083961	2.27827462807242e-05	1.21106259418221e-05	3.854296773854e-05
242.6698396551	2.28810965567595e-05	1.288446758817e-05	3.85619229507485e-05
242.77959534919998	2.29531552241353e-05	1.36604345819669e-05	3.85805231495169e-05
242.8893510433	2.29988967072469e-05	1.44375746637964e-05	3.85987675125004e-05
242.99910673739998	2.30183613682031e-05	1.52150618543744e-05	3.86166567736619e-05
243.1088624315	2.30114589269014e-05	1.59916256665643e-05	3.86341924347543e-05
243.2186181256	2.29783599917635e-05	1.67665846298502e-05	3.86513761561958e-05
243.32837381969998	2.29191426408572e-05	1.75389360524686e-05	3.86682097462411e-05
243.4381295138	2.28339322339606e-05	1.83077433788271e-05	3.8684694882483e-05
243.54788520789998	2.27228605143846e-05	1.90721075407422e-05	3.87008336210147e-05
243.657640902	2.25861700484067e-05	1.98310599363485e-05	3.87166271710891e-05
243.76739659609999	2.2424096821686e-05	2.05837281076412e-05	3.87320769287404e-05
243.8771522902	2.22368081861722e-05	2.13292796288277e-05	3.87471855731962e-05
243.9869079843	2.20246980621676e-05	2.20668012125534e-05	3.87619578491616e-05
244.09666367839998	2.1788075974462e-05	2.27955074868395e-05	3.87763997342829e-05
244.2064193725	2.15273267689047e-05	2.35144319854946e-05	3.87905171810341e-05
244.31617506659998	2.12428257881152e-05	2.42227962891669e-05	3.88043139316068e-05
244.4259307607	2.09350029944362e-05	2.49197998438282e-05	3.8817791735797e-05
244.5356864548	2.06042850893461e-05	2.56046590282021e-05	3.88309513624853e-05
244.6454421489	2.02511616058274e-05	2.62765976305092e-05	3.88437950451263e-05
244.755197843	1.98760949477984e-05	2.6934892408934e-05	3.88562709305563e-05
244.86495353709998	1.94795898176367e-05	2.75788495730248e-05	3.88684956606976e-05
244.9747092312	1.90622345649582e-05	2.82077162069763e-05	3.88804165093952e-05
245.08446492529998	1.86245494400933e-05	2.88208367081001e-05	3.88920331177184e-05
245.1942206194	1.81670568593811e-05	2.94175100925954e-05	3.89033534620271e-05
245.3039763135	1.76903960013576e-05	2.99971806854185e-05	3.89143703628716e-05
245.41373200759998	1.71951398734645e-05	3.0559203578743e-05	3.8925087520377e-05
245.5234877017	1.66819008361625e-05	3.11029710082111e-05	3.89355062156873e-05
245.63324339579998	1.61513933315064e-05	3.16278271108041e-05	3.89456276990617e-05
245.7429990899	1.56040664918919e-05	3.21333767687784e-05	3.89554495935055e-05
245.85275478399998	1.50407617264774e-05	3.26189467932784e-05	3.89649858284435e-05
245.9625104781	1.44621241974731e-05	3.30840107268665e-05	3.89742262199033e-05
246.0722661722	1.38688763798916e-05	3.35280635128409e-05	3.8983176990056e-05
246.18202186629998	1.32617318292239e-05	3.39505506334632e-05	3.89918415854977e-05
246.2917775604	1.26414780075534e-05	3.43511046238902e-05	3.90002270193882e-05
246.40153325449998	1.20088487506731e-05	3.47292424831972e-05	3.90083278456919e-05
246.5112889486	1.13646542781953e-05	3.50846213175163e-05	3.90161573396045e-05
246.62104464269999	1.07097432200726e-05	3.54167147542846e-05	3.90237155250374e-05
246.7308003368	1.00447507300928e-05	3.57253107170508e-05	3.90310054882468e-05
246.8405560309	9.37064277982783e-06	3.60100346033614e-05	3.90380300038368e-05
246.95031172499998	8.68826454671896e-06	3.62705887862665e-05	3.90447935075466e-05
247.0600674191	7.99842258496854e-06	3.65067136868728e-05	3.90513018046136e-05
247.16982311319998	7.30197690128279e-06	3.67181697071835e-05	3.9057548918805e-05
247.2795788073	6.59980510740283e-06	3.69047554446422e-05	3.90635497624052e-05
247.3893345014	5.89275505681707e-06	3.7066304311729e-05	3.90693052992126e-05
247.4990901955	5.18171223257996e-06	3.72026866165999e-05	3.90748208647483e-05
247.6088458896	4.46755263124406e-06	3.73137831130749e-05	3.90801020798604e-05
247.71860158369998	3.7511585794599e-06	3.73995120533061e-05	3.90851556249161e-05
247.8283572778	3.03340122681427e-06	3.74598218718225e-05	3.9089987706396e-05
247.93811297189998	2.31514576644239e-06	3.74946940349141e-05	3.90946041958302e-05
248.047868666	1.59723408378231e-06	3.75040930180302e-05	3.90990095440507e-05
248.1576243601	8.80581082591752e-07	3.74881262302987e-05	3.91032071466193e-05
248.26738005419998	1.66035466593668e-07	3.74468061380586e-05	3.91071988238885e-05
248.3771357483	-5.45522510997907e-07	3.73802183089936e-05	3.91109867201498e-05
248.48689144239998	-1.25318995326966e-06	3.72884716433513e-05	3.91145730358376e-05
248.5966471365	-1.9561431026013e-06	3.71717392867624e-05	3.91179599243377e-05
248.70640283059998	-2.65349987697146e-06	3.70301964698008e-05	3.91211489652153e-05
248.8161585247	-3.34440226939366e-06	3.68640565045976e-05	3.91241415499602e-05
248.9259142188	-4.02799844495112e-06	3.66735505621866e-05	3.91269391071277e-05
249.03566991289998	-4.70354910375561e-06	3.64589908124006e-05	3.91295414541975e-05
249.145425607	-5.36990803752992e-06	3.62205367396799e-05	3.91319487085683e-05
249.25518130109998	-6.02646077930728e-06	3.59586008723804e-05	3.91341605500295e-05
249.3649369952	-6.67227151449861e-06	3.5673434288315e-05	3.913617673393e-05
249.47469268929999	-7.30658201606869e-06	3.53656213738186e-05	3.91379966029562e-05
249.5844483834	-7.92850895680718e-06	3.50354806798773e-05	3.91396200027678e-05
249.6942040775	-8.53718048304349e-06	3.46834757614362e-05	3.91410464024126e-05
249.80395977159998	-9.13185780136653e-06	3.43100136810275e-05	3.9142274578271e-05
249.9137154657	-9.71169877124734e-06	3.39156865286325e-05	3.91433027171034e-05
250.02347115979998	-1.02759398796005e-05	3.350104498333e-05	3.91441304425398e-05
250.1332268539	-1.0823935805993e-05	3.30666998430948e-05	3.91447571096859e-05
250.242982548	-1.13546779857944e-05	3.26132954212838e-05	3.91451818460149e-05
250.3527382421	-1.1867674152515e-05	3.2141489641137e-05	3.91453977557201e-05
250.4624939362	-1.23621917111984e-05	3.16519909167945e-05	3.91454164270805e-05
250.57224963029998	-1.28375677072833e-05	3.11455170838481e-05	3.91452212954415e-05
250.6820053244	-1.32932127029613e-05	3.06228542226042e-05	3.91448157485344e-05
250.79176101849998	-1.37284587818928e-05	3.00846990712355e-05	3.91442003902804e-05
250.9015167126	-1.41427928754742e-05	2.95318971520294e-05	3.91433749966241e-05
251.0112724067	-1.45356914958066e-05	2.89652743741441e-05	3.91423395690427e-05
251.12102810079998	-1.49066632015798e-05	2.83856753217734e-05	3.91410924018708e-05
251.2307837949	-1.525525344702e-05	2.77939732213689e-05	3.91396317872712e-05
251.34053948899998	-1.55810354084708e-05	2.71910794239362e-05	3.91379575184113e-05
251.4502951831	-1.58836427147853e-05	2.65778762151538e-05	3.91360698442675e-05
251.56005087719998	-1.61627498891138e-05	2.59552992648321e-05	3.91339715352921e-05
251.6698065713	-1.6417979684048e-05	2.5324322783429e-05	3.91316656992754e-05
251.7795622654	-1.66491602253782e-05	2.46859350771688e-05	3.91291547638545e-05
251.88931795949998	-1.68560526599556e-05	2.40410674334563e-05	3.91264404458859e-05
251.9990736536	-1.7038493369218e-05	2.33906891225066e-05	3.91235247650454e-05
252.10882934769998	-1.7196355073395e-05	2.27357736470685e-05	3.91204100735704e-05
252.2185850418	-1.73295509580083e-05	2.20773011699072e-05	3.91171001641866e-05
252.32834073589999	-1.74380345610767e-05	2.14162507510514e-05	3.91135990042476e-05
252.43809643	-1.75218027098054e-05	2.07535958977315e-05	3.9109911387907e-05
252.5478521241	-1.75808836777058e-05	2.00902937399578e-05	3.91060410718838e-05
252.65760781819998	-1.76153784200133e-05	1.94272764542831e-05	3.9101991925661e-05
252.7673635123	-1.76253678937127e-05	1.87656045277701e-05	3.90977679086924e-05
252.87711920639998	-1.76110247644901e-05	1.8106200049748e-05	3.90933724521529e-05
252.9868749005	-1.7572526776194e-05	1.74500119642542e-05	3.90888086082744e-05
253.0966305946	-1.75101194627827e-05	1.67980175521907e-05	3.90840800698375e-05
253.2063862887	-1.74240596354159e-05	1.61511468629269e-05	3.90791911489698e-05
253.3161419828	-1.73146596037426e-05	1.55103347022023e-05	3.90741370704414e-05
253.42589767689998	-1.7182254748051e-05	1.48764844181233e-05	3.9068949685409e-05
253.535653371	-1.70272507136898e-05	1.42504922480309e-05	3.90636033632102e-05
253.64540906509998	-1.68501088293386e-05	1.36331812391951e-05	3.90582024846114e-05
253.7551647592	-1.66512396905186e-05	1.30255137381504e-05	3.90525614216648e-05
253.8649204533	-1.64311625180447e-05	1.24282654759808e-05	3.90467807235032e-05
253.97467614739998	-1.61904180768236e-05	1.18422470993979e-05	3.90408429738829e-05
254.0844318415	-1.59295893718353e-05	1.1268222975323e-05	3.90347692936933e-05
254.19418753559998	-1.56492861260695e-05	1.07069320245387e-05	3.9028550067855e-05
254.3039432297	-1.53501139015522e-05	1.01591488452371e-05	3.90221789999754e-05
254.41369892379998	-1.50328347240225e-05	9.62537790179144e-06	3.90156797796881e-05
254.5234546179	-1.4698107532671e-05	9.10636316828609e-06	3.90090305616471e-05
254.633210312	-1.43466408234274e-05	8.60268514290367e-06	3.90022400095778e-05
254.74296600609998	-1.39791597127525e-05	8.11490203526808e-06	3.89953087009184e-05
254.8527217002	-1.35964160575858e-05	7.64352591214598e-06	3.8988238178103e-05
254.96247739429998	-1.31991829113963e-05	7.18902949853306e-06	3.89810301935649e-05
255.0722330884	-1.27882382423833e-05	6.75184328786873e-06	3.89736869455365e-05
255.18198878249999	-1.23642853359796e-05	6.33230993755979e-06	3.89662107142953e-05
255.2917444766	-1.19283059800279e-05	5.93090522329665e-06	3.89586045680263e-05
255.4015001707	-1.14809285180299e-05	5.54786746271794e-06	3.89508723629408e-05
255.51125586479998	-1.10229819052589e-05	5.18353648722586e-06	3.89430189953042e-05
255.6210115589	-1.05552662736397e-05	4.83819153961749e-06	3.89350482500781e-05
255.73076725299998	-1.00786066555539e-05	4.51207565898756e-06	3.89269640717243e-05
255.8405229471	-9.59382780972261e-06	4.20535758493228e-06	3.89187693643039e-05
255.9502786412	-9.10174076943128e-06	3.91826681360631e-06	3.89104669899754e-05
256.0600343353	-8.60306674134043e-06	3.65094988177002e-06	3.89020597634494e-05
256.16979002939996	-8.09892685770233e-06	3.40348195972364e-06	3.88935495479905e-05
256.2795457235	-7.58990903836362e-06	3.17599812323804e-06	3.88849382767725e-05
256.3893014176	-7.07693118788206e-06	2.96851991225758e-06	3.88762272274258e-05
256.4990571117	-6.56080531999845e-06	2.78107821131378e-06	3.88674159182656e-05
256.60881280579997	-6.04234492550514e-06	2.61365435358151e-06	3.88585034960955e-05
256.7185684999	-5.5223571179108e-06	2.46619776598142e-06	3.88494897183225e-05
256.828324194	-5.00164020910671e-06	2.33863510461668e-06	3.88403757260941e-05
256.9380798881	-4.48099665291414e-06	2.23085604145674e-06	3.88311613058446e-05
257.0478355822	-3.96123252208732e-06	2.14272017281769e-06	3.8821852064334e-05
257.15759127629997	-3.44305925797743e-06	2.07402065046832e-06	3.88124437812199e-05
257.2673469704	-2.9273844356459e-06	2.02459798461152e-06	3.88029374419332e-05
257.3771026645	-2.41489945632548e-06	1.99418480491982e-06	3.87933304104818e-05
257.4868583586	-1.90634889756089e-06	1.98250046544585e-06	3.87836193509652e-05
257.5966140527	-1.40246771379917e-06	1.98924645866751e-06	3.87738012562496e-05
257.70636974679996	-9.03960877287785e-07	2.0141012431962e-06	3.87638739868843e-05
257.8161254409	-4.11517370263134e-07	2.05672243009252e-06	3.87538362022445e-05
257.925881135	7.41726211943149e-08	2.11674675258887e-06	3.87436878650935e-05
258.0356368291	5.52524841641899e-07	2.19374145226918e-06	3.87334292307503e-05
258.1453925232	1.0228562309597e-06	2.28729623857771e-06	3.87230597346502e-05
258.25514821729996	1.48454962647681e-06	2.39695767005775e-06	3.87125780979864e-05
258.3649039114	1.93701115018694e-06	2.5222586759021e-06	3.87019827761888e-05
258.4746596055	2.37965620752106e-06	2.66270707871156e-06	3.86912718502689e-05
258.5844152996	2.81192960724083e-06	2.81777876672839e-06	3.8680443475496e-05
258.69417099369997	3.23329089113959e-06	2.98691745829129e-06	3.86694961201454e-05
258.8039266878	3.6432325029157e-06	3.16954329945223e-06	3.86584300669457e-05
258.9136823819	4.04127373108515e-06	3.36504360807295e-06	3.86472473638464e-05
259.023438076	4.42699942952158e-06	3.57285461424942e-06	3.86359513566605e-05
259.1331937701	4.79997666457133e-06	3.79218105274881e-06	3.86245481968961e-05
259.24294946419997	5.15984108195087e-06	4.02247637418315e-06	3.8613045307044e-05
259.3527051583	5.50627873336317e-06	4.26307438394358e-06	3.86014503493995e-05
259.4624608524	5.83897828242514e-06	4.5132989282887e-06	3.85897702617661e-05
259.5722165465	6.15767476011629e-06	4.77248773826406e-06	3.8578009948697e-05
259.6819722406	6.46214149514473e-06	5.03997680561889e-06	3.85661730283814e-05
259.79172793469996	6.75219177851724e-06	5.31510119329288e-06	3.85542631192977e-05
259.9014836288	7.02757571773291e-06	5.59725875188464e-06	3.85422839299048e-05
260.0112393229	7.28836273675248e-06	5.88566081607109e-06	3.85302396356007e-05
260.120995017	7.53426652872835e-06	6.17975408013357e-06	3.85181333756298e-05
260.2307507111	7.76523991755951e-06	6.47886345539016e-06	3.85059664390993e-05
260.3405064052	7.98122614251428e-06	6.78234440396764e-06	3.84937377472228e-05
260.4502620993	8.18216873039384e-06	7.08955664232768e-06	3.84814458024582e-05
260.5600177934	8.36810048158237e-06	7.39984319602207e-06	3.8469089822656e-05
260.6697734875	8.53900390961224e-06	7.7125771527417e-06	3.84566715612849e-05
260.77952918159997	8.69493382215814e-06	8.0271334626507e-06	3.8444185595014e-05
260.8892848757	8.83593349204918e-06	8.34291080896423e-06	3.84316399429395e-05
260.9990405698	8.96207819994256e-06	8.65931492444085e-06	3.84190333868549e-05
261.1087962639	9.07346450189899e-06	8.97575296004082e-06	3.84063657242759e-05
261.218551958	9.17021305761495e-06	9.29164256638487e-06	3.83936352620083e-05
261.32830765209997	9.25247126855301e-06	9.60639363690251e-06	3.8380840627834e-05
261.4380633462	9.32041175417468e-06	9.9194355755184e-06	3.83679805183049e-05
261.5478190403	9.37422395949222e-06	1.02301960634814e-05	3.83550545294402e-05
261.6575747344	9.41409767814145e-06	1.05381233492963e-05	3.8342061870546e-05
261.7673304285	9.44029373976512e-06	1.08427522408426e-05	3.83290026157966e-05
261.87708612259996	9.45302033298154e-06	1.11435067548533e-05	3.8315877609715e-05
261.9868418167	9.452544835243e-06	1.14398870468331e-05	3.8302685749557e-05
262.0965975108	9.43915326707562e-06	1.17314042034466e-05	3.82894362615835e-05
262.2063532049	9.4131322267811e-06	1.20175735390816e-05	3.8276125200764e-05
262.31610889899997	9.37477848728245e-06	1.22979300810585e-05	3.8262760398954e-05
262.4258645931	9.32439728614108e-06	1.25720320216565e-05	3.82493474017029e-05
262.5356202872	9.26231101538862e-06	1.28394621814857e-05	3.82358922656497e-05
262.6453759813	9.18885713173107e-06	1.30998119338744e-05	3.82223996224461e-05
262.7551316754	9.10439473879478e-06	1.33527030953693e-05	3.82088611367555e-05
262.86488736949997	9.00926168970186e-06	1.35977280827512e-05	3.81953181822487e-05
262.9746430636	8.90381457474809e-06	1.38344671951107e-05	3.81817366836297e-05
263.0843987577	8.78844737784778e-06	1.40625879983484e-05	3.81681316992416e-05
263.1941544518	8.66352891622521e-06	1.42817409948792e-05	3.8154506408292e-05
263.3039101459	8.52946314570521e-06	1.44915670847694e-05	3.81408640334773e-05
263.41366583999996	8.38665419990845e-06	1.46917623221286e-05	3.81272062987394e-05
263.5234215341	8.23548558506627e-06	1.48820164935054e-05	3.81135338754458e-05
263.6331772282	8.07638365209795e-06	1.50620457672389e-05	3.80998462694858e-05
263.7429329223	7.90977458021018e-06	1.5231566760451e-05	3.80861426497634e-05
263.8526886164	7.73609483639544e-06	1.5390314099173e-05	3.80724223345907e-05
263.96244431049996	7.5558089952202e-06	1.55380378801083e-05	3.8058683896759e-05
264.0722000046	7.36930919165547e-06	1.56745230348156e-05	3.80449259863897e-05
264.1819556987	7.17706109712896e-06	1.57995540891307e-05	3.80311465777091e-05
264.2917113928	6.97952006901136e-06	1.59129277393793e-05	3.80173423274582e-05
264.40146708689997	6.77715540102846e-06	1.60144510902981e-05	3.80035092720224e-05
264.511222781	6.57045434233028e-06	1.61039371949522e-05	3.79896439469849e-05
264.6209784751	6.35990998885847e-06	1.61812736398025e-05	3.79757434123997e-05
264.7307341692	6.14600295926139e-06	1.62461643901876e-05	3.79618056787185e-05
264.8404898633	5.92926357744592e-06	1.62985498611923e-05	3.79478293677996e-05
264.95024555739997	5.71018851087506e-06	1.63383132639051e-05	3.79338119244915e-05
265.0600012515	5.48928512648722e-06	1.63653246728413e-05	3.79197507872156e-05
265.1697569456	5.26714149319762e-06	1.63795982806696e-05	3.7905643367272e-05
265.2795126397	5.04427015582764e-06	1.63810465972574e-05	3.7891488049566e-05
265.3892683338	4.82119804531101e-06	1.6369645055203e-05	3.78772845505642e-05
265.49902402789996	4.59845060865334e-06	1.63453937020445e-05	3.78630335587967e-05
265.608779722	4.37654726615637e-06	1.63083070432642e-05	3.7848734348225e-05
265.7185354161	4.15601714798182e-06	1.62584316151585e-05	3.7834385327094e-05
265.8282911102	3.93738554385531e-06	1.61958369724499e-05	3.78199848809948e-05
265.9380468043	3.72117804156226e-06	1.61206147459794e-05	3.78055322310774e-05
266.04780249839996	3.50791430850645e-06	1.60328812581271e-05	3.77910267077952e-05
266.1575581925	3.29810145506034e-06	1.59327659211347e-05	3.7776467641552e-05
266.2673138866	3.09223706727366e-06	1.58204088523094e-05	3.77618542653602e-05
266.3770695807	2.89081214900278e-06	1.56959568833549e-05	3.77471842050728e-05
266.48682527479997	2.69432460461376e-06	1.55595589060025e-05	3.77324545929179e-05
266.5965809689	2.50325775507738e-06	1.5411384046545e-05	3.77176614486525e-05
266.706336663	2.31810950512548e-06	1.5251559216184e-05	3.77027998110365e-05
266.8160923571	2.1393425714557e-06	1.50804019735809e-05	3.76878643705441e-05
266.9258480512	1.96744825974171e-06	1.48980779490689e-05	3.76728506775949e-05
267.03560374529997	1.80290535152539e-06	1.47048320183759e-05	3.76577567912884e-05
267.1453594394	1.64619514629292e-06	1.45009205135006e-05	3.76425815453769e-05
267.2551151335	1.49778272985875e-06	1.42866243237777e-05	3.76273236076789e-05
267.3648708276	1.35811725770636e-06	1.40622115142174e-05	3.76119811100847e-05
267.4746265217	1.22764335693384e-06	1.38280045669559e-05	3.75965523270917e-05
267.58438221579996	1.10680100535051e-06	1.35843446313195e-05	3.75810353426029e-05
267.6941379099	9.96024841427185e-07	1.33315933924895e-05	3.75654269693765e-05
267.803893604	8.95743405021462e-07	1.30701338940283e-05	3.75497240806205e-05
267.9136492981	8.06383033109671e-07	1.28003689333851e-05	3.753392442645e-05
268.02340499219997	7.28315669711598e-07	1.25225962147027e-05	3.75180258286745e-05
268.1331606863	6.62072771646681e-07	1.22375769052368e-05	3.75020273803668e-05
268.2429163804	6.07947999374791e-07	1.19455289006533e-05	3.7485927777436e-05
268.3526720745	5.66333647084768e-07	1.16470010680536e-05	3.7469725993342e-05
268.4624277686	5.37572202307867e-07	1.13425079654064e-05	3.74534197385376e-05
268.57218346269997	5.21987651596851e-07	1.10325941116603e-05	3.74370069730817e-05
268.6819391568	5.19891312136627e-07	1.07178286784495e-05	3.74204857975745e-05
268.7916948509	5.31564269967128e-07	1.03987819354377e-05	3.7403853829687e-05
268.901450545	5.572557817553e-07	1.00760465731738e-05	3.73871100003883e-05
269.0112062391	5.97197498507069e-07	9.75024143093325e-06	3.73702550673115e-05
269.12096193319996	6.51571923183956e-07	9.42196938570481e-06	3.73532918928331e-05
269.2307176273	7.20549011312487e-07	9.09185648185791e-06	3.73362243180442e-05
269.3404733214	8.04268622855903e-07	8.76054300905498e-06	3.7319056624654e-05
269.4502290155	9.0284397368475e-07	8.42866763188172e-06	3.73017930990946e-05
269.5599847096	1.01636409397403e-06	8.09688298491741e-06	3.7284438156162e-05
269.66974040369996	1.14490584963867e-06	7.76584285356695e-06	3.72669956290561e-05
269.7794960978	1.28852435754888e-06	7.43619984363895e-06	3.72494693439433e-05
269.8892517919	1.44723430773517e-06	7.10860666627526e-06	3.72318619643139e-05
269.999007486	1.62102711560619e-06	6.78372715370887e-06	3.72141765674769e-05
270.10876318009997	1.80987640307526e-06	6.46223756737133e-06	3.71964161300418e-05
270.2185188742	2.0137296484583e-06	6.14481675747118e-06	3.71785849649585e-05
270.3282745683	2.23253090869171e-06	5.83216704013174e-06	3.71606881384223e-05
270.4380302624	2.46616079117141e-06	5.52497851385467e-06	3.71427308831175e-05
270.5477859565	2.71447999072181e-06	5.22395644529458e-06	3.71247188651345e-05
270.65754165059997	2.97732210787677e-06	4.92979260570664e-06	3.71066561313716e-05
270.7672973447	3.25446784448032e-06	4.64318951884676e-06	3.70885455519472e-05
270.8770530388	3.54566883970028e-06	4.3648627964899e-06	3.70703890205953e-05
270.9868087329	3.85063762582049e-06	4.09551828821205e-06	3.70521883386697e-05
271.096564427	4.1690495493157e-06	3.83584870463991e-06	3.70339459441946e-05
271.20632012109996	4.50051939129179e-06	3.58654309879836e-06	3.70156651461874e-05
271.3160758152	4.8446197566176e-06	3.34826343120309e-06	3.69973496641295e-05
271.4258315093	5.20093930487389e-06	3.12163677867667e-06	3.69790021993626e-05
271.5355872034	5.56890590330735e-06	2.90734108421941e-06	3.69606256197552e-05
271.6453428975	5.94806160989449e-06	2.70600300417735e-06	3.69422260265574e-05
271.75509859159996	6.33784007674355e-06	2.51809115557599e-06	3.69238114219544e-05
271.8648542857	6.73767555831981e-06	2.3442715703114e-06	3.69053917749934e-05
271.9746099798	7.14696352624651e-06	2.18510542984769e-06	3.68869770549249e-05
272.0843656739	7.56497460334513e-06	2.04102183524446e-06	3.68685743111939e-05
272.19412136799997	7.99111424177944e-06	1.91251696276935e-06	3.68501903737542e-05
272.3038770621	8.42465903028924e-06	1.80002473189151e-06	3.68318329571511e-05
272.4136327562	8.86489542962085e-06	1.70394445484303e-06	3.6813511355528e-05
272.5233884503	9.31108905455993e-06	1.62464020821402e-06	3.67952357226533e-05
272.6331441444	9.76248727918939e-06	1.56244627359951e-06	3.6777015465137e-05
272.74289983849997	1.02183396768239e-05	1.51765614539027e-06	3.67588577094444e-05
272.8526555326	1.06778592539263e-05	1.49053152410134e-06	3.67407661552325e-05
272.9624112267	1.11402759315319e-05	1.48130106124684e-06	3.67227426777477e-05
273.0721669208	1.160477018519e-05	1.49014944786299e-06	3.67047886686654e-05
273.1819226149	1.20705430332395e-05	1.51722973192936e-06	3.66869074999643e-05
273.29167830899996	1.25367909902802e-05	1.56266410616564e-06	3.66691052206975e-05
273.4014340031	1.28863074019093e-05	1.6088417196951e-06	3.66558095167615e-05
273.5111896972	1.34689426862195e-05	1.7091294023164e-06	3.66350400408812e-05
273.6209453913	1.39303317547566e-05	1.80998644224415e-06	3.66171658354869e-05
273.73070108539997	1.43903929936301e-05	1.92955842924499e-06	3.65997415038078e-05
273.8404567795	1.4846863042786e-05	2.06769415806076e-06	3.65824218918212e-05
273.9502124736	1.52988983291624e-05	2.22433598788234e-06	3.6565209381637e-05
274.0599681677	1.57456372810266e-05	2.39936948597737e-06	3.65481053896747e-05
274.1697238618	1.6186237559422e-05	2.59267643426361e-06	3.6531111599799e-05
274.27947955589997	1.66197617740622e-05	2.80410833807059e-06	3.65142299733718e-05
274.38923525	1.70455539854872e-05	3.03333446361555e-06	3.64974632894105e-05
274.4989909441	1.74626036307634e-05	3.28015592435349e-06	3.64808151099738e-05
274.6087466382	1.78701336987449e-05	3.54430747051559e-06	3.64642893231118e-05
274.7185023323	1.82673015344058e-05	3.82538604649177e-06	3.64478892085898e-05
274.82825802639996	1.86532897711162e-05	4.1229918524913e-06	3.64316184369595e-05
274.9380137205	1.90272932493149e-05	4.43669250842017e-06	3.64154801987291e-05
275.0477694146	1.93885019985482e-05	4.76601085168575e-06	3.63994783040878e-05
275.1575251087	1.97361879446335e-05	5.11041349129703e-06	3.63836062556868e-05
275.2672808028	2.0069559540303e-05	5.46930829924829e-06	3.63678734660302e-05
275.37703649689996	2.03878810656862e-05	5.84207724885941e-06	3.63522806353003e-05
275.486792191	2.06905037841327e-05	6.22802692444824e-06	3.63368300657075e-05
275.5965478851	2.09767669960083e-05	6.62648145698927e-06	3.63215242989871e-05
275.7063035792	2.12460686710705e-05	7.03672319020082e-06	3.63063650907472e-05
275.81605927329997	2.14978442972507e-05	7.45801196276024e-06	3.62913551643537e-05
275.9258149674	2.17315647446464e-05	7.8895772924872e-06	3.62764975693373e-05
276.0355706615	2.19467405568767e-05	8.33062677364919e-06	3.62617938583947e-05
276.1453263556	2.21429299019847e-05	8.78034567207708e-06	3.62472440007973e-05
276.2550820497	2.23197146293845e-05	9.23788317528827e-06	3.62328461191412e-05
276.36483774379997	2.24767907512527e-05	9.70242198656746e-06	3.62185958560965e-05
276.4745934379	2.26136697088163e-05	1.01731297333133e-05	3.62044884138051e-05
276.584349132	2.27300904256428e-05	1.06491286327013e-05	3.61905192223038e-05
276.6941048261	2.28257938776644e-05	1.11295840076537e-05	3.61766860963599e-05
276.8038605202	2.29005235163036e-05	1.16135866881326e-05	3.61629876882578e-05
276.91361621429996	2.29540690185806e-05	1.21002196828832e-05	3.61494246671982e-05
277.0233719084	2.29862853220282e-05	1.2588612030875e-05	3.61359955109493e-05
277.1331276025	2.29970071646662e-05	1.30776759149131e-05	3.61226963673357e-05
277.2428832966	2.29862182410852e-05	1.35666287920618e-05	3.61095221178554e-05
277.3526389907	2.29537647526005e-05	1.40543175047737e-05	3.60964732809785e-05
277.46239468479996	2.28998238308093e-05	1.45399176419461e-05	3.60835480114798e-05
277.5721503789	2.2824410815037e-05	1.50224603688097e-05	3.60707376725532e-05
277.681906073	2.27276752064393e-05	1.55010192879906e-05	3.60580441791248e-05
277.7916617671	2.26097712275846e-05	1.5974663005206e-05	3.60454689859367e-05
277.90141746119997	2.24709267929359e-05	1.64424899366527e-05	3.60330107822199e-05
278.0111731553	2.23113909960998e-05	1.69036059330576e-05	3.60206678427671e-05
278.1209288494	2.21314790521802e-05	1.7357105012527e-05	3.60084382357354e-05
278.2306845435	2.19314459016356e-05	1.7802149318067e-05	3.59963204501809e-05
278.3404402376	2.17117871007718e-05	1.82378238558011e-05	3.598431349548e-05
278.45019593169997	2.14728561188316e-05	1.86633058988046e-05	3.59724166562157e-05
278.5599516258	2.12151122490015e-05	1.90777729271111e-05	3.59606285984731e-05
278.6697073199	2.09390555784433e-05	1.94804283285191e-05	3.59489447511417e-05
278.779463014	2.06452162784715e-05	1.98705031572249e-05	3.59373607962019e-05
278.8892187081	2.03341972496334e-05	2.02472516005299e-05	3.59258717394078e-05
278.99897440219996	2.00065649200225e-05	2.06100039613188e-05	3.59144733106661e-05
279.1087300963	1.96629888999935e-05	2.09580734454054e-05	3.59031590664989e-05
279.2184857904	1.93040544022706e-05	2.12908927603407e-05	3.58919244292261e-05
279.3282414845	1.89304846729205e-05	2.1607801488855e-05	3.58807656967564e-05
279.43799717859997	1.85429676544991e-05	2.19083093999441e-05	3.58696788861447e-05
279.5477528727	1.81421759334394e-05	2.21918578123213e-05	3.58586574418216e-05
279.6575085668	1.77288258629258e-05	2.24579451213136e-05	3.58476946136666e-05
279.7672642609	1.73036229122454e-05	2.2706111919532e-05	3.58367834611535e-05
279.877019955	1.68672912048258e-05	2.2935923064872e-05	3.5825918709548e-05
279.98677564909997	1.64205731834006e-05	2.31469675016756e-05	3.5815096194356e-05
280.0965313432	1.59642342537138e-05	2.33388597557424e-05	3.58043108187033e-05
280.2062870373	1.54990554491611e-05	2.35112618450454e-05	3.57935575810241e-05
280.3160427314	1.50258275979388e-05	2.36638697837883e-05	3.57828307428783e-05
280.4257984255	1.45453597170895e-05	2.37964262580153e-05	3.57721228399215e-05
280.53555411959996	1.40584627326172e-05	2.39087087795797e-05	3.57614269096998e-05
280.6453098137	1.3565919485881e-05	2.40005357159747e-05	3.57507377887064e-05
280.7550655078	1.30685659512415e-05	2.40717478460853e-05	3.57400518769723e-05
280.8648212019	1.25671597601508e-05	2.41222043711463e-05	3.57293670336243e-05
280.974576896	1.20625121514612e-05	2.4151804040114e-05	3.57186827250855e-05
281.08433259009996	1.15554302929945e-05	2.41604680402934e-05	3.5707999070335e-05
281.1940882842	1.10466967881328e-05	2.41481164971961e-05	3.5697316900957e-05
281.3038439783	1.05371799066913e-05	2.4114833897347e-05	3.5686636079077e-05
281.4135996724	1.00276805836438e-05	2.40606161216465e-05	3.56759555574487e-05
281.52335536649997	9.51897964283579e-06	2.39855230781603e-05	3.56652733914613e-05
281.6331110606	9.0118809691285e-06	2.38896588340147e-05	3.56545799945048e-05
281.7428667547	8.50711931200786e-06	2.37731095403017e-05	3.56438726960184e-05
281.8526224488	8.00563340116586e-06	2.36360928720037e-05	3.56331433584255e-05
281.9623781429	7.50806377927425e-06	2.34787856644003e-05	3.56223856449926e-05
282.07213383699997	7.01519316346875e-06	2.3301428452727e-05	3.56115943422758e-05
282.1818895311	6.52776473791144e-06	2.31043009440801e-05	3.56007634388887e-05
282.2916452252	6.04653981767908e-06	2.28876829007421e-05	3.55898844809703e-05
282.4014009193	5.57217411924123e-06	2.26519023533146e-05	3.55789491521838e-05
282.5111566134	5.10537794890341e-06	2.2397296608973e-05	3.55679492313844e-05
282.62091230749996	4.64682133048658e-06	2.21242431633022e-05	3.55568784697558e-05
282.7306680016	4.19716036898233e-06	2.18331462285564e-05	3.55457319521085e-05
282.8404236957	3.7570121890792e-06	2.15244317468066e-05	3.55345052640339e-05
282.9501793898	3.326964330908e-06	2.11985336085348e-05	3.5523194686777e-05
283.0599350839	2.90757793137604e-06	2.08559246039459e-05	3.55117956861452e-05
283.16969077799996	2.49938475786631e-06	2.04970835476478e-05	3.55003035657646e-05
283.2794464721	2.10290072061757e-06	2.0122459741076e-05	3.54887134162944e-05
283.3892021662	1.7185372787585e-06	1.9732624345364e-05	3.54770231598813e-05
283.4989578603	1.34681940153989e-06	1.93280234752073e-05	3.54652301874393e-05
283.60871355439997	9.88158562806008e-07	1.89091717491652e-05	3.54533306977543e-05
283.7184692485	6.42941713194259e-07	1.84765981574238e-05	3.54413206238183e-05
283.8282249426	3.11569533169102e-07	1.8030821312481e-05	3.54291950696211e-05
283.9379806367	-5.57281496265905e-09	1.75723552506906e-05	3.5416948436663e-05
284.0477363308	-3.08188435529312e-07	1.71017543378153e-05	3.5404575728248e-05
284.15749202489997	-5.95890504789734e-07	1.66195108609374e-05	3.53920720822615e-05
284.267247719	-8.68379365173545e-07	1.61261743358047e-05	3.537943531006e-05
284.3770034131	-1.12535116324282e-06	1.56223151394044e-05	3.53666644695978e-05
284.4867591072	-1.36655859831832e-06	1.51084360311263e-05	3.53537586781699e-05
284.5965148013	-1.59163411971223e-06	1.45851907996421e-05	3.53407168380765e-05
284.70627049539996	-1.80042042765274e-06	1.40531246375687e-05	3.53275323297897e-05
284.8160261895	-1.99255095480384e-06	1.35127698693326e-05	3.53142198676828e-05
284.9257818836	-2.16785870309703e-06	1.29647375689243e-05	3.53007636257488e-05
285.0355375777	-2.32613632708085e-06	1.24096288384623e-05	3.52871662806626e-05
285.14529327179997	-2.46719858825704e-06	1.18480437717411e-05	3.52734268054242e-05
285.25504896589996	-2.59093545589524e-06	1.12804617296773e-05	3.52595441887777e-05
285.36480466	-2.69708440324367e-06	1.07078168677046e-05	3.52455180237244e-05
285.4745603541	-2.78562221108698e-06	1.01304288004694e-05	3.5231346452297e-05
285.5843160482	-2.85644458604672e-06	9.54912156493144e-06	3.5217026830062e-05
285.69407174229997	-2.90948962709202e-06	8.96443233621537e-06	3.52025570663263e-05
285.8038274364	-2.94470963995734e-06	8.37701617440757e-06	3.51879353824268e-05
285.9135831305	-2.96211828412801e-06	7.78745742027201e-06	3.51731614970611e-05
286.0233388246	-2.96172245708319e-06	7.19640654684289e-06	3.5158234992601e-05
286.1330945187	-2.943565724957e-06	6.60446195416129e-06	3.514315578712e-05
286.24285021279996	-2.90772584315585e-06	6.01221253669804e-06	3.5127924557417e-05
286.3526059069	-2.8542932888393e-06	5.42023477399136e-06	3.511254217298e-05
286.462361601	-2.78337187104878e-06	4.82908293536887e-06	3.50970107801398e-05
286.5721172951	-2.69508681241318e-06	4.23929468473515e-06	3.50813327960386e-05
286.6818729892	-2.58955110653252e-06	3.65145155815921e-06	3.5065509684058e-05
286.79162868329996	-2.46692297554053e-06	3.06593375557124e-06	3.50495431628257e-05
286.9013843774	-2.32732847680148e-06	2.48333638298775e-06	3.50334348398105e-05
287.0111400715	-2.17092746491541e-06	1.90411902033806e-06	3.50171871411486e-05
287.1208957656	-1.99788300212198e-06	1.32875450199308e-06	3.50008033314426e-05
287.23065145969997	-1.80836490785008e-06	7.57712928618467e-07	3.4984288310417e-05
287.3404071538	-1.60252889583891e-06	1.91479972123668e-07	3.49676457086926e-05
287.4501628479	-1.38049888450756e-06	-3.69520200805025e-07	3.49508796456784e-05
287.559918542	-1.14237380168873e-06	-9.24842526985123e-07	3.49339959258997e-05
287.6696742361	-8.88718448195611e-07	-1.47390075141686e-06	3.4916991350916e-05
287.77942993019997	-6.19413684440819e-07	-2.0163321791955e-06	3.48998743946503e-05
287.8891856243	-3.34731347055376e-07	-2.55166079279998e-06	3.48826429346599e-05
287.9989413184	-3.48737460387316e-08	-3.07941944012309e-06	3.48652964494946e-05
288.1086970125	2.7999405728232e-07	-3.59909583445138e-06	3.4847835597757e-05
288.2184527066	6.09537612433259e-07	-4.11030343377177e-06	3.48302619701547e-05
288.32820840069996	9.53558164633376e-07	-4.61259943109348e-06	3.48125795267164e-05
288.4379640948	1.31181826884336e-06	-5.10544520974681e-06	3.47947919967441e-05
288.5477197889	1.68402443246445e-06	-5.58836225715365e-06	3.47769026246372e-05
288.657475483	2.06993934285145e-06	-6.06090877167378e-06	3.47589143485967e-05
288.7672311771	2.46922821913709e-06	-6.52259368281973e-06	3.47408321810335e-05
288.87698687119996	2.88159386492134e-06	-6.97296185539527e-06	3.47226634674647e-05
288.9867425653	3.30671128011438e-06	-7.41153668263834e-06	3.4704418758295e-05
289.0964982594	3.74424478446744e-06	-7.83782508586776e-06	3.46861078262807e-05
289.2062539535	4.19381652950919e-06	-8.25134102864425e-06	3.46677411176355e-05
289.31600964759997	4.65502842075915e-06	-8.65157325690606e-06	3.46493291225735e-05
289.4257653417	5.12744085406541e-06	-9.03811948906862e-06	3.46308832570538e-05
289.5355210358	5.61059548869867e-06	-9.41051547890847e-06	3.46124137185016e-05
289.6452767299	6.10394436392577e-06	-9.76838963705641e-06	3.4593930840426e-05
289.755032424	6.60721692687569e-06	-1.01113920209199e-05	3.45754443516863e-05
289.86478811809997	7.11970219165572e-06	-1.04390953903589e-05	3.45569611500841e-05
289.9745438122	7.64095860693904e-06	-1.07511756257867e-05	3.45384831989631e-05
290.0842995063	8.1704714190688e-06	-1.10472843982334e-05	3.45200090672766e-05
290.1940552004	8.70770573896477e-06	-1.13271579887304e-05	3.45015376696494e-05
290.3038108945	9.25218697729348e-06	-1.15903678514965e-05	3.44830677433123e-05
290.41356658859996	9.80340366122052e-06	-1.18366836728174e-05	3.44646007191164e-05
290.5233222827	1.03608790806098e-05	-1.20656849804627e-05	3.44461408060498e-05
290.6330779768	1.09239146552216e-05	-1.22773503123389e-05	3.44276932637967e-05
290.7428336709	1.14920618705642e-05	-1.24711764078781e-05	3.44092642816829e-05
290.852589365	1.20647187966369e-05	-1.26469184112305e-05	3.43908602450627e-05
290.96234505909996	1.26412698642999e-05	-1.28042985907647e-05	3.43724870862842e-05
291.0721007532	1.3221081539521e-05	-1.29430486427915e-05	3.4354152050451e-05
291.1818564473	1.38035117203387e-05	-1.30629138669719e-05	3.4335867626527e-05
291.2916121414	1.43878403862414e-05	-1.31636848133671e-05	3.43176368652602e-05
291.40136783549997	1.49735071365783e-05	-1.32451795910329e-05	3.4299475076397e-05
291.5111235296	1.55597012273104e-05	-1.3307199639597e-05	3.42813838606658e-05
291.6208792237	1.61457062388713e-05	-1.33495867877286e-05	3.42633669429393e-05
291.7306349178	1.67307691188248e-05	-1.33721988225748e-05	3.42454268336312e-05
291.8403906119	1.73141048743755e-05	-1.33749082224686e-05	3.42275671775216e-05
291.95014630599997	1.78948831809067e-05	-1.33576262789174e-05	3.42097891911462e-05
292.0599020001	1.84722467142649e-05	-1.33202891467535e-05	3.41920924606144e-05
292.1696576942	1.90453289027214e-05	-1.32628503313666e-05	3.41744745274204e-05
292.2794133883	1.96133456750704e-05	-1.31853109713878e-05	3.41569346009097e-05
292.3891690824	2.01752896681629e-05	-1.30877536680307e-05	3.41394735419283e-05
292.49892477649996	2.07303507507715e-05	-1.29702763600369e-05	3.41220941251503e-05
292.6086804706	2.12776493350328e-05	-1.28330333676463e-05	3.41047996089587e-05
292.7184361647	2.18161082101879e-05	-1.26761683200503e-05	3.40875924325571e-05
292.8281918588	2.23448363970286e-05	-1.24999511962512e-05	3.40704741818431e-05
292.93794755289997	2.28628943602255e-05	-1.23046621247247e-05	3.40534458767748e-05
293.047703247	2.33693926570786e-05	-1.20906738378996e-05	3.40365100876636e-05
293.1574589411	2.38634223468642e-05	-1.18583846994345e-05	3.40196709174707e-05
293.2672146352	2.43441221727207e-05	-1.16082511357191e-05	3.40029327008876e-05
293.3769703293	2.48106506073296e-05	-1.13407691766261e-05	3.39862993771379e-05
293.48672602339997	2.52621713130143e-05	-1.10564878168795e-05	3.39697757191134e-05
293.5964817175	2.56978593644715e-05	-1.07559933207219e-05	3.395336679512e-05
293.7062374116	2.61169324461675e-05	-1.04398721352393e-05	3.39370754040679e-05
293.8159931057	2.65185711793095e-05	-1.01089074200813e-05	3.39209022176132e-05
293.9257487998	2.69020593475508e-05	-9.76372962391654e-06	3.39048460955001e-05
294.03550449389996	2.72666814111727e-05	-9.40508187606641e-06	3.38889056676167e-05
294.145260188	2.76117791622887e-05	-9.03370715718659e-06	3.38730812515929e-05
294.2550158821	2.79366946315309e-05	-8.65042560675985e-06	3.3857376542338e-05
294.3647715762	2.82408192293044e-05	-8.25600156812551e-06	3.38417919779929e-05
294.4745272703	2.85235733011251e-05	-7.85142234582246e-06	3.38263324383866e-05
294.58428296439996	2.87844179710451e-05	-7.43745464782443e-06	3.38109989143391e-05
294.6940386585	2.90227890530889e-05	-7.01507317416847e-06	3.37957935637534e-05
294.8037943526	2.92382109668983e-05	-6.58519020781113e-06	3.37807194079404e-05
294.9135500467	2.94302262969882e-05	-6.14880469943552e-06	3.37657804947779e-05
295.02330574079997	2.95984102357993e-05	-5.70690160808672e-06	3.3750982634417e-05
295.1330614349	2.97424069508888e-05	-5.26056238917119e-06	3.37363322853448e-05
295.242817129	2.98618855719787e-05	-4.81085340088737e-06	3.37218342512288e-05
295.3525728231	2.99565670061873e-05	-4.35896582550052e-06	3.37074943300176e-05
295.4623285172	3.00262738752958e-05	-3.90587336641568e-06	3.36933181795334e-05
295.57208421129997	3.00707857231887e-05	-3.45284644669328e-06	3.3679311301152e-05
295.6818399054	3.0089969703304e-05	-3.00100720408164e-06	3.36654796432455e-05
295.7915955995	3.00837492976289e-05	-2.55150825020989e-06	3.36518259054124e-05
295.9013512936	3.00521192463003e-05	-2.10553566737574e-06	3.36383514835433e-05
296.0111069877	2.99951184855314e-05	-1.66430444983063e-06	3.36250560476521e-05
296.12086268179996	2.99128590063107e-05	-1.22904522278907e-06	3.36119392206148e-05
296.2306183759	2.98054972977772e-05	-8.00946183234951e-07	3.3599001533642e-05
296.34037407	2.96733250791824e-05	-3.8130332768447e-07	3.35862427957451e-05
296.4501297641	2.95166195883907e-05	2.874932213231e-08	3.35736605254686e-05
296.5598854582	2.9335738336471e-05	4.28060878807554e-07	3.35612511423088e-05
296.66964115229996	2.91311146323602e-05	8.15500916675238e-07	3.3549011695247e-05
296.7793968464	2.89032349393327e-05	1.18995223337321e-06	3.35369412667442e-05
296.8891525405	2.86525859992096e-05	1.55033704121763e-06	3.35250414121211e-05
296.9989082346	2.83798697778021e-05	1.89551723929371e-06	3.35133146624896e-05
297.10866392869997	2.80856353054537e-05	2.22448282535572e-06	3.35017626356586e-05
297.2184196228	2.77704917872705e-05	2.53620494912841e-06	3.34903874671118e-05
297.3281753169	2.74352396205072e-05	2.82974034622052e-06	3.347919224778e-05
297.437931011	2.70806063615793e-05	3.10409928139154e-06	3.3468181980442e-05
297.5476867051	2.67074077199843e-05	3.35833331310388e-06	3.34573632163685e-05
297.65744239919997	2.63165041424281e-05	3.59152831078677e-06	3.34467418413986e-05
297.7671980933	2.59088007572296e-05	3.80281806750216e-06	3.34363233445958e-05
297.8769537874	2.54852465151216e-05	3.991362131294e-06	3.34261132354474e-05
297.9867094815	2.50468762207556e-05	4.15636847958057e-06	3.34161167142323e-05
298.0964651756	2.4594692017238e-05	4.29708571797519e-06	3.34063401691893e-05
298.20622086969996	2.41298468918823e-05	4.41285515753114e-06	3.33967887377289e-05
298.3159765638	2.36534297850799e-05	4.50302240721561e-06	3.33874672504011e-05
298.4257322579	2.31665661197968e-05	4.56698641596348e-06	3.33783803936614e-05
298.535487952	2.26704238465577e-05	4.60419167402522e-06	3.33695334041099e-05
298.64524364609997	2.21662321572707e-05	4.61412148533811e-06	3.33609306967089e-05
298.7549993402	2.16552568322235e-05	4.59630982259317e-06	3.33525761900529e-05
298.8647550343	2.11387972829966e-05	4.55036089100577e-06	3.33444732223133e-05
298.9745107284	2.06181621883391e-05	4.47596294646694e-06	3.33366262197471e-05
299.0842664225	2.00946948720249e-05	4.3728693397672e-06	3.33290406999971e-05
299.19402211659997	1.95696848617483e-05	4.24092987275101e-06	3.33217225893833e-05
299.3037778107	1.90446627337678e-05	4.079983163118e-06	3.33146767593019e-05
299.4135335048	1.85209293709262e-05	3.89005274932005e-06	3.33079054722104e-05
299.5232891989	1.7999898125921e-05	3.67119074017686e-06	3.33014113433032e-05
299.633044893	1.74829766034893e-05	3.42356721922395e-06	3.32951972364448e-05
299.74280058709996	1.69715324703577e-05	3.14742815019601e-06	3.32892659493022e-05
299.8525562812	1.64668508832632e-05	2.84307287513831e-06	3.32836181436134e-05
299.9623119753	1.59703497946418e-05	2.51091994740365e-06	3.32782539208619e-05
300.0720676694	1.54832108026061e-05	2.15139868627031e-06	3.32731707798942e-05
300.1818233635	1.50067370727116e-05	1.76503042867029e-06	3.32683694064717e-05
300.29157905759996	1.45419579377927e-05	1.35240219082472e-06	3.3263845184655e-05
300.4013347517	1.40900713763681e-05	9.14112397294211e-07	3.32595990579782e-05
300.5110904458	1.36521646186246e-05	4.50823740552499e-07	3.32556301443239e-05
300.6208461399	1.32292921552339e-05	-3.67725087625668e-08	3.32519395614394e-05
300.73060183399997	1.28224834365347e-05	-5.47927968592333e-07	3.32485307538338e-05
300.8403575281	1.24326950877199e-05	-1.08183317073905e-06	3.32454075804108e-05
300.9501132222	1.2060921163779e-05	-1.63768375800595e-06	3.32425751536506e-05
301.0598689163	1.17079244684359e-05	-2.21460584326779e-06	3.32400393331726e-05
301.1696246104	1.13746196973216e-05	-2.81167391830352e-06	3.32378047799524e-05
301.27938030449997	1.10616758126134e-05	-3.42794186551488e-06	3.32358760869765e-05
301.3891359986	1.07698596117144e-05	-4.06248869384592e-06	3.32342567820387e-05
301.4988916927	1.04998623658116e-05	-4.71434256052126e-06	3.32329496252002e-05
301.6086473868	1.02523321408208e-05	-5.3825050514906e-06	3.32319543163101e-05
301.7184030809	1.00278520954668e-05	-6.06603392908049e-06	3.32312698381288e-05
301.82815877499996	9.826990056754e-06	-6.76399520905671e-06	3.32308932278236e-05
301.9379144691	9.65023077291761e-06	-7.47504650006536e-06	3.32308218298415e-05
302.0476701632	9.498065051447e-06	-8.19833196403416e-06	3.32310508946575e-05
302.1574258573	9.37089123252161e-06	-8.93272141710193e-06	3.32315753996737e-05
302.2671815514	9.26908892595504e-06	-9.67705182470123e-06	3.32323884279707e-05
302.37693724549996	9.19287920628253e-06	-1.04303517046888e-05	3.32334837185637e-05
302.4866929396	9.1425827969159e-06	-1.11913115660198e-05	3.32348546115658e-05
302.5964486337	9.1183377329897e-06	-1.19589130652695e-05	3.32364955138991e-05
302.7062043278	9.12028899922487e-06	-1.27320200820517e-05	3.32384013907945e-05
302.81596002189997	9.14851448797171e-06	-1.35095231158095e-05	3.32405675969338e-05
302.925715716	9.20303817879759e-06	-1.42903252509399e-05	3.32429928735129e-05
303.0354714101	9.28383579893797e-06	-1.50733538667169e-05	3.32456778659564e-05
303.1452271042	9.39079683339244e-06	-1.58575001477934e-05	3.32486240835752e-05
303.2549827983	9.52380645027578e-06	-1.66417371171607e-05	3.32518305804974e-05
303.36473849239997	9.68273234856642e-06	-1.74250252080151e-05	3.32552968163163e-05
303.4744941865	9.86729253981346e-06	-1.82063365839733e-05	3.32590223606523e-05
303.5842498806	1.00772697408312e-05	-1.8984675674896e-05	3.32630058743733e-05
303.6940055747	1.03123752955847e-05	-1.97590719045174e-05	3.32672480634107e-05
303.8037612688	1.05722492056232e-05	-2.05285392526229e-05	3.32717493986637e-05
303.91351696289996	1.08566155631451e-05	-2.12922860078883e-05	3.32765107769295e-05
304.023272657	1.11650595354812e-05	-2.20493278390246e-05	3.32815338435628e-05
304.1330283511	1.14971559455926e-05	-2.27988354125736e-05	3.32868178112472e-05
304.2427840452	1.18524706113294e-05	-2.35399430916941e-05	3.32923588135612e-05
304.35253973929997	1.22305368768258e-05	-2.42718586063389e-05	3.32981545611881e-05
304.46229543339996	1.26308557836845e-05	-2.49937876052199e-05	3.33042024618139e-05
304.5720511275	1.30529395284259e-05	-2.57049099818279e-05	3.3310501465446e-05
304.6818068216	1.34961819054441e-05	-2.64045461922139e-05	3.33170506418787e-05
304.7915625157	1.39600159247582e-05	-2.70919171714853e-05	3.3323850292922e-05
304.90131820979997	1.44437384451728e-05	-2.77662414557577e-05	3.3330899134691e-05
305.0110739039	1.49469048412245e-05	-2.8427056009927e-05	3.33381961671397e-05
305.120829598	1.54686376172376e-05	-2.90735916387213e-05	3.33457395223865e-05
305.2305852921	1.60084744436366e-05	-2.97053386050537e-05	3.33535260814149e-05
305.3403409862	1.65655065117257e-05	-3.03217782391235e-05	3.33615528565729e-05
305.45009668029996	1.71391092971817e-05	-3.09224300941592e-05	3.33698179426293e-05
305.5598523744	1.77285891954254e-05	-3.15068388173767e-05	3.33783214052688e-05
305.6696080685	1.83332167403255e-05	-3.20746555715157e-05	3.33870645060974e-05
305.7793637626	1.89523929723292e-05	-3.2625325224429e-05	3.33960505284597e-05
305.8891194567	1.95853589315973e-05	-3.31586846532563e-05	3.34052831690901e-05
305.99887515079996	2.02315448478693e-05	-3.36743736555914e-05	3.34147632566617e-05
306.1086308449	2.08901305345485e-05	-3.41720217042534e-05	3.34244915368972e-05
306.218386539	2.15604886003617e-05	-3.46513572398735e-05	3.34344697300086e-05
306.3281422331	2.2241905218551e-05	-3.51121059132047e-05	3.34447001954121e-05
306.43789792719997	2.29336840325918e-05	-3.55540052953577e-05	3.34551863946843e-05
306.5476536213	2.36351368502144e-05	-3.59768121256293e-05	3.34659312245915e-05
306.6574093154	2.43455551583247e-05	-3.6380370635978e-05	3.34769374244347e-05
306.7671650095	2.50642608928739e-05	-3.67644701818048e-05	3.34882038530779e-05
306.8769207036	2.57904884594898e-05	-3.71289956335861e-05	3.34997280280539e-05
306.98667639769997	2.65235405647681e-05	-3.74737786259521e-05	3.35115055455845e-05
307.0964320918	2.72627267135833e-05	-3.77987544681898e-05	3.35235325403296e-05
307.2061877859	2.8007273143338e-05	-3.8103836896461e-05	3.35358071099206e-05
307.31594348	2.87565110209331e-05	-3.83889664208856e-05	3.35483268021574e-05
307.4256991741	2.95096984636393e-05	-3.8654100554656e-05	3.35610890924907e-05
307.53545486819996	3.02662097831091e-05	-3.88992858379372e-05	3.35740898419324e-05
307.6452105623	3.10253116495343e-05	-3.91245229734222e-05	3.35873247477227e-05
307.7549662564	3.17863278537196e-05	-3.93298205791868e-05	3.36007912904468e-05
307.8647219505	3.25484957176024e-05	-3.9515303365779e-05	3.36144880945257e-05
307.9744776446	3.33111119769981e-05	-3.96810451445084e-05	3.36284140115063e-05
308.08423333869996	3.40735180015207e-05	-3.98271788174681e-05	3.36425671573531e-05
308.1939890328	3.48350115133579e-05	-3.99538507096128e-05	3.36569454590295e-05
308.3037447269	3.55949006183237e-05	-4.00612489555257e-05	3.3671546609086e-05
308.413500421	3.63524983404854e-05	-4.01496067499321e-05	3.36863681932885e-05
308.52325611509997	3.7107133096153e-05	-4.02191830126727e-05	3.3701407697851e-05
308.6330118092	3.785811486402e-05	-4.02703099080407e-05	3.37166633616719e-05
308.7427675033	3.86048894728302e-05	-4.03032411067441e-05	3.37321353792772e-05
308.8525231974	3.93468215864155e-05	-4.03183674761958e-05	3.37478240886923e-05
308.9622788915	4.00833508578343e-05	-4.03160636728245e-05	3.37637304142008e-05
309.07203458559997	4.08139551635022e-05	-4.029672966872e-05	3.37798544519358e-05
309.1817902797	4.15381579716539e-05	-4.02607960377128e-05	3.37961971536992e-05
309.2915459738	4.22555152313669e-05	-4.0208676906878e-05	3.381275749256e-05
309.4013016679	4.29656166212634e-05	-4.01407980948696e-05	3.38295355965575e-05
309.511057362	4.36680776730964e-05	-4.00575901919071e-05	3.38465291658021e-05
309.62081305609996	4.43625446173742e-05	-3.99595041683067e-05	3.38637361413875e-05
309.7305687502	4.50486738837557e-05	-3.9846986564649e-05	3.38811547042456e-05
309.8403244443	4.57261412922437e-05	-3.97204560780803e-05	3.3898782087409e-05
309.9500801384	4.63946948340006e-05	-3.95803225656337e-05	3.39166166113248e-05
310.05983583249997	4.7054084878219e-05	-3.94269726993079e-05	3.39346549620056e-05
310.16959152659996	4.77040856864136e-05	-3.92608108119636e-05	3.39528932852775e-05
310.2793472207	4.83444766947021e-05	-3.90822482364705e-05	3.39713277445183e-05
310.3891029148	4.89750662406608e-05	-3.88917338588782e-05	3.39899544220667e-05
310.4988586089	4.95956353530122e-05	-3.86895404498639e-05	3.40087686659879e-05
310.60861430299997	5.02061606741341e-05	-3.84761457812307e-05	3.40277654085412e-05
310.7183699971	5.08062388396417e-05	-3.82517859865356e-05	3.4046940864927e-05
310.8281256912	5.13958416219215e-05	-3.8016875644691e-05	3.40662930717951e-05
310.9378813853	5.19747665866006e-05	-3.77717078655736e-05	3.40858207002523e-05
311.0476370794	5.25428754526249e-05	-3.75166282062342e-05	3.41055214624602e-05
311.15739277349996	5.30999746593379e-05	-3.72519836219339e-05	3.41253929096215e-05
311.2671484676	5.36459425368184e-05	-3.69781214048214e-05	3.41454350034953e-05
311.3769041617	5.41806492752106e-05	-3.66953596706471e-05	3.41656500032458e-05
311.4866598558	5.4703971999539e-05	-3.64040053966857e-05	3.41860419818848e-05
311.5964155499	5.52157858664915e-05	-3.6104357729319e-05	3.42066158324933e-05
311.70617124399996	5.57159661651728e-05	-3.57967116135637e-05	3.42273766580235e-05
311.8159269381	5.62043892520456e-05	-3.54813672271037e-05	3.42483294838109e-05
311.9256826322	5.66809344326427e-05	-3.51586240143337e-05	3.42694809910336e-05
312.0354383263	5.71454653858176e-05	-3.48287988429566e-05	3.42908401677293e-05
312.14519402039997	5.75978645517902e-05	-3.44921496371354e-05	3.43124168083802e-05
312.2549497145	5.80379989271624e-05	-3.414900779776e-05	3.43342207982498e-05
312.3647054086	5.84657469550301e-05	-3.37996607803926e-05	3.43562603509681e-05
312.4744611027	5.88809664302036e-05	-3.34444287369042e-05	3.43785419496936e-05
312.5842167968	5.92835107741767e-05	-3.30836353398287e-05	3.44010712896754e-05
312.69397249089997	5.96732460224103e-05	-3.27175958132617e-05	3.44238541821585e-05
312.803728185	6.0049985797115e-05	-3.23466969167966e-05	3.44468973961028e-05
312.9134838791	6.04136943702348e-05	-3.19711886121569e-05	3.44702085578827e-05
313.0232395732	6.07641627172053e-05	-3.15915096264796e-05	3.4493794031279e-05
313.1329952673	6.11013063833572e-05	-3.12079892238596e-05	3.45176599354792e-05
313.24275096139996	6.14250255563912e-05	-3.08210029510946e-05	3.45418122633001e-05
313.3525066555	6.17352130126698e-05	-3.04309336939206e-05	3.45662555150492e-05
313.4622623496	6.20317775182744e-05	-3.00381093630485e-05	3.45909928260983e-05
313.5720180437	6.23146337589443e-05	-2.96429151790948e-05	3.46160264671713e-05
313.6817737378	6.25837031155845e-05	-2.92458493497078e-05	3.464136006185e-05
313.79152943189996	6.28389472800203e-05	-2.88473236437715e-05	3.46669984666694e-05
313.901285126	6.30804595902242e-05	-2.84476677020268e-05	3.46929800557594e-05
314.0110408201	6.33080184544201e-05	-2.80472468585757e-05	3.47192524357984e-05
314.1207965142	6.3521756060967e-05	-2.76466083787713e-05	3.47458289959463e-05
314.23055220829997	6.37216588990931e-05	-2.72461699155757e-05	3.47727224722561e-05
314.3403079024	6.39078294496208e-05	-2.68464586826319e-05	3.47999341061467e-05
314.4500635965	6.4080159745621e-05	-2.64476990758896e-05	3.48274634843265e-05
314.5598192906	6.42388738038989e-05	-2.60504756704042e-05	3.48553106459923e-05
314.6695749847	6.43840371084704e-05	-2.56551815690075e-05	3.48834759084033e-05
314.77933067879997	6.45157517366597e-05	-2.52622436238504e-05	3.49119616341022e-05
314.8890863729	6.46341191165381e-05	-2.48720865215621e-05	3.49407706745322e-05
314.998842067	6.47392540259282e-05	-2.44851256819659e-05	3.49699051155608e-05
315.1085977611	6.48312975552161e-05	-2.41017710145856e-05	3.49993650203912e-05
315.2183534552	6.49104094652429e-05	-2.37224234874004e-05	3.50291515639709e-05
315.32810914929996	6.49767516711465e-05	-2.33474853937485e-05	3.50592671386412e-05
315.4378648434	6.50304971067426e-05	-2.29773569794327e-05	3.50897144710208e-05
315.5476205375	6.50718301477297e-05	-2.26124398835162e-05	3.51204973890593e-05
315.6573762316	6.51009509923221e-05	-2.22531326925437e-05	3.5151617451584e-05
315.76713192569997	6.51180795660586e-05	-2.18998363093623e-05	3.51830770310805e-05
315.87688761979996	6.51234822004073e-05	-2.15529183751298e-05	3.52148783596174e-05
315.9866433139	6.51174285824797e-05	-2.12127707013526e-05	3.52470224113358e-05
316.096399008	6.51002268398803e-05	-2.08797483347439e-05	3.52795074841785e-05
316.2061547021	6.50721821588321e-05	-2.05542238399361e-05	3.53123331695371e-05
316.31591039619997	6.50336258842322e-05	-2.02365322724759e-05	3.53454988267363e-05
316.4256660903	6.49848916623909e-05	-1.99269857375314e-05	3.53790040221478e-05
316.5354217844	6.49263147036259e-05	-1.96258795447434e-05	3.54128482595541e-05
316.6451774785	6.48582561581108e-05	-1.93334999254428e-05	3.54470304402828e-05
316.7549331726	6.47810365778398e-05	-1.90500820202909e-05	3.54815464203167e-05
316.86468886669996	6.46950441954809e-05	-1.87758825692095e-05	3.55163915679313e-05
316.9744445608	6.46006571322721e-05	-1.85111439068606e-05	3.55515615498257e-05
317.0842002549	6.44982704967236e-05	-1.8256108146394e-05	3.55870528002505e-05
317.193955949	6.43882932870427e-05	-1.80110139008743e-05	3.56228598519992e-05
317.3037116431	6.42711503865363e-05	-1.77760703805694e-05	3.56589759763392e-05
317.41346733719996	6.41472822164629e-05	-1.7551440119717e-05	3.56953954169807e-05
317.5232230313	6.40171578359191e-05	-1.73372487194598e-05	3.57321121611568e-05
317.6329787254	6.38812073377063e-05	-1.71336098782281e-05	3.57691199808008e-05
317.7427344195	6.37399717691922e-05	-1.69405527816264e-05	3.58064136356718e-05
317.85249011359997	6.35939211659504e-05	-1.67581784301389e-05	3.58439865815703e-05
317.9622458077	6.34435354112852e-05	-1.65864619420542e-05	3.58818296960776e-05
318.0720015018	6.32892370714488e-05	-1.64254131477086e-05	3.59199331458509e-05
318.1817571959	6.31314968235344e-05	-1.62749836957279e-05	3.59582878195015e-05
318.29151289	6.29707634496607e-05	-1.61351101130075e-05	3.59968856521097e-05
318.40126858409997	6.28074795834007e-05	-1.60056966097545e-05	3.60357204530566e-05
318.5110242782	6.26420450534531e-05	-1.58866712297342e-05	3.6074786636219e-05
318.6207799723	6.24748749742955e-05	-1.57778985240996e-05	3.61140784575851e-05
318.7305356664	6.23063650817631e-05	-1.56792776825982e-05	3.61535894486918e-05
318.8402913605	6.21368713047124e-05	-1.55905962435513e-05	3.61933147338312e-05
318.95004705459996	6.19667873664475e-05	-1.5511718725526e-05	3.62332487455534e-05
319.0598027487	6.17964808498815e-05	-1.54424642762462e-05	3.62733855005735e-05
319.1695584428	6.16263032896406e-05	-1.53825632998855e-05	3.63137190749547e-05
319.2793141369	6.14565798867638e-05	-1.53318133379814e-05	3.6354241670137e-05
319.389069831	6.12876106361011e-05	-1.52899244353902e-05	3.63949449632462e-05
319.49882552509996	6.11196671892497e-05	-1.52565991126086e-05	3.64358207930091e-05
319.6085812192	6.09530058458613e-05	-1.5231541094145e-05	3.64768619741734e-05
319.7183369133	6.07878612993483e-05	-1.52144573804127e-05	3.6518060964418e-05
319.8280926074	6.06244429932129e-05	-1.52050517015776e-05	3.65594104046336e-05
319.93784830149997	6.04629247431335e-05	-1.52030284896787e-05	3.66009009087132e-05
320.0476039956	6.03034443000783e-05	-1.52080845027844e-05	3.66425221389534e-05
320.1573596897	6.01461015159528e-05	-1.52199132996429e-05	3.66842651763181e-05
320.2671153838	5.99909627146465e-05	-1.52382112220962e-05	3.67261229537358e-05
320.3768710779	5.98381827933215e-05	-1.52626400325626e-05	3.67680886691609e-05
320.48662677199997	5.96878264134431e-05	-1.52929296604294e-05	3.68101566207638e-05
320.5963824661	5.95399300636844e-05	-1.53287744070182e-05	3.68523205225187e-05
320.7061381602	5.93944899364425e-05	-1.53698639556541e-05	3.68945759390297e-05
320.8158938543	5.92514942786814e-05	-1.54158657358803e-05	3.69369213858212e-05
320.9256495484	5.91108529228187e-05	-1.54665381599893e-05	3.69793553398457e-05
321.03540524249996	5.89725494509004e-05	-1.55216126034678e-05	3.70218760081441e-05
321.1451609366	5.88364716831259e-05	-1.5580843965617e-05	3.70644789485555e-05
321.2549166307	5.87025453689618e-05	-1.56439913539109e-05	3.71071611356097e-05
321.3646723248	5.85706618711958e-05	-1.57108510818803e-05	3.71499190416329e-05
321.47442801889997	5.8440685564552e-05	-1.57812259077078e-05	3.71927509357658e-05
321.58418371299996	5.83124738303462e-05	-1.58549269849351e-05	3.72356557795625e-05
321.6939394071	5.81858932265765e-05	-1.5931776724904e-05	3.72786319462601e-05
321.8036951012	5.80608139484431e-05	-1.60116095034847e-05	3.73216777763123e-05
321.9134507953	5.79371027741736e-05	-1.60942717344912e-05	3.73647913090205e-05
322.02320648939997	5.781460394299e-05	-1.61796231302867e-05	3.74079701232678e-05
322.1329621835	5.76931464627381e-05	-1.62675471803499e-05	3.74512086458764e-05
322.2427178776	5.75725555425491e-05	-1.63579186306829e-05	3.74945004326002e-05
322.3524735717	5.74526440445638e-05	-1.64506369042392e-05	3.75378417429909e-05
322.4622292658	5.73332342776534e-05	-1.65456003171835e-05	3.75812315383152e-05
322.57198495989996	5.72141439745172e-05	-1.66427107305407e-05	3.76246684001671e-05
322.681740654	5.70951743446115e-05	-1.67418845653179e-05	3.76681492636304e-05
322.7914963481	5.69761093676171e-05	-1.6843068123785e-05	3.77116697019717e-05
322.9012520422	5.68567190733745e-05	-1.69462096186636e-05	3.77552243569624e-05
323.0110077363	5.67367768871539e-05	-1.70512846284772e-05	3.77988107041503e-05
323.12076343039996	5.66160623391499e-05	-1.71582981681547e-05	3.7842425885775e-05
323.2305191245	5.64943483604459e-05	-1.72672796075213e-05	3.78860674698207e-05
323.3402748186	5.63714144616107e-05	-1.73782781953459e-05	3.79297336969573e-05
323.4500305127	5.62470409646841e-05	-1.74913774093723e-05	3.79734223491544e-05
323.55978620679997	5.61209994502239e-05	-1.7606683356578e-05	3.80171336970492e-05
323.66954190089996	5.59930402751619e-05	-1.77242977846339e-05	3.80608697002468e-05
323.779297595	5.58629255337342e-05	-1.7844322501469e-05	3.81046333096208e-05
323.8890532891	5.57304201103411e-05	-1.79668877228834e-05	3.81484283789621e-05
323.9988089832	5.55952736103568e-05	-1.8092167271542e-05	3.81922567178767e-05
324.10856467729997	5.54572446053965e-05	-1.82203840805937e-05	3.82361217328005e-05
324.2183203714	5.53161215940596e-05	-1.83517974955557e-05	3.82800256392539e-05
324.3280760655	5.51717196195852e-05	-1.84866731723059e-05	3.83239695511555e-05
324.4378317596	5.50238728534534e-05	-1.86252942911283e-05	3.83679548967023e-05
324.5475874537	5.48724309748047e-05	-1.87679738477829e-05	3.84120384422656e-05
324.65734314779996	5.47172705100299e-05	-1.89150442079835e-05	3.84561071741586e-05
324.7670988419	5.45582980459288e-05	-1.9066861581641e-05	3.85002223069932e-05
324.876854536	5.43954655370485e-05	-1.92237731335078e-05	3.85443878021648e-05
324.9866102301	5.42287437388622e-05	-1.93861329266699e-05	3.85886043374059e-05
325.0963659242	5.40581328066067e-05	-1.95542824762778e-05	3.86328709361108e-05
325.20612161829996	5.38836288989574e-05	-1.97285324506085e-05	3.86771860289591e-05
325.3158773124	5.37053098374899e-05	-1.99092222207706e-05	3.87215456157696e-05
325.4256330065	5.35231899955884e-05	-2.00966766407364e-05	3.87659462357768e-05
325.5353887006	5.33373213272963e-05	-2.02912451315785e-05	3.88103845442783e-05
325.64514439469997	5.31477482462125e-05	-2.04932873306195e-05	3.88548580609496e-05
325.7549000888	5.29545421089822e-05	-2.07031491465636e-05	3.88993632267021e-05
325.8646557829	5.27577847126657e-05	-2.09212162303252e-05	3.89438978383105e-05
325.974411477	5.2557587636616e-05	-2.11478641137715e-05	3.89884602178377e-05
326.0841671711	5.23540843013912e-05	-2.13834783181863e-05	3.9033047647251e-05
326.19392286519997	5.21474262829367e-05	-2.16284511676039e-05	3.90776583436226e-05
326.3036785593	5.19378078987524e-05	-2.18831739536433e-05	3.91222914533553e-05
326.4134342534	5.17254447474993e-05	-2.21480521534672e-05	3.91669500196997e-05
326.5231899475	5.15105997498438e-05	-2.24234559664996e-05	3.92116394815744e-05
326.6329456416	5.12935538411325e-05	-2.27097529000265e-05	3.92563658963297e-05
326.74270133569996	5.10745693540727e-05	-2.30073015191324e-05	3.93011349291623e-05
326.8524570298	5.08540564224278e-05	-2.33164705845022e-05	3.93459519999399e-05
326.9622127239	5.06346329831436e-05	-2.36361619594776e-05	3.93901421414373e-05
327.071968418	5.04097898140872e-05	-2.39711285062711e-05	3.94348470065116e-05
327.18172411209997	5.01869062375143e-05	-2.43172531761954e-05	3.94798433727992e-05
327.29147980619996	4.99640705942171e-05	-2.46765349894949e-05	3.95249109863152e-05
327.4012355003	4.9741815198135e-05	-2.50491489317712e-05	3.95700551040638e-05
327.5109911944	4.95206821684989e-05	-2.54353845537824e-05	3.9615280356151e-05
327.6207468885	4.93013232486929e-05	-2.5835398406696e-05	3.96605886173354e-05
327.73050258259997	4.90841973594201e-05	-2.62495387198478e-05	3.97059787199496e-05
327.8402582767	4.88699957824021e-05	-2.66777796348209e-05	3.97514476740061e-05
327.9500139708	4.86593140240023e-05	-2.71204670336269e-05	3.97969899562231e-05
328.0597696649	4.84528291158862e-05	-2.75772918421415e-05	3.98426037040824e-05
328.169525359	4.82510530713034e-05	-2.80485428746347e-05	3.98882894109448e-05
328.27928105309996	4.80546196861023e-05	-2.85341384917232e-05	3.9934046591427e-05
328.3890367472	4.78641295329394e-05	-2.90340368472314e-05	3.99798739995055e-05
328.4987924413	4.7680170470647e-05	-2.95481547418143e-05	4.00257696047881e-05
328.6085481354	4.750331850819e-05	-3.00763984519407e-05	4.00717326685075e-05
328.7183038295	4.73341585860354e-05	-3.06186581085413e-05	4.01177648209113e-05
328.82805952359996	4.71732837666834e-05	-3.11748004847805e-05	4.01638706294389e-05
328.9378152177	4.70212814305851e-05	-3.174466041749e-05	4.02100547119127e-05
329.0475709118	4.68787305225494e-05	-3.23280623533608e-05	4.02563240305575e-05
329.1573266059	4.67462071462182e-05	-3.29247056657853e-05	4.03026840042605e-05
329.26708229999997	4.66242665819618e-05	-3.35343862496171e-05	4.03491433411759e-05
329.37683799409996	4.65134598439652e-05	-3.41568097090812e-05	4.03957134084191e-05
329.4865936882	4.64142808526904e-05	-3.47916629520015e-05	4.04424057760819e-05
329.5963493823	4.63273081136779e-05	-3.54386620867e-05	4.04892319823006e-05
329.7061050764	4.62530208706458e-05	-3.60974622764419e-05	4.05362018281779e-05
329.81586077049997	4.61919021147964e-05	-3.6767771540514e-05	4.05833271616195e-05
329.9256164646	4.61445387020524e-05	-3.74490278086302e-05	4.06306209492047e-05
330.0353721587	4.61113367665523e-05	-3.81409287717503e-05	4.06780967205225e-05
330.1451278528	4.60928239194677e-05	-3.88429585753219e-05	4.07257654115671e-05
330.2548835469	4.60894665531014e-05	-3.95546010142981e-05	4.07736373129905e-05
330.36463924099996	4.61016606570803e-05	-4.02752898669915e-05	4.08217222433358e-05
330.4743949351	4.6129857584389e-05	-4.10045297998318e-05	4.08700308572914e-05
330.5841506292	4.61743801212401e-05	-4.17417268940519e-05	4.09185740705636e-05
330.6939063233	4.62355716770572e-05	-4.24862245334992e-05	4.09673582820391e-05
330.8036620174	4.63137209995025e-05	-4.32374110654092e-05	4.10163890140597e-05
330.91341771149996	4.64091032514752e-05	-4.39946511897222e-05	4.10656714535545e-05
331.0231734056	4.65218544117131e-05	-4.47572660366335e-05	4.11152081054757e-05
331.1329290997	4.6652161880075e-05	-4.55246189803191e-05	4.1165001972206e-05
331.2426847938	4.68001436901358e-05	-4.6296055034683e-05	4.12150589692504e-05
331.35244048789997	4.6965871015432e-05	-4.70708896831187e-05	4.12653838241714e-05
331.462196182	4.71494212720602e-05	-4.78485422841876e-05	4.13159791108379e-05
331.5719518761	4.73507788748316e-05	-4.86282919818926e-05	4.13668461716891e-05
331.6817075702	4.7569859800725e-05	-4.94095126931278e-05	4.14179852744152e-05
331.7914632643	4.78066669632006e-05	-5.01916595231814e-05	4.14693977103745e-05
331.90121895839997	4.80610464332736e-05	-5.09741099065981e-05	4.15210816123871e-05
332.0109746525	4.83328874594739e-05	-5.17563037819741e-05	4.15730377572141e-05
332.1207303466	4.86220433071446e-05	-5.25377026252094e-05	4.16252674830243e-05
332.2304860407	4.89283296752058e-05	-5.33177752970831e-05	4.16777735210548e-05
332.3402417348	4.92516282477355e-05	-5.4096044286313e-05	4.17305597365209e-05
332.44999742889996	4.95917776012603e-05	-5.48720020071028e-05	4.17836305615932e-05
332.559753123	4.99485014785375e-05	-5.5645253025222e-05	4.18369918666157e-05
332.6695088171	5.03216969886523e-05	-5.6415245666446e-05	4.1890650186422e-05
332.7792645112	5.0711116616296e-05	-5.71815579757615e-05	4.19446114218839e-05
332.88902020529997	5.11165225493734e-05	-5.79438681628649e-05	4.19988799939987e-05
332.99877589939996	5.15376748024491e-05	-5.87014636704049e-05	4.20534601457987e-05
333.1085315935	5.19743156350005e-05	-5.94541665988806e-05	4.21083554688873e-05
333.2182872876	5.24261139895279e-05	-6.02015410131952e-05	4.21635706477362e-05
333.3280429817	5.28928141120584e-05	-6.09431974625948e-05	4.22191082957508e-05
333.43779867579997	5.33741162214991e-05	-6.16788022139634e-05	4.22749715908977e-05
333.5475543699	5.38697051639664e-05	-6.24080356735136e-05	4.23311621606564e-05
333.657310064	5.43792569574803e-05	-6.31306003696559e-05	4.23876805132581e-05
333.7670657581	5.49024421453483e-05	-6.3846343874159e-05	4.2444525412198e-05
333.8768214522	5.54389354623091e-05	-6.45546848072287e-05	4.25016951877462e-05
333.98657714629996	5.59884155476079e-05	-6.52556179348296e-05	4.25591896292421e-05
334.0963328404	5.655056298181e-05	-6.59488401914738e-05	4.26170094381959e-05
334.2060885345	5.71250728135393e-05	-6.66342145296057e-05	4.26751547117126e-05
334.3158442286	5.77115949399994e-05	-6.73115094320069e-05	4.2733619443571e-05
334.4255999227	5.83097699948994e-05	-6.79806349540144e-05	4.27924119234907e-05
334.53535561679996	5.89193311930915e-05	-6.86414292237088e-05	4.28515159863192e-05
334.6451113109	5.95400111641588e-05	-6.92937463981637e-05	4.29109326757665e-05
334.754867005	6.01714630416412e-05	-6.99375199915716e-05	4.29706596136761e-05
334.8646226991	6.08134239333473e-05	-7.05727207807915e-05	4.30306914331613e-05
334.97437839319997	6.14656283538314e-05	-7.11992698197302e-05	4.30910238362486e-05
335.08413408729996	6.21278395000464e-05	-7.18171426152093e-05	4.31516474156887e-05
335.1938897814	6.27998371566279e-05	-7.24263063316644e-05	4.32125537237359e-05
335.3036454755	6.34814023878344e-05	-7.30267627448049e-05	4.32737345474827e-05
335.4134011696	6.41723851348311e-05	-7.36184387455971e-05	4.33351803969438e-05
335.52315686369997	6.48725626124236e-05	-7.42012987295863e-05	4.33968832622544e-05
335.6329125578	6.55818513193938e-05	-7.47754391442593e-05	4.34588333374264e-05
335.7426682519	6.63000756106552e-05	-7.53406834532044e-05	4.35210214846553e-05
335.852423946	6.70270998530704e-05	-7.58970505015654e-05	4.35834376641844e-05
335.9621796401	6.77627828985569e-05	-7.64444937494335e-05	4.36460729488818e-05
336.07193533419996	6.85069896578719e-05	-7.69829663799918e-05	4.37089221381912e-05
336.1816910283	6.92596581904076e-05	-7.75124200710531e-05	4.37719818048145e-05
336.2914467224	7.00205855885771e-05	-7.80328489044017e-05	4.38352512569666e-05
336.4012024165	7.07897310372799e-05	-7.85441761564142e-05	4.38987305397553e-05
336.5109581106	7.15669986786078e-05	-7.90463442994815e-05	4.39624217749319e-05
336.62071380469996	7.23523055128656e-05	-7.95392699494831e-05	4.40263283578113e-05
336.7304694988	7.31455641758218e-05	-8.00228506358277e-05	4.40904572918522e-05
336.8402251929	7.39466912145495e-05	-8.04970743307738e-05	4.41548161323831e-05
336.949980887	7.47556689895293e-05	-8.09618264310824e-05	4.42194128457781e-05
337.05973658109997	7.55723185942474e-05	-8.14170435647228e-05	4.42842530235978e-05
337.1694922752	7.63966077401408e-05	-8.18625936095401e-05	4.43493415572365e-05
337.2792479693	7.72284653547323e-05	-8.22983264573173e-05	4.44146805311386e-05
337.3890036634	7.80678825315223e-05	-8.27242775604701e-05	4.44802703360638e-05
337.4987593575	7.89147027038751e-05	-8.31401900037435e-05	4.45461099239211e-05
337.60851505159997	7.97688996637267e-05	-8.35460336040714e-05	4.46121971256537e-05
337.7182707457	8.06304417532858e-05	-8.39415602506633e-05	4.46785284520766e-05
337.8280264398	8.14991899816633e-05	-8.4326651473071e-05	4.47451001865966e-05
337.9377821339	8.23751491613128e-05	-8.47011790699811e-05	4.48119071522937e-05
338.047537828	8.32582097453498e-05	-8.5064952953642e-05	4.48789446828281e-05
338.15729352209996	8.41483516555494e-05	-8.5417801316759e-05	4.49462065666856e-05
338.2670492162	8.50453659236287e-05	-8.57595195650455e-05	4.50136858146148e-05
338.3768049103	8.59492534243661e-05	-8.60899496153245e-05	4.50813750256027e-05
338.4865606044	8.68599138252812e-05	-8.64089085252725e-05	4.51492684183229e-05
338.59631629849997	8.77772360323339e-05	-8.67162092342121e-05	4.52173618014289e-05
338.70607199259996	8.87011064838328e-05	-8.70116610826692e-05	4.52856488878595e-05
338.8158276867	8.96314347561612e-05	-8.72950740456711e-05	4.53541235239719e-05
338.9255833808	9.05680971456454e-05	-8.75662382561062e-05	4.54227792939659e-05
339.0353390749	9.15109252226827e-05	-8.78249348636569e-05	4.54916106940906e-05
339.14509476899997	9.24598523467831e-05	-8.80708686949502e-05	4.55606127438324e-05
339.2548504631	9.34146679041332e-05	-8.83039946729524e-05	4.56297813840289e-05
339.3646061572	9.43752664629594e-05	-8.85241502424286e-05	4.56991130399101e-05
339.4743618513	9.53414322683477e-05	-8.8730918693577e-05	4.5768605003603e-05
339.5841175454	9.63129949531519e-05	-8.8924264769193e-05	4.58382566134522e-05
339.69387323949996	9.72898265066354e-05	-8.91039446031278e-05	4.59080666018885e-05
339.8036289336	9.82717643230673e-05	-8.92697422889492e-05	4.5978032451291e-05
339.9133846277	9.92586397904925e-05	-8.94214322506164e-05	4.60481507487588e-05
340.0231403218	0.000100250284146967	-8.95587823762484e-05	4.6118416599307e-05
340.1328960159	0.000101246515478673	-8.9681543446616e-05	4.61888245929919e-05
340.24265170999996	0.000102247174410505	-8.97894957076693e-05	4.62593687943234e-05
340.3524074041	0.000103252081438085	-8.98823931491675e-05	4.63300411984737e-05
340.4621630982	0.000104260973723713	-8.99599338299952e-05	4.64008334492299e-05
340.5719187923	0.000105273613643717	-9.00218621606802e-05	4.64717352665077e-05
340.68167448639997	0.000106289755349699	-9.00678699238433e-05	4.65427362312406e-05
340.79143018049996	0.000107309133177472	-9.0097689575684e-05	4.66138252512807e-05
340.9011858746	0.000108331469206301	-9.01110130550622e-05	4.66849963140158e-05
341.0109415687	0.000109356455227864	-9.01075596478284e-05	4.67562442976388e-05
341.1206972628	0.000110383745824617	-9.00870339640546e-05	4.68275620745701e-05
341.23045295689997	0.0001114129034317	-9.00492123854017e-05	4.68989472788e-05
341.340208651	0.000112443725785569	-8.99936269646148e-05	4.69703831098597e-05
341.4499643451	0.000113475664895236	-8.99202070968117e-05	4.70418605819149e-05
341.5597200392	0.000114508301885527	-8.98286415525309e-05	4.71133716298799e-05
341.6694757333	0.000115541216674495	-8.97186872458175e-05	4.71848978974906e-05
341.77923142739996	0.000116573882073591	-8.95901049561461e-05	4.72564395037118e-05
341.8889871215	0.000117605803904889	-8.94426914299332e-05	4.73279869160646e-05
341.9987428156	0.000118636458934389	-8.92762519035194e-05	4.73995323103632e-05
342.1084985097	0.000119665292878323	-8.90906341752896e-05	4.74710662106757e-05
342.2182542038	0.000120691780150394	-8.8885676566961e-05	4.75425762540308e-05
342.32800989789996	0.000121715421277978	-8.86612786943255e-05	4.7614051562642e-05
342.437765592	0.000122735447913055	-8.84173909440075e-05	4.76854832609866e-05
342.5475212861	0.000123751456432413	-8.81539606154382e-05	4.77568629672993e-05
342.6572769802	0.000124762969139839	-8.78709955616508e-05	4.78281824767689e-05
342.76703267429997	0.000125769036083712	-8.75684650428552e-05	4.78994310766361e-05
342.87678836839996	0.000126769579370843	-8.72464755923806e-05	4.79706048018457e-05
342.9865440625	0.000127763889637621	-8.69050216195577e-05	4.80417000393702e-05
343.0962997566	0.000128751491991146	-8.65441490723646e-05	4.81127117958883e-05
343.2060554507	0.000129731836906431	-8.61638208060254e-05	4.81836355703791e-05
343.31581114479997	0.000130704352501688	-8.57642331880891e-05	4.82544659270347e-05
343.4255668389	0.000131668502907694	-8.53453091423774e-05	4.83251966954083e-05
343.535322533	0.000132623765521756	-8.4907159026484e-05	4.83958208535098e-05
343.6450782271	0.000133569567240709	-8.44498573015144e-05	4.84663313609514e-05
343.7548339212	0.000134505385085538	-8.39735543426752e-05	4.85367221355062e-05
343.86458961529996	0.000135430446277817	-8.34781911578334e-05	4.86069883307345e-05
343.9743453094	0.000136344269150671	-8.29641261232604e-05	4.86771260462424e-05
344.0841010035	0.00013724636788771	-8.24314613938321e-05	4.87471287288658e-05
344.1938566976	0.000138135871467806	-8.18802885457137e-05	4.88169855621132e-05
344.30361239169997	0.000139012315879559	-8.13109994995361e-05	4.88866835985821e-05
344.41336808579996	0.000139874988143466	-8.07237595503339e-05	4.89562107987401e-05
344.5231237799	0.000140723238507414	-8.01188733845942e-05	4.90255547246395e-05
344.632879474	0.000141556530581272	-7.94966225159592e-05	4.90947027089096e-05
344.7426351681	0.00014237417430799	-7.8857369108713e-05	4.91636410637523e-05
344.85239086219997	0.000143175749442597	-7.8201563173165e-05	4.92323553681872e-05
344.9621465563	0.00014396025854339	-7.7529558015219e-05	4.93008353730987e-05
345.0719022504	0.000144727250521803	-7.68419008086981e-05	4.93690741007493e-05
345.1816579445	0.000145476275704949	-7.61390758656432e-05	4.94370692246668e-05
345.2914136386	0.000146206742382326	-7.54216692951247e-05	4.95048193102596e-05
345.40116933269996	0.000146918218715947	-7.46901220056361e-05	4.95723246296645e-05
345.5109250268	0.000147610222440169	-7.39450540573345e-05	4.96395881592545e-05
345.6206807209	0.000148282344401689	-7.31870205484918e-05	4.97066158751789e-05
345.730436415	0.000148934218426479	-7.24165826783236e-05	4.97734178053734e-05
345.8401921091	0.00014956550166121	-7.16342975315247e-05	4.98400058868793e-05
345.94994780319996	0.000150175881692577	-7.08406498877328e-05	4.99063908365562e-05
346.0597034973	0.000150765011438866	-7.00363320318893e-05	4.99725805651e-05
346.1694591914	0.000151332520709795	-6.92219894382672e-05	5.00385819922541e-05
346.2792148855	0.00015187830367366	-6.83978298361684e-05	5.01044037992266e-05
346.38897057959997	0.000152401934186933	-6.75646941790482e-05	5.01700560684743e-05
346.49872627369996	0.000152903113733921	-6.67231102947676e-05	5.02355473944467e-05
346.6084819678	0.000153381579424879	-6.58735892441369e-05	5.03008868577931e-05
346.7182376619	0.000153837004546343	-6.50168484377234e-05	5.03660829634281e-05
346.827993356	0.00015426907990018	-6.41535036494509e-05	5.04311428153828e-05
346.93774905009997	0.000154677534792323	-6.32841174892319e-05	5.04960723073054e-05
347.0475047442	0.000155062129623574	-6.24093547788311e-05	5.05608781542088e-05
347.1572604383	0.000155422630089408	-6.15299314823743e-05	5.06255691601464e-05
347.2670161324	0.000155758868823603	-6.06464974576084e-05	5.06901568139601e-05
347.3767718265	0.000156070695372617	-5.97599151951565e-05	5.07546511250517e-05
347.48652752059996	0.000156358004679157	-5.88708597762218e-05	5.08190619716013e-05
347.5962832147	0.000156620710614673	-5.79800783800234e-05	5.08833976620384e-05
347.7060389088	0.000156858770825676	-5.70883313033914e-05	5.09476661203917e-05
347.8157946029	0.000157072146636817	-5.6196386433522e-05	5.10118753816419e-05
347.925550297	0.000157260880198478	-5.53050116917587e-05	5.10760337786475e-05
348.03530599109996	0.00015742504870464	-5.44149541620868e-05	5.11401489973928e-05
348.1450616852	0.000157564752141081	-5.35269497915496e-05	5.1204227435298e-05
348.2548173793	0.000157680035430571	-5.26418035679935e-05	5.1268273648081e-05
348.3645730734	0.000157771085581567	-5.17602124428698e-05	5.13322882721929e-05
348.47432876749997	0.000157838067062027	-5.08828764688035e-05	5.13962675043432e-05
348.58408446159996	0.000157881170498022	-5.00104925008032e-05	5.1460209082114e-05
348.6938401557	0.000157900595998886	-4.91437444395116e-05	5.15241087425381e-05
348.8035958498	0.000157896583156919	-4.82833129504608e-05	5.1587965220718e-05
348.9133515439	0.000157869412869761	-4.74298836690572e-05	5.16517761999338e-05
349.02310723799997	0.000157819275887064	-4.65839865113362e-05	5.17155386735828e-05
349.1328629321	0.000157746542034233	-4.57462860714905e-05	5.17792477056441e-05
349.2426186262	0.000157651485218941	-4.49173311009811e-05	5.18428974674428e-05
349.3523743203	0.000157534350239034	-4.40976736487992e-05	5.19064828220501e-05
349.4621300144	0.000157395567267234	-4.32878350108876e-05	5.19700007033701e-05
349.57188570849996	0.000157235407340433	-4.24882996507597e-05	5.20334492274751e-05
349.6816414026	0.000157054241476381	-4.16997493296431e-05	5.20968297989125e-05
349.7913970967	0.000156852422751508	-4.09225827558725e-05	5.21601452737662e-05
349.9011527908	0.000156630406541549	-4.01574043642121e-05	5.22233975814725e-05
350.01090848489997	0.000156388426468575	-3.94045472498857e-05	5.22865856934976e-05
350.12066417899996	0.000156127015278333	-3.86646851144784e-05	5.23497064110946e-05
350.2304198731	0.000155846543584918	-3.79382538337019e-05	5.24127565119857e-05
350.3401755672	0.00015554742322269	-3.72257458401439e-05	5.24757312090608e-05
350.4499312613	0.000155230101451263	-3.65276481486138e-05	5.25386262867756e-05
350.55968695539997	0.000154895019354785	-3.58444065071112e-05	5.26014365347049e-05
350.6694426495	0.000154542646936903	-3.51764415526779e-05	5.26641541769315e-05
350.7791983436	0.00015417342485291	-3.45241564145205e-05	5.27267697774292e-05
350.8889540377	0.000153787958450346	-3.38878692438869e-05	5.27892593646103e-05
350.9987097318	0.000153386646714922	-3.32680290399636e-05	5.28516543250101e-05
351.10846542589996	0.000152970041527539	-3.266493699818e-05	5.2913904354392e-05
351.21822112	0.000152538679678726	-3.20789103761403e-05	5.29760162841039e-05
351.3279768141	0.000152093111720151	-3.1510254672566e-05	5.30379835655801e-05
351.4377325082	0.000151633841336425	-3.09593388680737e-05	5.30998005669141e-05
351.5474882023	0.000151161524005574	-3.04263292906939e-05	5.31614630631044e-05
351.65724389639996	0.000150676563963873	-2.99116743186138e-05	5.32229719938279e-05
351.7669995905	0.000150179608742561	-2.9415477468771e-05	5.32843134523363e-05
351.8767552846	0.000149671246357575	-2.89379308292688e-05	5.33454946384375e-05
351.9865109787	0.000149152035532716	-2.84792289241856e-05	5.34065073904655e-05
352.09626667279997	0.000148622547121294	-2.80395495342784e-05	5.34673472324919e-05
352.20602236689996	0.000148083352856285	-2.76190595155185e-05	5.35280119766226e-05
352.315778061	0.000147535021448947	-2.72179144658398e-05	5.35884991340059e-05
352.4255337551	0.000146978111263849	-2.68362486644394e-05	5.36488046553442e-05
352.5352894492	0.000146413177458592	-2.647417646327e-05	5.37089226971583e-05
352.64504514329997	0.000145840772390658	-2.61317923361376e-05	5.37688445931736e-05
352.7548008374	0.000145261475907607	-2.58091669555464e-05	5.38285601182471e-05
352.8645565315	0.000144675722040435	-2.55061964319464e-05	5.38880582880956e-05
352.9743122256	0.000144084547988685	-2.52231817426878e-05	5.39473284104486e-05
353.0840679197	0.000143488159443256	-2.49599120793182e-05	5.40063615171666e-05
353.19382361379996	0.000142887222939693	-2.47163931760292e-05	5.40651472698378e-05
353.3035793079	0.000142282393577449	-2.4492592805431e-05	5.41236781556835e-05
353.413335002	0.000141674123553417	-2.42883679974091e-05	5.41819467626008e-05
353.5230906961	0.000141063015089785	-2.41036376250251e-05	5.42399465833254e-05
353.6328463902	0.000140449536625728	-2.39381996534838e-05	5.42976755993741e-05
353.74260208429996	0.000139834394126259	-2.37919290805771e-05	5.43551147105698e-05
353.8523577784	0.000139217975782256	-2.36645819263128e-05	5.44122734809177e-05
353.9621134725	0.000138600764842758	-2.35559372201699e-05	5.44691430052294e-05
354.0718691666	0.000137983256941195	-2.34658037698817e-05	5.45257182558936e-05
354.18162486069997	0.000137365752476076	-2.33939175727694e-05	5.45819933524872e-05
354.29138055479996	0.000136748697220245	-2.33400486300232e-05	5.46379606372139e-05
354.4011362489	0.000136132407709306	-2.33039288722188e-05	5.46936152608376e-05
354.510891943	0.000135517201368558	-2.32853665088532e-05	5.47489536511713e-05
354.6206476371	0.000134903374197365	-2.32840395610553e-05	5.4803969797512e-05
354.73040333119997	0.000134291206446339	-2.32997589679279e-05	5.48586559803864e-05
354.8401590253	0.000133680966077111	-2.33323089943359e-05	5.49130054824355e-05
354.9499147194	0.000133072899168863	-2.3381466004573e-05	5.49670128210856e-05
355.0596704135	0.000132467357853903	-2.34470257953057e-05	5.50206730234953e-05
355.1694261076	0.000131864357112133	-2.35287719414822e-05	5.5073993927267e-05
355.27918180169996	0.000131264239819835	-2.36265789950589e-05	5.5126962671106e-05
355.3889374958	0.0001306672147901	-2.37401187038076e-05	5.51795772649346e-05
355.4986931899	0.000130073379976745	-2.38692596350044e-05	5.52318323300669e-05
355.608448884	0.000129483018784845	-2.40138815711818e-05	5.52837218848783e-05
355.71820457809997	0.000128896298557536	-2.41738049194998e-05	5.53352389531095e-05
355.82796027219996	0.000128313497772534	-2.43489199068197e-05	5.53863765939688e-05
355.9377159663	0.000127734670678426	-2.45390466805955e-05	5.54371253375388e-05
356.0474716604	0.000127160041268625	-2.47440373081355e-05	5.54874790537078e-05
356.1572273545	0.000126589949034134	-2.49638567422161e-05	5.55374333202645e-05
356.26698304859997	0.000126024558785276	-2.51983127690664e-05	5.55869860288407e-05
356.37673874269996	0.000125464077130188	-2.54472489781695e-05	5.56361379117438e-05
356.4864944368	0.000124908708513494	-2.5710504088741e-05	5.56848913178725e-05
356.5962501309	0.000124358652384258	-2.5987906620996e-05	5.57332486971286e-05
356.706005825	0.000123814100439696	-2.62792968285958e-05	5.57812123239397e-05
356.81576151909996	0.000123275235381649	-2.65845095285408e-05	5.58287827909694e-05
356.9255172132	0.000122742189175338	-2.69033635841395e-05	5.58759589096683e-05
357.0352729073	0.0001222152429586	-2.72356887321008e-05	5.59228222557103e-05
357.1450286014	0.00012169442044583	-2.75813760641702e-05	5.59692085224226e-05
357.2547842955	0.000121179984961203	-2.79402026370897e-05	5.60151977957133e-05
357.36453998959996	0.00012067207349889	-2.83120340994649e-05	5.60607837299172e-05
357.4742956837	0.000120170765851464	-2.86967111800256e-05	5.61059736518774e-05
357.5840513778	0.000119676334695446	-2.90941010230346e-05	5.61507476448853e-05
357.6938070719	0.000119188861351904	-2.95040437160384e-05	5.61950969205408e-05
357.80356276599997	0.000118708462178819	-2.99264383806231e-05	5.62390255478301e-05
357.91331846009996	0.00011823528125572	-3.03611273908577e-05	5.62825134468855e-05
358.0230741542	0.000117769457525159	-3.08079949891651e-05	5.63255575621158e-05
358.1328298483	0.000117311102696196	-3.12669009230835e-05	5.63681494156492e-05
358.2425855424	0.000116860392872254	-3.17377265369283e-05	5.64102819148365e-05
358.35234123649997	0.000116417471301142	-3.22203375672525e-05	5.64519499175909e-05
358.4620969306	0.000115982486820124	-3.27146140489931e-05	5.64931498763759e-05
358.5718526247	0.000115555587298047	-3.32204421202463e-05	5.65338804065895e-05
358.6816083188	0.000115136919747794	-3.37377351010641e-05	5.65741404901065e-05
358.7913640129	0.000114726723661573	-3.42662986909141e-05	5.66139257997788e-05
358.90111970699996	0.000114325047205956	-3.48060604071132e-05	5.6653231162415e-05
359.0108754011	0.0001139321548066	-3.53568647377345e-05	5.66920533875714e-05
359.1206310952	0.000113548196861954	-3.59185708871945e-05	5.67303924831849e-05
359.2303867893	0.00011317334632948	-3.64910164141167e-05	5.67682506086972e-05
359.3401424834	0.000112807737401591	-3.70740713179314e-05	5.68056287524451e-05
359.44989817749996	0.000112451566028345	-3.7667563051711e-05	5.6842526069484e-05
359.5596538716	0.000112104943134402	-3.8271322425558e-05	5.68789485388044e-05
359.6694095657	0.000111768052869215	-3.88851740780473e-05	5.69148952648546e-05
359.7791652598	0.000111441041507344	-3.95089839190611e-05	5.69503673759579e-05
359.88892095389997	0.000111124067040659	-4.01424667520876e-05	5.69853678708059e-05
359.99867664799996	0.000110817219381547	-4.07855955044962e-05	5.70198996294718e-05
360.1084323421	0.000110520586421792	-4.14380982444845e-05	5.70539629534344e-05
360.2181880362	0.000110234279266437	-4.20999432824558e-05	5.70875679529759e-05
360.3279437303	0.000109958417455597	-4.27709173621634e-05	5.7120706558403e-05
360.43769942439997	0.000109693105544619	-4.34508818321251e-05	5.71533816206744e-05
360.5474551185	0.000109438456462169	-4.41396901553524e-05	5.71855915758916e-05
360.6572108126	0.000109194575558617	-4.48372109250207e-05	5.72173348138923e-05
360.7669665067	0.000108961563785703	-4.55433171722985e-05	5.72486078671666e-05
360.8767222008	0.000108739516679069	-4.62578765739769e-05	5.72794096815681e-05
360.98647789489996	0.000108528548231741	-4.69807787150276e-05	5.73097354815841e-05
361.096233589	0.000108328757551459	-4.77119014066892e-05	5.73395819097483e-05
361.2059892831	0.000108140310744159	-4.84511841026715e-05	5.73689456604254e-05
361.3157449772	0.000107963339037146	-4.91985044797635e-05	5.73978280670284e-05
361.4255006713	0.00010779798753402	-4.99537583157035e-05	5.74262326471565e-05
361.53525636539996	0.000107644423603577	-5.07168416449511e-05	5.74541647384827e-05
361.6450120595	0.000107502787090993	-5.14876152243551e-05	5.74816297817085e-05
361.7547677536	0.000107373197365875	-5.22659617393305e-05	5.75086358547841e-05
361.8645234477	0.000107255786522283	-5.30517192962749e-05	5.75351902383865e-05
361.97427914179997	0.00010715072786394	-5.38447955556344e-05	5.75612992704463e-05
362.08403483589996	0.000107058206740612	-5.46450333019732e-05	5.75869677057941e-05
362.19379053	0.000106978369938829	-5.54523074568787e-05	5.76121988013542e-05
362.3035462241	0.000106911391848364	-5.62664673288272e-05	5.76369978276233e-05
362.4133019182	0.000106857343830992	-5.70873769983559e-05	5.76613719566072e-05
362.52305761229997	0.000106816399380022	-5.7914896137088e-05	5.76853288946706e-05
362.6328133064	0.00010678875954331	-5.87488637566584e-05	5.77088748780891e-05
362.7425690005	0.000106774523971933	-5.95891640616407e-05	5.77320149901765e-05
362.8523246946	0.00010677389988886	-6.04356048230036e-05	5.77547519726354e-05
362.9620803887	0.000106787032715271	-6.12881108435467e-05	5.77770879224481e-05
363.07183608279996	0.000106814101056643	-6.21464918782353e-05	5.77990252962323e-05
363.1815917769	0.000106855268302401	-6.30106573667282e-05	5.78205697404833e-05
363.291347471	0.000106910748933567	-6.3880438236485e-05	5.78417261494426e-05
363.4011031651	0.000106980764480891	-6.47557022467781e-05	5.78625000941978e-05
363.51085885919997	0.000107065560816719	-6.56363259703727e-05	5.78828960455664e-05
363.62061455329996	0.000107165293963925	-6.65220513784739e-05	5.790291819028e-05
363.7303702474	0.000107280276386795	-6.74126981694594e-05	5.79225721057035e-05
363.8401259415	0.000107410709294612	-6.8308152227103e-05	5.79418629510981e-05
363.9498816356	0.000107556846961179	-6.9207895948294e-05	5.79607953360116e-05
364.05963732969997	0.000107718918227103	-7.01119448049119e-05	5.79793753449825e-05
364.1693930238	0.000107897151108539	-7.10200407933494e-05	5.79976085172882e-05
364.2791487179	0.000108091770076175	-7.19317824431479e-05	5.80154985238738e-05
364.388904412	0.000108302997776589	-7.28469467214886e-05	5.80330459740497e-05
364.4986601061	0.000108531056867452	-7.37652251016505e-05	5.80502544657695e-05
364.60841580019996	0.000108776149085122	-7.46863064679532e-05	5.80671206748209e-05
364.7181714943	0.000109037945103471	-7.56097287359471e-05	5.80836591229832e-05
364.8279271884	0.00010931822416391	-7.6535580231249e-05	5.80998406527886e-05
364.9376828825	0.000109615565179154	-7.74631839657177e-05	5.81156815287203e-05
365.0474385766	0.000109930770270908	-7.83922654378821e-05	5.81311938806006e-05
365.15719427069996	0.000110263772251932	-7.93225355606949e-05	5.81463749254322e-05
365.2669499648	0.000110614897644598	-8.02535628457278e-05	5.81612305944969e-05
365.3767056589	0.000110984217899714	-8.1184986374881e-05	5.81757666475525e-05
365.486461353	0.00011137188593544	-8.21164521638518e-05	5.8189989436213e-05
365.59621704709997	0.000111777956319276	-8.30475794307401e-05	5.82038984857306e-05
365.70597274119996	0.000112202605771157	-8.39779989768328e-05	5.82174986019836e-05
365.8157284353	0.000112646000329152	-8.49074319607534e-05	5.82307954746551e-05
365.9254841294	0.000113108179981853	-8.58355010950697e-05	5.82437918690979e-05
366.0352398235	0.000113589207432854	-8.67618473487215e-05	5.82564958590136e-05
366.14499551759997	0.000114089299802423	-8.768612394926e-05	5.82689134559539e-05
366.2547512117	0.000114608596751356	-8.86078528560785e-05	5.82810522906153e-05
366.3645069058	0.000115147210409506	-8.95266420004122e-05	5.82929216062331e-05
366.4742625999	0.000115705260095681	-9.04422429909084e-05	5.83045312181398e-05
366.584018294	0.000116282849015968	-9.135413201934e-05	5.83158936396186e-05
366.69377398809996	0.000116880093453681	-9.22619062024243e-05	5.83270213280915e-05
366.8035296822	0.000117497085181612	-9.31650897209666e-05	5.83379266196382e-05
366.9132853763	0.000118133897976853	-9.40632693210787e-05	5.83486215366978e-05
367.0230410704	0.000118790686616505	-9.49559553551555e-05	5.8359116100511e-05
367.1327967645	0.000119467400184318	-9.58426859101476e-05	5.83694193648219e-05
367.24255245859996	0.000120164152815619	-9.67230008814168e-05	5.83795406556096e-05
367.3523081527	0.000120881051982201	-9.75964311157032e-05	5.8389491440426e-05
367.4620638468	0.000121618144153277	-9.84624624256566e-05	5.83992823755399e-05
367.5718195409	0.000122375460005765	-9.93205873956349e-05	5.84089277580588e-05
367.68157523499997	0.000123153052338025	-0.000100170280913172	5.84184372131821e-05
367.79133092909996	0.000123950951897589	-0.000101010979350202	5.84278217658136e-05
367.9010866232	0.000124769146796118	-0.000101842142683685	5.84370942562902e-05
368.0108423173	0.000125607696918559	-0.000102663219696928	5.84462678351967e-05
368.1205980114	0.000126466456463046	-0.000103473606593078	5.84553521267919e-05
368.23035370549997	0.000127345425551242	-0.000104272706592638	5.84643633189977e-05
368.3401093996	0.000128244570727787	-0.000105060011303628	5.84733139370306e-05
368.4498650937	0.000129163600386275	-0.000105834858659511	5.84822168473223e-05
368.5596207878	0.000130102749209703	-0.000106596726646047	5.84910833785835e-05
368.6693764819	0.000131061635026643	-0.00010734500463435	5.84999301419201e-05
368.77913217599996	0.000132040215778134	-0.000108079223683238	5.8508748015295e-05
368.8888878701	0.000133038244415521	-0.000108798556441933	5.85175622985596e-05
368.9986435642	0.00013405561373623	-0.000109502495231273	5.85263754268819e-05
369.1083992583	0.000135092279642658	-0.000110190584365916	5.85351959875196e-05
369.21815495239997	0.000136147996289919	-0.000110862146004284	5.85440353442923e-05
369.32791064649996	0.000137222557202056	-0.000111516570532804	5.85529064402467e-05
369.4376663406	0.000138315819176205	-0.000112153256469973	5.85618220560453e-05
369.5474220347	0.000139427454683963	-0.000112771531670634	5.85707940718829e-05
369.6571777288	0.000140557259358937	-0.000113370782315714	5.85798303304935e-05
369.76693342289997	0.000141705014805794	-0.000113950346568843	5.85889402988718e-05
369.876689117	0.000142870399869974	-0.000114509538667094	5.8598133956916e-05
369.9864448111	0.000144052991900058	-0.000115047665770508	5.86074227122993e-05
370.0962005052	0.000145252607576486	-0.000115564243629721	5.86168194498873e-05
370.2059561993	0.00014646879696263	-0.000116058170979945	5.86263370316299e-05
370.31571189339996	0.000147700922327998	-0.00011652908241359	5.8635987675093e-05
370.4254675875	0.000148948841864807	-0.000116976258692223	5.86457828075012e-05
370.5352232816	0.000150211601561952	-0.000117399181133985	5.86557347107994e-05
370.6449789757	0.000151488984102797	-0.000117797174668373	5.86658579315844e-05
370.7547346698	0.000152780370530922	-0.000118169576397874	5.86761684456576e-05
370.86449036389996	0.00015408525590979	-0.000118516081302052	5.8686678250948e-05
370.974246058	0.00015540304156608	-0.000118835948366325	5.86974080629258e-05
371.0840017521	0.000156733146968083	-0.000119128657049645	5.87083657796459e-05
371.1937574462	0.000158075066344305	-0.000119393709435703	5.87195655433806e-05
371.30351314029997	0.000159428113487773	-0.000119630563651071	5.87310209012615e-05
371.41326883439996	0.000160791712799593	-0.000119838712059345	5.87427471722107e-05
371.5230245285	0.000162165285627814	-0.000120017679608292	5.87547611874177e-05
371.6327802226	0.000163548185478812	-0.000120166922649634	5.87670800960134e-05
371.7425359167	0.000164939587830689	-0.000120285973067937	5.87797205362027e-05
371.85229161079997	0.000166338921901924	-0.00012037432891395	5.879269893965e-05
371.9620473049	0.000167745485111972	-0.000120431520827499	5.88060293055621e-05
372.071802999	0.000169158586981561	-0.000120457070473339	5.88197276537565e-05
372.1815586931	0.000170577466304089	-0.000120450523470608	5.88338104186704e-05
372.2913143872	0.000172001449807675	-0.000120411413629725	5.88482921329667e-05
372.40107008129996	0.000173429544144541	-0.000120339277858993	5.88631870556992e-05
372.5108257754	0.000174861164084449	-0.000120233730335019	5.88785083353506e-05
372.6205814695	0.000176295258838958	-0.000120094243384751	5.88942688225719e-05
372.7303371636	0.000177731043868003	-0.000119920406363496	5.89104822700248e-05
372.8400928577	0.000179167612227972	-0.00011971188528422	5.89271607750353e-05
372.94984855179996	0.000180603999673686	-0.000119468160410223	5.89443178764054e-05
373.0596042459	0.000182039215322722	-0.000119188964984407	5.89619638119459e-05
373.16935994	0.000183472267257719	-0.000118873982786039	5.89801052048165e-05
373.2791156341	0.000184902061279963	-0.000118522916988271	5.8998757093277e-05
373.38887132819997	0.000186327599015944	-0.000118135508296365	5.90179287454987e-05
373.49862702229996	0.000187747776913876	-0.000117711629471047	5.90376320049707e-05
373.6083827164	0.000189161515952138	-0.000117251152363015	5.90578747271104e-05
373.7181384105	0.000190567706242597	-0.00011675387047227	5.90786677067013e-05
373.8278941046	0.000191965330647345	-0.000116219548455879	5.91000227677688e-05
373.93764979869997	0.000193353224752687	-0.000115648196648549	5.91219517277458e-05
374.0474054928	0.000194730266057793	-0.000115039670146834	5.91444654579864e-05
374.1571611869	0.000196095193264617	-0.000114394193435355	5.91675703241807e-05
374.266916881	0.000197446968150383	-0.000113711577977712	5.91912722666954e-05
374.3766725751	0.000198784380204801	-0.000112991952344374	5.92155775608583e-05
374.48642826919996	0.000200106257395292	-0.00011223539717396	5.92404929238014e-05
374.5961839633	0.00020141144510318	-0.000111442014948989	5.92660218676852e-05
374.7059396574	0.000202698739143636	-0.00011061199751308	5.92921783195427e-05
374.8156953515	0.000203966809114326	-0.000109745475213628	5.93189596668413e-05
374.92545104559997	0.000205214520351142	-0.000108842687089142	5.93463695536425e-05
375.03520673969996	0.00020644071498312	-0.000107903920140391	5.93744089963447e-05
375.1449624338	0.000207643856390345	-0.000106929414799306	5.94030780619082e-05
375.2547181279	0.000208822945767337	-0.000105919491442748	5.94323760637487e-05
375.364473822	0.000209976656264016	-0.000104874640903861	5.94623010444434e-05
375.47422951609997	0.000211103703914175	-0.000103795240309662	5.94928509206856e-05
375.58398521019996	0.000212202851465453	-0.000102681736229604	5.9524024041409e-05
375.6937409043	0.000213272749313727	-0.000101534626424627	5.9555819239356e-05
375.8034965984	0.000214312071440725	-0.000100354526797073	5.95882343019453e-05
375.9132522925	0.000215319585741567	-9.91420074878624e-05	5.96212715003642e-05
376.02300798659996	0.000216293969472311	-9.78977573557648e-05	5.96549259913954e-05
376.1327636807	0.000217233877801261	-9.6622518385082e-05	5.96891908083111e-05
376.2425193748	0.000218138106670795	-9.53170998982041e-05	5.97240638891234e-05
376.3522750689	0.000219005237107575	-9.39823779771735e-05	5.97595311121039e-05
376.462030763	0.000219834085907702	-9.2619329258076e-05	5.97955939219905e-05
376.57178645709996	0.000220623431165617	-9.12290247378142e-05	5.98322437438768e-05
376.6815421512	0.000221372048448623	-8.98123703057219e-05	5.98694741081424e-05
376.7912978453	0.000222078766203425	-8.83706662292928e-05	5.9907276458896e-05
376.9010535394	0.00022274264064242	-8.69048456758308e-05	5.99456429798067e-05
377.01080923349997	0.000223362316610807	-8.54165455137699e-05	5.99845674362048e-05
377.12056492759996	0.000223936965762006	-8.39068151345231e-05	6.00240436214365e-05
377.2303206217	0.00022446564751704	-8.23770275120821e-05	6.00640662271813e-05
377.3400763158	0.00022494724325854	-8.08285376337389e-05	6.01046309481866e-05
377.4498320099	0.000225380916871753	-7.92627586205428e-05	6.01457353958472e-05
377.55958770399997	0.000225765769455569	-7.7681179603311e-05	6.01873789242254e-05
377.6693433981	0.000226101020181004	-7.60852505013719e-05	6.0229562346884e-05
377.7790990922	0.000226385777817207	-7.44765311162498e-05	6.027228551183e-05
377.8888547863	0.000226619473053703	-7.28565258386658e-05	6.03155471069269e-05
377.9986104804	0.000226801496213385	-7.12271029283376e-05	6.03593441344071e-05
378.10836617449996	0.000226931167497121	-6.95897253871666e-05	6.04037038024589e-05
378.2181218686	0.000227007928854013	-6.79461357646234e-05	6.04485815833003e-05
378.3278775627	0.000227031346585477	-6.62980129935129e-05	6.04939685483228e-05
378.4376332568	0.000227001005216797	-6.46471064622868e-05	6.05398829162771e-05
378.5473889509	0.000226916456047888	-6.29954195034923e-05	6.05863038315919e-05
378.65714464499996	0.000226777477703167	-6.1344539250382e-05	6.06332424005911e-05
378.7669003391	0.000226583801390977	-5.96963760953545e-05	6.06806866472855e-05
378.8766560332	0.000226335245681814	-5.80527627977327e-05	6.07286306261668e-05
378.9864117273	0.00022603176861167	-5.64155734508519e-05	6.07770718546163e-05
379.09616742139997	0.000225673308744538	-5.47867077614985e-05	6.08260081821399e-05
379.20592311549996	0.000225259843307338	-5.31681101974554e-05	6.08754389803768e-05
379.3156788096	0.000224791696631949	-5.15615927301213e-05	6.09253639957269e-05
379.4254345037	0.000224268930105534	-4.99691081335246e-05	6.09757820554895e-05
379.5351901978	0.000223691941658312	-4.83925293748001e-05	6.10266902774546e-05
379.64494589189997	0.000223060965386504	-4.68337887743446e-05	6.10780881084424e-05
379.754701586	0.000222376787238916	-4.52946287699524e-05	6.11299721324494e-05
379.8644572801	0.000221639589457264	-4.37769067959805e-05	6.11823423738644e-05
379.9742129742	0.000220850072672249	-4.22825004439621e-05	6.12352001319491e-05
380.0839686683	0.000220008873570346	-4.08132332949618e-05	6.12885452494367e-05
380.19372436239996	0.000219116627460616	-3.93708172659046e-05	6.13423768310613e-05
380.3034800565	0.000218174155121867	-3.79570267053465e-05	6.13966960558134e-05
380.4132357506	0.000217182283002103	-3.6573539959911e-05	6.14515050211557e-05
380.5229914447	0.00021614186877852	-3.52220833658107e-05	6.15068064125608e-05
380.63274713879997	0.000215054003203902	-3.39042761149296e-05	6.15626033436451e-05
380.74250283289996	0.000213919375421733	-3.26217779000521e-05	6.16188990929137e-05
380.852258527	0.000212739205858004	-3.13762009525703e-05	6.16756952933249e-05
380.9620142211	0.000211514589593053	-3.01690603919768e-05	6.17329927422326e-05
381.0717699152	0.00021024657221896	-2.90018593460415e-05	6.17907906863581e-05
381.18152560929997	0.000208936332279977	-2.78761777472649e-05	6.18490874053712e-05
381.29128130339996	0.000207585050965387	-2.67935103633874e-05	6.19078786027723e-05
381.4010369975	0.000206194015866304	-2.57553079191812e-05	6.19671596870405e-05
381.5107926916	0.000204764519480847	-2.47630666421731e-05	6.20269266952921e-05
381.6205483857	0.000203297884015173	-2.38182297849855e-05	6.20871761744197e-05
381.73030407979996	0.000201795833025018	-2.29223378313126e-05	6.21479052296564e-05
381.8400597739	0.000200259524518892	-2.20764951981913e-05	6.22091121866709e-05
381.949815468	0.000198690646500755	-2.12821594626129e-05	6.2270797039776e-05
382.0595711621	0.000197091080278714	-2.05407017202566e-05	6.23329614271133e-05
382.1693268562	0.000195462329257814	-1.98532449002519e-05	6.23956067554764e-05
382.27908255029996	0.000193806218275234	-1.92209950379369e-05	6.24587358520493e-05
382.3888382444	0.000192124683094826	-1.86451045243357e-05	6.25223467298161e-05
382.4985939385	0.000190419555316413	-1.81265747278811e-05	6.25864454586521e-05
382.6083496326	0.000188692863684342	-1.76663424934548e-05	6.26510335590684e-05
382.71810532669997	0.000186946578441672	-1.72653349170996e-05	6.271611597646e-05
382.82786102079996	0.000185182760271944	-1.69243487566556e-05	6.27816953452877e-05
382.9376167149	0.000183403502898174	-1.66439752241647e-05	6.28477748701148e-05
383.047372409	0.000181610966694261	-1.64248629707224e-05	6.29143533230938e-05
383.1571281031	0.000179807145598409	-1.62674955641742e-05	6.29814280390985e-05
383.26688379719997	0.000177994326972878	-1.61723714077249e-05	6.3048996770804e-05
383.3766394913	0.000176174610444825	-1.61397318316122e-05	6.3117062902501e-05
383.4863951854	0.000174350091953512	-1.61700219415422e-05	6.31856205527286e-05
383.5961508795	0.000172523178546143	-1.62634519755779e-05	6.32546765906056e-05
383.7059065736	0.000170695950513583	-1.64200068537558e-05	6.33242159874743e-05
383.81566226769996	0.000168870369324022	-1.6639722647398e-05	6.33942569769381e-05
383.9254179618	0.000167049040836883	-1.69226282273961e-05	6.3464798948488e-05
384.0351736559	0.000165233916945354	-1.72685108656497e-05	6.35358450885611e-05
384.14492935	0.000163427168004169	-1.767719065126e-05	6.36073972736725e-05
384.2546850441	0.000161631065418251	-1.81483239142907e-05	6.36794575510482e-05
384.36444073819996	0.00015984771079885	-1.86815408502602e-05	6.37520258721981e-05
384.4741964323	0.000158079134747266	-1.92763455196744e-05	6.38251029554475e-05
384.5839521264	0.00015632763228077	-1.99322802168808e-05	6.38986906201623e-05
384.6937078205	0.000154595211209599	-2.06487284822463e-05	6.39727908807323e-05
384.80346351459997	0.000152883987396349	-2.14250217912443e-05	6.40474127422704e-05
384.91321920869996	0.000151195976682366	-2.22603962609451e-05	6.41225507140022e-05
385.0229749028	0.000149533220135746	-2.3154120287664e-05	6.4198205338032e-05
385.1327305969	0.000147897929642009	-2.4105317103954e-05	6.4274375870103e-05
385.242486291	0.000146291804612537	-2.51130498587404e-05	6.43510620895266e-05
385.35224198509997	0.000144716993787211	-2.61763290445206e-05	6.44282640828873e-05
385.4619976792	0.000143175482961807	-2.7293888649484e-05	6.45059793569435e-05
385.5717533733	0.000141669086835465	-2.84647348113926e-05	6.45842067787963e-05
385.6815090674	0.000140199701067435	-2.96874847818965e-05	6.46629444742947e-05
385.7912647615	0.000138769145213803	-3.09608339353138e-05	6.47421938116691e-05
385.90102045559996	0.000137379298041558	-3.22833446505156e-05	6.48219545589456e-05
386.0107761497	0.000136031622640857	-3.36535423080449e-05	6.49022278811475e-05
386.1205318438	0.000134727889042041	-3.50697658753295e-05	6.49830110222678e-05
386.2302875379	0.000133469561565868	-3.65304135906541e-05	6.50643461157952e-05
386.34004323199997	0.000132258256553231	-3.80340038133271e-05	6.51461535139412e-05
386.44979892609996	0.000131095406859481	-3.95786639354001e-05	6.52284616941466e-05
386.5595546202	0.000129982382298626	-4.11627258164992e-05	6.53112717442466e-05
386.6693103143	0.000128920400447115	-4.27842794775359e-05	6.53945787660437e-05
386.7790660084	0.000127910916966126	-4.4441665445425e-05	6.54783786735043e-05
386.88882170249997	0.000126954826033929	-4.61328013399459e-05	6.55626692834901e-05
386.99857739659996	0.00012605344852247	-4.78559378762167e-05	6.56474476074412e-05
387.1083330907	0.000125207648102509	-4.96090375808038e-05	6.57327098890287e-05
387.2180887848	0.000124418375791074	-5.13901379641634e-05	6.58184483179391e-05
387.3278444789	0.000123686576095517	-5.31971860506069e-05	6.59046554331492e-05
387.43760017299996	0.000123012881564089	-5.50282985183497e-05	6.59913255281015e-05
387.5473558671	0.000122398310009799	-5.68813838859126e-05	6.60784561800753e-05
387.6571115612	0.000121843176528773	-5.87543648720294e-05	6.61660490120849e-05
387.7668672553	0.000121348305757751	-6.06451895718328e-05	6.62541055257055e-05
387.8766229494	0.000120914269237541	-6.25518168718182e-05	6.63426246998518e-05
387.98637864349996	0.000120541460603969	-6.4472156612335e-05	6.6431615359518e-05
388.0961343376	0.000120230338266794	-6.64040490495598e-05	6.65210716903449e-05
388.2058900317	0.000119981301819081	-6.83453181037745e-05	6.66109952933234e-05
388.3156457258	0.000119794600467417	-7.02938215076962e-05	6.67013873378214e-05
388.42540141989997	0.000119670432575961	-7.22474215417123e-05	6.6792250007633e-05
388.53515711399996	0.000119608941792678	-7.42038122343004e-05	6.68835873426844e-05
388.6449128081	0.0001196102239163	-7.61608220965449e-05	6.69754040413595e-05
388.7546685022	0.000119674161745039	-7.81163441330156e-05	6.70677032220385e-05
388.8644241963	0.000119800683309097	-8.00680175294812e-05	6.71604843015991e-05
388.97417989039997	0.0001199895863107	-8.20137086964258e-05	6.72537459868904e-05
389.0839355845	0.00012024057561333	-8.39510086324591e-05	6.73474881831836e-05
389.1936912786	0.000120553385542228	-8.58780693371717e-05	6.7441712969944e-05
389.3034469727	0.00012092750036083	-8.77924381150661e-05	6.75364227641065e-05
389.4132026668	0.000121362525687399	-8.96920881996957e-05	6.76316230151356e-05
389.52295836089996	0.000121857603563971	-9.15747285471201e-05	6.77273141713776e-05
389.632714055	0.000122412217240112	-9.34382727185397e-05	6.78235010064821e-05
389.7424697491	0.000123025658001094	-9.52806236557518e-05	6.79201854575938e-05
389.8522254432	0.000123697019987435	-9.70997235615886e-05	6.80173704320926e-05
389.9619811373	0.000124425365926795	-9.88934780278157e-05	6.8115057122605e-05
390.07173683139996	0.000125209510866067	-0.000100659635855056	6.82133938152976e-05
390.1814925255	0.000126049001720741	-0.000102397195929138	6.83125331154106e-05
390.2912482196	0.0001269420959614	-0.000104103374478902	6.8411711132217e-05
390.4010039137	0.00012788785107383	-0.000105776504435323	6.8511385669139e-05
390.51075960779997	0.000128885065030975	-0.000107414823868329	6.86115576045499e-05
390.62051530189996	0.000129932412775148	-0.000109016590315509	6.87122272358898e-05
390.730270996	0.000131028564783846	-0.000110580084142031	6.8813394483091e-05
390.8400266901	0.000132172173268836	-0.000112103474688262	6.89150600843926e-05
390.9497823842	0.000133361897933544	-0.000113585484485766	6.90178927234045e-05
391.05953807829997	0.00013459615084451	-0.000115024171355551	6.91205724290542e-05
391.1692937724	0.000135873297704514	-0.000116417972354477	6.92241229775891e-05
391.2790494665	0.000137192306044912	-0.000117765540768223	6.93277125125201e-05
391.3888051606	0.000138550949605098	-0.000119065153040633	6.94318870057034e-05
391.4985608547	0.000139947693001777	-0.000120315432450508	6.95365704974429e-05
391.60831654879996	0.000141380730120596	-0.000121514880189206	6.96417580523219e-05
391.7180722429	0.000142848277834854	-0.000122662275751508	6.97474456337273e-05
391.827827937	0.000144348402877657	-0.000123756338271071	6.98536291229285e-05
391.9375836311	0.000145879171587291	-0.000124795715161312	6.99603060458121e-05
392.04733932519997	0.000147438537404401	-0.000125779282705242	7.00674761905032e-05
392.15709501929996	0.00014902437656473	-0.000126705997264963	7.01751413931461e-05
392.2668507134	0.00015063466642683	-0.000127574799578718	7.02840989947932e-05
392.3766064075	0.000152267039251666	-0.000128384839098044	7.03927613417432e-05
392.4863621016	0.000153919415781339	-0.000129135295501473	7.05019269940934e-05
392.59611779569997	0.000155589600233905	-0.0001298253795838	7.06115951024619e-05
392.70587348979996	0.000157274856463309	-0.000130454513341316	7.07217674852433e-05
392.8156291839	0.000158973262434269	-0.000131022065263782	7.0832444158734e-05
392.925384878	0.00016068239998524	-0.000131527854247874	7.09436268610007e-05
393.0351405721	0.00016239987489739	-0.000131971421283969	7.10553178855253e-05
393.14489626619996	0.000164123411988167	-0.000132352520818164	7.11675209503848e-05
393.2546519603	0.000165850671308746	-0.000132671016285857	7.12802388241145e-05
393.3644076544	0.000167579406566371	-0.00013292681890769	7.139347496412e-05
393.4741633485	0.000169307162963376	-0.000133120042319857	7.15072327074974e-05
393.5839190426	0.000171031528244351	-0.000133250677419482	7.16215166976441e-05
393.69367473669996	0.000172750398233262	-0.000133319011653117	7.17363272780169e-05
393.8034304308	0.000174461248733684	-0.000133325295965523	7.18512780250703e-05
393.9131861249	0.00017616202079378	-0.00013326986863688	7.19671542458207e-05
394.022941819	0.000177850273083276	-0.000133153228569263	7.20835605551994e-05
394.13269751309997	0.000179523888603613	-0.00013297590547426	7.22004995064018e-05
394.24245320719996	0.000181180597280545	-0.000132738335570893	7.23179696425153e-05
394.3522089013	0.000182818193644558	-0.000132441245251564	7.24359720574687e-05
394.4619645954	0.000184434573330007	-0.000132085376622347	7.25545074733995e-05
394.5717202895	0.000186027530967867	-0.000131671513539818	7.26735749824807e-05
394.68147598359997	0.000187594883955457	-0.000131200690080356	7.27931746287916e-05
394.79123167769995	0.000189134679677892	-0.000130673289879833	7.29133048714997e-05
394.9009873718	0.000190644648685649	-0.000130091030210493	7.30339681513414e-05
395.0107430659	0.000192122856205624	-0.000129454598586854	7.31551628077559e-05
395.12049876	0.000193567269922132	-0.000128765263275707	7.32768844097571e-05
395.23025445409996	0.000194627204447092	-0.000128214284497249	7.33685182362054e-05
395.3400101482	0.000196346814901995	-0.000127232925193968	7.35218847092911e-05
395.4497658423	0.000197678119979773	-0.000126392716924687	7.36451528660936e-05
395.5595215364	0.000198967877060588	-0.000125505067014882	7.37689244659759e-05
395.6692772305	0.0002002143439074	-0.00012457158459795	7.38931952089048e-05
395.77903292459996	0.000201415927728997	-0.000123593935072692	7.40179591647808e-05
395.8887886187	0.000202570679940257	-0.00012257377802703	7.41432130072217e-05
395.9985443128	0.00020367736687452	-0.000121512856199801	7.42689566372754e-05
396.1083000069	0.000204734260699283	-0.000120413147654818	7.43951622454825e-05
396.21805570099997	0.000205739945230153	-0.000119276365707962	7.45218561948534e-05
396.32781139509996	0.000206693099213345	-0.000118104403294736	7.46490333902597e-05
396.4375670892	0.00020759237268628	-0.000116899280883181	7.47766878626882e-05
396.5473227833	0.000208436435481121	-0.000115662998826953	7.49048119369527e-05
396.6570784774	0.000209224172505983	-0.000114397633867955	7.50334190748148e-05
396.76683417149997	0.000209954468351112	-0.000113105308694393	7.5162487032968e-05
396.8765898656	0.000210626367095903	-0.000111788152141972	7.52920165587902e-05
396.9863455597	0.000211238930535158	-0.000110448367806096	7.54220027094266e-05
397.0961012538	0.000211791332053851	-0.000109088329051179	7.55524386771809e-05
397.2058569479	0.000212282884073053	-0.00010770994289163	7.56833234354605e-05
397.31561264199996	0.000212712900155713	-0.000106315818588414	7.58146502317053e-05
397.4253683361	0.00021308087332904	-0.000104908161001412	7.59464142477799e-05
397.5351240302	0.000213386339038995	-0.000103489237698401	7.60786092882264e-05
397.6448797243	0.000213628922580713	-0.000102061366202517	7.6211229119529e-05
397.75463541839997	0.00021380828967949	-0.000100626829947252	7.63442653629889e-05
397.86439111249996	0.000213924186584185	-9.91879063389591e-05	7.64777079311958e-05
397.9741468066	0.000213976455015243	-9.77469769335431e-05	7.66115512320252e-05
398.0839025007	0.000213964964138074	-9.63063227106839e-05	7.67457783199999e-05
398.1936581948	0.00021388969925017	-9.48682480839269e-05	7.68799445479393e-05
398.30341388889997	0.000213750695247959	-9.34351379691257e-05	7.7014921960605e-05
398.41316958299996	0.000213548093758097	-9.20093034744366e-05	7.71502624291569e-05
398.5229252771	0.000213282159980964	-9.05930271359224e-05	7.72859692675095e-05
398.6326809712	0.000212952964822882	-8.91889139979317e-05	7.74220160712018e-05
398.7424366653	0.000212561068342281	-8.77991568333779e-05	7.75584010890253e-05
398.85219235939996	0.000212106898075283	-8.64260046784225e-05	7.7695290186313e-05
398.9619480535	0.000211590967823688	-8.50722935907502e-05	7.78323208655332e-05
399.0717037476	0.000211014026414594	-8.37398462480038e-05	7.79696593299454e-05
399.1814594417	0.000210376891689155	-8.24312215500797e-05	7.810729900918e-05
399.2912151358	0.000209680240508903	-8.11486092319598e-05	7.82452322277502e-05
399.40097082989996	0.000208925177527447	-7.98943363083015e-05	7.83834493389766e-05
399.510726524	0.000208112685932661	-7.86706389802318e-05	7.85219386070402e-05
399.6204822181	0.000207243867809539	-7.74795839275378e-05	7.86606988133291e-05
399.7302379122	0.000206319949622432	-7.63234067478944e-05	7.87997152765386e-05
399.83999360629997	0.000205342145394109	-7.52041983017037e-05	7.89389771032142e-05
399.94974930039996	0.000204311870744835	-7.41239949741173e-05	7.90784915510606e-05
400.0595049945	0.000203230498895632	-7.30846793092435e-05	7.92179962646667e-05
400.1692606886	0.000202099447172147	-7.20883445874982e-05	7.935801223094e-05
400.2790163827	0.00020092040932067	-7.11368407916445e-05	7.94982766743091e-05
400.38877207679997	0.000199694853008392	-7.02319923734247e-05	7.96387858520929e-05
400.49852777089995	0.000198424807964793	-6.93756286245106e-05	7.97795355331454e-05
400.608283465	0.000197111829710593	-6.85694289607197e-05	7.99205287879018e-05
400.7180391591	0.000195761313936577	-6.78137162279232e-05	8.00611648839095e-05
400.8277948532	0.000194364795007128	-6.71140023526039e-05	8.02023471146994e-05
400.93755054729996	0.000192934707516665	-6.64678943722671e-05	8.03440432336391e-05
401.0473062414	0.000191469643553042	-6.58780682036016e-05	8.04859669324044e-05
401.1570619355	0.000189971662856306	-6.53458946903233e-05	8.06287210191348e-05
401.2668176296	0.000188442956961949	-6.48725914476756e-05	8.07710836251621e-05
401.3765733237	0.000186885633230066	-6.44594035416598e-05	8.09136576507904e-05
401.48632901779996	0.000185301971284376	-6.41073452570607e-05	8.10564353705895e-05
401.5960847119	0.000183694217885764	-6.38174824659125e-05	8.11994112363729e-05
401.705840406	0.000182064672659214	-6.35907736682255e-05	8.13425828438337e-05
401.8155961001	0.000180415688532048	-6.34280985098298e-05	8.14859844269135e-05
401.92535179419997	0.000178749597498544	-6.33302326539286e-05	8.16295363526759e-05
402.03510748829996	0.000177068941211939	-6.32979076001382e-05	8.1773274498346e-05
402.1448631824	0.000175376094328796	-6.33316226719282e-05	8.19172063138201e-05
402.2546188765	0.000173673564847659	-6.34319950955619e-05	8.20613284218105e-05
402.3643745706	0.000171963851881868	-6.35993911632645e-05	8.22056466581859e-05
402.47413026469997	0.000170249441607567	-6.38341612336904e-05	8.23501593746745e-05
402.5838859588	0.000168532763083311	-6.41366179672193e-05	8.24948672432004e-05
402.6936416529	0.000166816727229796	-6.45068772067953e-05	8.26397687139188e-05
402.803397347	0.000165103602047515	-6.49450329431113e-05	8.27850674928219e-05
402.9131530411	0.000163396205389913	-6.54511119938007e-05	8.29303438084396e-05
403.02290873519996	0.000161696981913609	-6.60253494948719e-05	8.30763737591973e-05
403.1326644293	0.000160008924411537	-6.66662194510917e-05	8.32220094535416e-05
403.2424201234	0.000158334305866845	-6.73746578112024e-05	8.33678198741423e-05
403.3521758175	0.000156675785499452	-6.81497262879312e-05	8.35138012932618e-05
403.46193151159997	0.000155036180709295	-6.89909199531523e-05	8.36599493136448e-05
403.57168720569996	0.000153417954156251	-6.98974658803878e-05	8.38062658040397e-05
403.6814428998	0.000151823759530033	-7.08685578135898e-05	8.39527556307963e-05
403.7911985939	0.000150256091579011	-7.1903241010342e-05	8.40994242997967e-05
403.900954288	0.000148717579773233	-7.3000480771468e-05	8.42462754431369e-05
404.01070998209997	0.00014721048045658	-7.41591597276153e-05	8.43933134599087e-05
404.12046567619996	0.00014573729311074	-7.53780388618899e-05	8.45405401630285e-05
404.2302213703	0.000144300313761244	-7.66556089433043e-05	8.46879647586518e-05
404.3399770644	0.000142902029758874	-7.79904187151622e-05	8.48355939848188e-05
404.4497327585	0.000141544267626628	-7.93810972725959e-05	8.4983437731464e-05
404.55948845259996	0.000140229478391939	-8.08258534238501e-05	8.51315050730742e-05
404.6692441467	0.000138959540400524	-8.2323038438065e-05	8.52798050273967e-05
404.7789998408	0.000137736449971493	-8.38708491111375e-05	8.54283464799509e-05
404.8887555349	0.000136562204073958	-8.54674788995456e-05	8.55771379165886e-05
404.998511229	0.000135438578679724	-8.71109764100814e-05	8.57261913913751e-05
405.10826692309996	0.000134367301838745	-8.87992857176349e-05	8.58755169272619e-05
405.2180226172	0.00013334998389002	-9.05306051237399e-05	8.60251264689342e-05
405.3277783113	0.000132388299395714	-9.23027322402803e-05	8.61750366432568e-05
405.4375340054	0.000131483674669714	-9.4113603902224e-05	8.63252533696272e-05
405.54728969949997	0.000130637650552883	-9.59609066871956e-05	8.6475800928782e-05
405.65704539359996	0.00012985151136013	-9.78424966507693e-05	8.66266929206963e-05
405.7668010877	0.000129126607475938	-9.97561257373104e-05	8.67779411112841e-05
405.8765567818	0.000128464228008128	-0.000101699360992987	8.69295668702591e-05
405.9863124759	0.000127865451462264	-0.000103669824412208	8.70815831754572e-05
406.09606816999997	0.000127331339690961	-0.000105665152828368	8.72340090655844e-05
406.20582386409995	0.000126862868801548	-0.00010768265078782	8.73868594571254e-05
406.3155795582	0.000126460986028131	-0.000109720133895471	8.75401474131021e-05
406.4253352523	0.000126126451271208	-0.000111774689601134	8.769388645584e-05
406.5350909464	0.000125859940428383	-0.00011384374781491	8.78480823092516e-05
406.64484664049996	0.000125661997956837	-0.000115924610462506	8.80027437131474e-05
406.7546023346	0.000125533035881292	-0.000118014547156283	8.81578775765119e-05
406.8643580287	0.000125473385534199	-0.000120110771123225	8.83134898369235e-05
406.9741137228	0.000125483132669004	-0.000122210654553645	8.84695869203585e-05
407.0838694169	0.000125562417597966	-0.000124311209768823	8.86261753690115e-05
407.19362511099996	0.000125711165452108	-0.000126409869398335	8.87833020704324e-05
407.3033808051	0.000125929145446739	-0.000128503751859704	8.8940939602873e-05
407.4131364992	0.000126216099203812	-0.000130590316033107	8.90990427193643e-05
407.5228921933	0.00012657171379842	-0.00013266678946314	8.92576716971081e-05
407.63264788739997	0.000126995197264398	-0.000134730406218958	8.9416831133939e-05
407.74240358149996	0.000127486322481634	-0.000136778581774101	8.95765332902319e-05
407.8521592756	0.000128044087549351	-0.000138808810758086	8.97367897954344e-05
407.9619149697	0.000128667743587797	-0.000140818463872719	8.9897610119131e-05
408.0716706638	0.00012935644609909	-0.000142805210144925	9.00590020492093e-05
408.18142635789997	0.000130109244646385	-0.00014476641621136	9.02209697891304e-05
408.291182052	0.000130925085573188	-0.000146699682349447	9.03835030175435e-05
408.4009377461	0.000131802781108701	-0.000148602737894948	9.05466457848787e-05
408.5106934402	0.000132741125159663	-0.000150473145710434	9.07103590387493e-05
408.6204491343	0.000133738843248657	-0.000152308520493966	9.08746608708007e-05
408.73020482839996	0.000134794494488273	-0.000154106658889424	9.1039553188035e-05
408.8399605225	0.000135906575458927	-0.000155865366245984	9.12050340522718e-05
408.9497162166	0.000137073455809079	-0.000157582569226231	9.13711019780069e-05
409.0594719107	0.000138293557361633	-0.000159256088123028	9.15377557893652e-05
409.16922760479997	0.00013956515578634	-0.000160883972205212	9.1704995133229e-05
409.27898329889996	0.00014088632234711	-0.000162464008521134	9.18728258775111e-05
409.388738993	0.000142255247893504	-0.000163994382620607	9.20412547368156e-05
409.4984946871	0.000143669894896638	-0.000165473270042606	9.22102879555772e-05
409.6082503812	0.00014512808187282	-0.000166898908456743	9.23799279972667e-05
409.71800607529997	0.000146627390001947	-0.000168269401901809	9.25501806364265e-05
409.82776176939996	0.000148166153013999	-0.000169583489708333	9.27210408070542e-05
409.9375174635	0.000149741571374528	-0.000170839461546202	9.28925083538422e-05
410.0472731576	0.000151351359545721	-0.000172036251690141	9.306458072943e-05
410.1570288517	0.000152993040822767	-0.000173172156902033	9.32372571852392e-05
410.26678454579996	0.00015466408885804	-0.000174246378143329	9.34105380627094e-05
410.3765402399	0.000156361971469417	-0.000175257773624055	9.35844225893464e-05
410.486295934	0.000158084078048549	-0.000176205387584854	9.37589110234492e-05
410.5960516281	0.000159827867203632	-0.000177088553641935	9.393400225566e-05
410.7058073222	0.000161590522957158	-0.000177906464051438	9.41099193627688e-05
410.81556301629996	0.000163369320260739	-0.000178658796120942	9.42861514970802e-05
410.9253187104	0.00016516170645787	-0.000179344982432308	9.44630611103266e-05
411.0350744045	0.000166965098227452	-0.000179964860781732	9.46405796572474e-05
411.1448300986	0.00016877665735319	-0.000180518210408147	9.48186994128228e-05
411.25458579269997	0.000170593818594467	-0.000181004978595635	9.49974221926874e-05
411.36434148679996	0.000172414169574507	-0.000181425249244357	9.51767478180732e-05
411.4740971809	0.000174234761828156	-0.000181779152833224	9.53566756761604e-05
411.583852875	0.000176053316637971	-0.000182066938903548	9.55372052816651e-05
411.6936085691	0.000177867224883157	-0.000182289070196421	9.57183373602374e-05
411.80336426319997	0.000179674202768404	-0.000182445654507754	9.59000671501337e-05
411.91311995729995	0.00018147163138215	-0.000182537427070253	9.60824000640416e-05
412.0228756514	0.000183257175848157	-0.000182564972471232	9.62653347146318e-05
412.1326313455	0.000185028321651366	-0.000182528907120089	9.64488701386269e-05
412.2423870396	0.000186782812789717	-0.000182430006415796	9.66330100492768e-05
412.35214273369996	0.000188518322528551	-0.00018226907224145	9.68177551022263e-05
412.4618984278	0.000190232621811534	-0.000182047081138147	9.70031103674619e-05
412.5716541219	0.000191923489065276	-0.000181764842621837	9.71890763763493e-05
412.681409816	0.000193588750307599	-0.000181423738444326	9.7375649033294e-05
412.7911655101	0.00019522608220319	-0.000181024730271451	9.75628231264399e-05
412.90092120419996	0.00019683356013845	-0.000180569163278116	9.77505902044505e-05
413.0106768983	0.00019840925507664	-0.000180058378086415	9.79389418570552e-05
413.1204325924	0.00019995094837464	-0.000179493750221565	9.81278688673003e-05
413.2301882865	0.000201456884176908	-0.000178876837275733	9.83173614409295e-05
413.33994398059997	0.000202925239975135	-0.000178209184940711	9.85074098226396e-05
413.44969967469996	0.000204354203754802	-0.000177492379485255	9.86980040768562e-05
413.5594553688	0.000205742164057827	-0.000176728151721229	9.8889137691654e-05
413.6692110629	0.000207087494826608	-0.00017591822556547	9.90808067327464e-05
413.778966757	0.000208388717250112	-0.000175064402831146	9.92730073665101e-05
413.88872245109997	0.000209644381309927	-0.000174168527621848	9.94657356489406e-05
413.99847814519995	0.00021085320291774	-0.000173232439459555	9.96589921396354e-05
414.1082338393	0.000212013896112245	-0.000172258089761906	9.98527746064444e-05
414.2179895334	0.000213125353557952	-0.000171247339871347	0.000100047082098096
414.3277452275	0.000214186489420883	-0.00017020227800557	0.000100241910535485
414.43750092159996	0.000215196212309038	-0.000169124722498892	0.000100437273037735
414.5472566157	0.000216153687382529	-0.000168016746454146	0.000100633155325854
414.6570123098	0.000217058067120165	-0.000166880271668059	0.000100829558562572
414.7667680039	0.000217908678864997	-0.000165717323886217	0.000101026489604046
414.87652369799997	0.000218704662115608	-0.000164529875083918	0.000101223940676791
414.98627939209996	0.000219445457690792	-0.000163320005058105	0.000101421912876489
415.0960350862	0.000220130540462742	-0.000162089690708012	0.00010162040628116
415.2057907803	0.000220759374077615	-0.000160840920683671	0.000101819419215936
415.3155464744	0.000221331555380078	-0.000159575830016233	0.0001020189517804
415.42530216849997	0.000221846692323132	-0.000158296394551323	0.000102219008052098
415.53505786259996	0.000222304470729318	-0.00015700466363579	0.000102419591393633
415.6448135567	0.000222704647727458	-0.000155702657331255	0.000102620703564972
415.7545692508	0.000223047029259554	-0.00015439246645629	0.000102822345024624
415.8643249449	0.000223331561388531	-0.000153076039622603	0.000103024516104839
415.97408063899996	0.000223558120526134	-0.000151755604232513	0.000103227217957787
416.0838363331	0.000223726813472253	-0.000150433136023171	0.000103430455657361
416.1935920272	0.00022383779542386	-0.000149110642747689	0.000103634235819146
416.3033477213	0.000223891248868998	-0.000147790321652071	0.000103838575115259
416.4131034154	0.000223887545681698	-0.000146473938835018	0.000104043463016876
416.52285910949996	0.000223827006156152	-0.000145163664103406	0.000104248931378188
416.6326148036	0.000223710103993498	-0.000143861338349639	0.000104454985400855
416.7423704977	0.000223537362338403	-0.000142568957623904	0.000104661634058755
416.8521261918	0.000223309377803961	-0.000141288511974855	0.000104868884112339
416.96188188589997	0.00022302679564694	-0.000140021802764537	0.000105076740178332
417.07163757999996	0.000222690352399829	-0.000138770732454045	0.000105285205194865
417.1813932741	0.000222300780460201	-0.000137537074511785	0.000105494282359401
417.2911489682	0.000221859030039391	-0.000136322542765391	0.000105703975073477
417.4009046623	0.000221365992742068	-0.000135128896837442	0.000105914285147953
417.51066035639997	0.000220822648216161	-0.000133957785196256	0.000106125215733886
417.62041605049995	0.000220230051192186	-0.000132810813191897	0.000106336770790809
417.7301717446	0.000219589194792192	-0.000131689502821439	0.000106548949897704
417.8399274387	0.000218901185408455	-0.000130595462929528	0.000106761759444845
417.9496831328	0.000218167176480595	-0.000129530108901453	0.000106974846747446
418.05943882689996	0.000217388319320496	-0.000128494846409213	0.000107188901061224
418.169194521	0.00021656586082659	-0.000127491062017142	0.000107403593745558
418.2789502151	0.000215701017155685	-0.000126520044656292	0.000107618952556211
418.3887059092	0.000214795065777459	-0.000125583027702231	0.000107834960305894
418.4984616033	0.00021384932538348	-0.000124681248192148	0.000108051624412841
418.60821729739996	0.000212865105722098	-0.000123815877014568	0.000108268951842202
418.7179729915	0.000211843819305407	-0.000122988075344982	0.000108486949477645
418.8277286856	0.000210786823769869	-0.000122198945247837	0.000108705624751632
418.9374843797	0.000209695543122311	-0.000121449509740541	0.000108924985867663
419.04724007379997	0.000208571385797163	-0.000120740889704968	0.000109145040264477
419.15699576789996	0.000207415864528865	-0.000120074013803012	0.000109365793277712
419.266751462	0.000206230512949455	-0.000119449784902442	0.000109587248430699
419.3765071561	0.000205016924584143	-0.000118869090193291	0.000109809406213259
419.4862628502	0.000203776690872312	-0.00011833270852774	0.000110032267448722
419.59601854429997	0.000202511451633567	-0.000117841411551864	0.000110255833279463
419.70577423839995	0.000201222820660485	-0.000117395845898497	0.000110480103553406
419.8155299325	0.000199912505452172	-0.000116996573149154	0.000110705057968293
419.9252856266	0.000198582098863849	-0.000116644253896684	0.000110930756812278
420.0350413207	0.000197233387784304	-0.000116339292009791	0.000111157134532497
420.14479701479996	0.000195867991085611	-0.000116082049201654	0.000111384207138403
420.2545527089	0.0001944878413672	-0.000115872896879155	0.000111611966381307
420.364308403	0.000193094386415467	-0.000115712086921405	0.000111840402051866
420.4740640971	0.000191689379736692	-0.000115599905078231	0.000112069698768563
420.58381979119997	0.000190274413714912	-0.00011553642739932	0.000112299462411438
420.69357548529996	0.000188851389901923	-0.000115521741943848	0.000112529879216091
420.8033311794	0.000187421856138904	-0.000115555952420287	0.000112760944011041
420.9130868735	0.000185987450746468	-0.000115639118214409	0.000112992648646582
421.0228425676	0.000184549854412753	-0.000115771142917817	0.000113224985905715
421.13259826169997	0.000183110654252792	-0.000115951889151086	0.00011345794646421
421.24235395579996	0.000181671632492313	-0.000116181245742241	0.000113691527511733
421.3521096499	0.000180234344634435	-0.000116459023844822	0.000113925722719795
421.461865344	0.000178800226007113	-0.000116784557214285	0.000114161367224054
421.5716210381	0.000177371657578458	-0.000117158853873237	0.000114396525891321
421.68137673219996	0.000175949555676459	-0.000117580149638465	0.000114632560545693
421.7911324263	0.000174535747762852	-0.000118048619552514	0.000114869207363711
421.9008881204	0.000173131947317768	-0.000118563699639049	0.000115106460714914
422.0106438145	0.000171739644547465	-0.000119124859162521	0.000115344319245143
422.1203995086	0.000170360573814875	-0.00011973140239869	0.000115582779790618
422.23015520269996	0.000168996209362576	-0.000120382665357819	0.000115821840578742
422.3399108968	0.000167648071530498	-0.000121077897682874	0.000116061502899599
422.4496665909	0.000166317655277455	-0.00012181629470235	0.000116301768685376
422.559422285	0.000165006375508902	-0.000122597045257089	0.000116542639835049
422.66917797909997	0.000163715620648225	-0.000123419290907265	0.000116784116576027
422.77893367319996	0.000162446786646227	-0.000124281958302893	0.00011702619637227
422.8886893673	0.000161201180934172	-0.000125184105693774	0.000117268878317081
422.9984450614	0.000159980246488237	-0.000126124743625911	0.000117512165864302
423.1082007555	0.000158784885492551	-0.000127102693535157	0.000117756062159325
423.21795644959997	0.000157616700603223	-0.000128116909885463	0.0001180005714245
423.32771214369996	0.000156476636132045	-0.000129166267737501	0.000118245693385502
423.4374678378	0.000155365670830692	-0.00013024937028309	0.000118491428185364
423.5472235319	0.000154285033746219	-0.000131365130710502	0.000118737772109963
423.656979226	0.000153235626186299	-0.000132512251841046	0.000118984721237544
423.76673492009996	0.000152218565517362	-0.000133689502525718	0.000119232271937735
423.8764906142	0.000151234526111221	-0.000134895479493322	0.000119480422509614
423.9862463083	0.000150284625764543	-0.000136128893120762	0.000119729168799505
424.0960020024	0.000149369460382271	-0.000137388511418322	0.0001199785069275
424.2057576965	0.000148489834162755	-0.000138672635325978	0.000120228431597476
424.31551339059996	0.000147646484336	-0.00013998007984349	0.000120478936611408
424.4252690847	0.000146840160993034	-0.000141309270215744	0.000120730015050777
424.5350247788	0.000146071263765708	-0.000142659004799528	0.000120981659940112
424.6447804729	0.00014534063090168	-0.000144027670981463	0.000121234111621896
424.75453616699997	0.000144648664643771	-0.000145413812450316	0.000121486867995581
424.86429186109996	0.000143995904330876	-0.000146815761723105	0.000121740165333742
424.9740475552	0.000143382798091009	-0.000148231944969123	0.00012199399600243
425.0838032493	0.000142809562934564	-0.000149661068665169	0.000122248351234464
425.1935589434	0.000142276578248925	-0.000151101366467508	0.000122503221305415
425.30331463749997	0.000141784093723984	-0.00015255108444162	0.000122758583679989
425.41307033159995	0.000141332156673571	-0.000154008877719213	0.000123014455913151
425.5228260257	0.000140920934212422	-0.000155472912741474	0.000123270794532693
425.6325817198	0.000140550421279931	-0.000156941620799323	0.000123527600158999
425.7423374139	0.000140220549645905	-0.000158413437256398	0.000123784863213657
425.85209310799996	0.000139931397804572	-0.000159887041824956	0.000124044148096245
425.9618488021	0.000139682320443226	-0.000161360032870907	0.00012430194324744
426.0716044962	0.000139473558206438	-0.000162831646152302	0.000124560535016773
426.1813601903	0.000139304664487031	-0.000164300041188048	0.000124819554002453
426.29111588439997	0.000139175311886974	-0.000165763716677973	0.0001250789945904
426.40087157849996	0.000139084930229161	-0.000167220990434053	0.000125338807839137
426.5106272726	0.000139033442915571	-0.000168670522839509	0.000125599117549598
426.6203829667	0.000139020023479471	-0.000170110830651475	0.00012585979270251
426.7301386608	0.000139044249932019	-0.00017154036935166	0.000126120875409661
426.83989435489997	0.000139105514115351	-0.000172957828985223	0.000126382364041231
426.94965004899996	0.000139203115994396	-0.00017436161353812	0.000126644256748666
427.0594057431	0.0001393363780421	-0.000175750594618968	0.000126906548153128
427.1691614372	0.000139504669330031	-0.000177123137254658	0.000127169250006238
427.2789171313	0.000139707178361789	-0.000178478038655809	0.000127430938647379
427.38867282539996	0.00013994305440594	-0.000179813899404271	0.000127695111008747
427.4984285195	0.00014021150503093	-0.000181129496025627	0.00012795900921126
427.6081842136	0.000140511541912026	-0.000182423323577453	0.000128223300941752
427.7179399077	0.000140842153924312	-0.000183694176053654	0.000128487982889457
427.8276956018	0.000141202370156899	-0.000184940805147855	0.000128753053964813
427.93745129589996	0.000141590963029897	-0.000186162003371808	0.000129018515638205
428.04720699	0.000142006822571187	-0.00018735647528509	0.000129284369772047
428.1569626841	0.000142335876704175	-0.000188234119856484	0.000129484019004169
428.2667183782	0.000142915347355997	-0.000189660859324431	0.000129816965492567
428.37647407229997	0.000143405332763957	-0.000190768584281926	0.000130084002776626
428.48622976639996	0.000143917247860173	-0.000191845336100906	0.000130351434303973
428.5959854605	0.000144449669509855	-0.000192890146708861	0.000130619259923565
428.7057411546	0.000145001076484249	-0.000193902158546461	0.000130887482513199
428.8154968487	0.000145569914439199	-0.000194880589502616	0.000131156104733341
428.92525254279997	0.000146154603649993	-0.000195824784144238	0.000131425129637719
429.03500823689996	0.000146753468462941	-0.000196734009605309	0.000131694561094691
429.144763931	0.000147364880583374	-0.000197607846973645	0.000131964404405091
429.2545196251	0.000147987223720339	-0.000198445804908404	0.000132234666989118
429.3642753192	0.000148618827150881	-0.000199247462643995	0.000132505353838054
429.47403101329996	0.000149258131942422	-0.000200012520203929	0.000132776483712527
429.5837867074	0.000149903395729501	-0.000200740695317139	0.000133048057994032
429.6935424015	0.000150552978233251	-0.000201431680102112	0.00013331923238131
429.8032980956	0.000151205187039095	-0.000202085310533315	0.000133591716217409
429.9130537897	0.000151858296186077	-0.000202701507622597	0.000133864671058282
430.02280948379996	0.000152510562525625	-0.000203280034193396	0.000134138105986703
430.1325651779	0.000153160492966965	-0.00020382107344439	0.000134412030762012
430.242320872	0.000153807084900695	-0.000204325653066633	0.000134685824155534
430.3520765661	0.000154445519408782	-0.000204790941256828	0.000134960924439279
430.46183226019997	0.000155077338016021	-0.000205220111467423	0.000135236362472828
430.57158795429996	0.000155699662123243	-0.000205612536629041	0.000135512315191247
430.6813436484	0.000156310684045166	-0.000205968569348854	0.00013578878239927
430.7910993425	0.000156908696497284	-0.000206288684167666	0.00013606576213854
430.9008550366	0.000157491984282064	-0.000206573410855001	0.000136343249691691
431.01061073069997	0.00015805879848655	-0.000206823365380179	0.000136621283033582
431.12036642479995	0.000158607414327365	-0.000207039230863572	0.000136899782363604
431.2301221189	0.000159136168250314	-0.000207221788855146	0.000137178786997468
431.339877813	0.000159643357841097	-0.000207371875836198	0.000137458293357487
431.4496335071	0.000160127339062112	-0.000207490407861226	0.000137738298361581
431.55938920119996	0.000160586486267757	-0.000207578377459724	0.000138018787744191
431.6691448953	0.000161019279450004	-0.000207636878708461	0.000138299761301237
431.7789005894	0.000161424091706754	-0.00020766703925395	0.000138581428069404
431.8886562835	0.000161799466342008	-0.000207670107319484	0.000138863353992781
431.9984119776	0.000162144040467599	-0.000207647397255211	0.00013914575244243
432.10816767169996	0.000162456417753437	-0.000207600426971986	0.000139429185467044
432.2179233658	0.000162735570478157	-0.000207530118386983	0.00013971235470388
432.3276790599	0.000162979868527199	-0.000207438395802728	0.000139996136465273
432.437434754	0.000163188234273718	-0.000207326645046512	0.000140280372132189
432.54719044809997	0.00016335950288155	-0.000207196477194343	0.000140565057282214
432.65694614219996	0.000163492597513063	-0.000207049589230413	0.000140850187068666
432.7667018363	0.000163586546945382	-0.000206887725919013	0.000141135755479249
432.8764575304	0.000163640471275311	-0.000206712658697657	0.000141421756113261
432.9862132245	0.000163653567929951	-0.000206526177005611	0.000141708183450459
433.09596891859997	0.000163625092595185	-0.000206330096380244	0.000141995033772115
433.20572461269995	0.000163554372494157	-0.00020612627338291	0.000142282302886484
433.3154803068	0.000163440804112618	-0.000205916586185502	0.000142570032775086
433.4252360009	0.000163283845380283	-0.000205702935538995	0.000142858125690892
433.534991695	0.000163083051809913	-0.000205487266584122	0.000143146621622106
433.64474738909996	0.000162838061595256	-0.000205271542944711	0.000143435515316796
433.7545030832	0.000162548588741185	-0.000205057765857754	0.000143724707359525
433.8642587773	0.000162214429124155	-0.000204847950793491	0.000144014376826786
433.9740144714	0.000161835434651586	-0.000204644113585813	0.00014430449793695
434.08377016549997	0.000161411585846451	-0.000204448265276599	0.00014459490485814
434.19352585959996	0.000160942971689262	-0.000204262452399455	0.000144885666544606
434.3032815537	0.000160429809100926	-0.000204088741703415	0.000145176771487543
434.4130372478	0.000159872229295007	-0.000203929162509267	0.000145468209161796
434.5227929419	0.00015927060732573	-0.000203785792357191	0.000145759971744912
434.63254863599997	0.000158625303725384	-0.000203660670264239	0.00014605205260979
434.74230433009996	0.00015793677621616	-0.000203555833144861	0.000146344444523391
434.8520600242	0.00015720556307765	-0.000203473308702728	0.000146637143167503
434.9618157183	0.000156432304806602	-0.000203415106791204	0.000146930145964057
435.0715714124	0.000155617662402032	-0.000203383234319539	0.00014722345545554
435.18132710649996	0.000154762625352726	-0.000203379608381633	0.000147517064968503
435.2910828006	0.000153867977642667	-0.000203406194311884	0.000147810983204776
435.4008384947	0.000152934788644446	-0.000203464983370871	0.000148105208723226
435.5105941888	0.000151963971579226	-0.000203557777257103	0.000148399740893435
435.6203498829	0.000150956760367362	-0.000203686423114866	0.000148694837139758
435.73010557699996	0.000149914402545004	-0.000203852755027138	0.000148989977346166
435.8398612711	0.000148838258086512	-0.000204058522928404	0.000149285412460357
435.9496169652	0.000147729717614689	-0.000204305439037975	0.000149581136523675
436.0593726593	0.000146590241298065	-0.000204595149849583	0.000149877143437712
436.16912835339997	0.000145421386883896	-0.000204929265023258	0.000150173427087809
436.27888404749996	0.000144224771307308	-0.000205309362737598	0.000150469980209696
436.3886397416	0.000143002111918569	-0.000205736739200231	0.000150766794984224
436.4983954357	0.000141755244549607	-0.000206212787479514	0.000151064831582023
436.6081511298	0.000140485685293025	-0.000206739711562847	0.000151361954313255
436.71790682389997	0.000139195686524169	-0.000207317695373497	0.00015165951426935
436.82766251799995	0.000137887018123121	-0.000207948339707702	0.000151957306208021
436.9374182121	0.0001365616726552	-0.000208632742380509	0.000152255325234789
437.0471739062	0.000135221629173433	-0.000209371993403103	0.0001525535617821
437.1569296003	0.000133868993754283	-0.000210166952174505	0.000152852011575442
437.26668529439996	0.000132505977229794	-0.000211018567877193	0.000153150664072492
437.3764409885	0.000131134705627317	-0.000211927614465617	0.00015344951130426
437.4861966826	0.000129757388037779	-0.000212894788244474	0.000153748544701146
437.5959523767	0.000128376270293716	-0.000213920701707869	0.000154047755483512
437.7057080708	0.000126993676796705	-0.000215005958044216	0.000154347188842153
437.81546376489996	0.000125611820356504	-0.000216150821751958	0.000154646248330671
437.925219459	0.000124233139027989	-0.000217355828666427	0.000154946025561694
438.0349751531	0.000122859841053272	-0.000218620987732038	0.000155245878008375
438.1447308472	0.000121494636293987	-0.000219946816255886	0.000155545883276969
438.25448654129997	0.000120139748611128	-0.000221333056586364	0.000155845895250922
438.36424223539996	0.000118797541800192	-0.000222779700953019	0.000156146196045006
438.4739979295	0.000117470429038146	-0.000224286653741197	0.000156446974928532
438.5837536236	0.000116160962271417	-0.000225853841200063	0.000156747499185179
438.6935093177	0.0001148712748378	-0.000227480444474491	0.000157048235902352
438.80326501179997	0.000113603891946531	-0.000229166293858887	0.000157349118306478
438.91302070589995	0.000112361137852983	-0.000230910740834751	0.000157650300095482
439.0227764	0.000111145326919825	-0.000232713114065437	0.000157951473622414
439.1325320941	0.000109958760226648	-0.000234572705086816	0.000158252792335513
439.2422877882	0.000108803739033269	-0.000236488693372752	0.000158554259759577
439.35204348229996	0.000107682507161522	-0.000238460071973871	0.000158855854407418
439.4617991764	0.000106596958431142	-0.000240485403781366	0.000159158526713362
439.5715548705	0.000105549857087065	-0.000242564687326374	0.00015946012186291
439.6813105646	0.0001045428688856	-0.00024469565451642	0.000159762158007878
439.79106625869997	0.000103578151882209	-0.000246877351995148	0.000160064343370515
439.90082195279996	0.000102657701432589	-0.000249108417887174	0.000160366669030182
440.0105776469	0.000101783493688805	-0.000251387360985243	0.000160669141537064
440.120333341	0.000100957433910639	-0.000253712620971188	0.000160971757458251
440.2300890351	0.000100181337426119	-0.000256082618701943	0.00016127452886314
440.33984472919997	9.94568445427114e-05	-0.000258495731444155	0.000161577453125811
440.44960042329996	9.87857696069154e-05	-0.000260950217620549	0.000161880540393117
440.5593561174	9.81696758611163e-05	-0.0002634442633316	0.000162183798999386
440.6691118115	9.76100412857582e-05	-0.000265976038613836	0.000162487253961072
440.7788675056	9.71082911223309e-05	-0.000268543612094249	0.000162790880509588
440.88862319969996	9.66658009683939e-05	-0.000271145011212997	0.000163093766219261
440.9983788938	9.62838996722895e-05	-0.000273778409648127	0.000163397802299139
441.1081345879	9.59637203136781e-05	-0.000276441638069707	0.000163702054028885
441.217890282	9.57064717942637e-05	-0.000279132768037284	0.000164006527758289
441.3276459761	9.55130344844946e-05	-0.000281849687440472	0.000164311230603114
441.43740167019996	9.53845281485213e-05	-0.000284590330315893	0.00016461616593353
441.5471573643	9.53217184296742e-05	-0.000287352354904202	0.000164921169721117
441.6569130584	9.53252566283231e-05	-0.000290132915208574	0.00016522668792217
441.7666687525	9.53993811783255e-05	-0.000292933141405348	0.000165532379304713
441.87642444659997	9.55383267302219e-05	-0.000295745803657823	0.000165838339603023
441.98618014069996	9.57472537500557e-05	-0.000298572053608796	0.000166144582351528
442.0959358348	9.60260469203009e-05	-0.000301409491242307	0.000166451120259583
442.2056915289	9.63754071276506e-05	-0.000304255502337911	0.000166757474430461
442.315447223	9.67950406499827e-05	-0.00030710795227997	0.000167064632663742
442.42520291709997	9.72857727193513e-05	-0.000309964973087131	0.000167372116553256
442.53495861119995	9.78475866141317e-05	-0.000312824292453334	0.000167680006670686
442.6447143053	9.84808272855974e-05	-0.000315683627227348	0.00016798815866963
442.7544699994	9.91854205607164e-05	-0.000318540830376786	0.000168296659189605
442.8642256935	9.99617114134314e-05	-0.000321393787260952	0.000168605522295319
442.97398138759996	0.000100809379979438	-0.00032424018133084	0.000168914732124237
443.0837370817	0.000101728610945166	-0.000327077771541645	0.000169224313512145
443.1934927758	0.000102719136223269	-0.000329904822951282	0.00016953426391925
443.3032484699	0.000103780988925304	-0.00033271863717127	0.000169844586196136
443.413004164	0.00010491405237172	-0.000335517231062633	0.000170155789756932
443.52275985809996	0.000106117679793725	-0.000338297813702038	0.000170466865325038
443.6325155522	0.000107397876033773	-0.000341061386583869	0.00017077806750041
443.7422712463	0.000108738699471263	-0.00034379709429737	0.000171089902400377
443.8520269404	0.000110154125391583	-0.000346511615438511	0.000171402105197815
443.96178263449997	0.000111638269637079	-0.000349199847614994	0.000171714715213864
444.07153832859996	0.000113192101101134	-0.000351860128384	0.000172027720066396
444.1812940227	0.000114814351948238	-0.000354490217231751	0.000172341179747938
444.2910497168	0.000116503837447493	-0.000357088059943247	0.000172655007748653
444.4008054109	0.000118259890582303	-0.000359651882302965	0.000172969223429861
444.51056110499997	0.000120081801644684	-0.000362179523247484	0.00017328386752998
444.62031679909995	0.000121968725393639	-0.00036466903043633	0.000173598920003584
444.7300724932	0.000123919868242869	-0.000367118473629019	0.000173914386858918
444.8398281873	0.000125934283436312	-0.000369525879074558	0.000174230269116972
444.9495838814	0.000128010852402906	-0.000371889472903012	0.000174546566438053
445.05933957549996	0.000130148534680121	-0.000374207321136582	0.000174863278387757
445.1690952696	0.000132346328061585	-0.000376477738169494	0.000175180404296634
445.2788509637	0.000134033337697875	-0.000378148064173029	0.000175418516349856
445.3886066578	0.000136917491424076	-0.000380868072076961	0.000175815821067874
445.49836235189997	0.000139288393650444	-0.000382984613914086	0.000176134167619933
445.60811804599996	0.000141714639767698	-0.000385046397696625	0.000176452926497968
445.7178737401	0.000144194762464342	-0.000387051603562989	0.000176772085254266
445.8276294342	0.000146727466222487	-0.000388998385337466	0.000177091638256534
445.9373851283	0.000149311203658172	-0.000390885232478611	0.000177411578516273
446.04714082239997	0.00015194468724977	-0.000392710337874941	0.000177731914234101
446.15689651649996	0.000154626154111046	-0.000394472150461296	0.000178052637302891
446.2666522106	0.000157354185380231	-0.000396168999144739	0.000178373747708224
446.3764079047	0.000160127180939085	-0.000397799327350677	0.000178695245212965
446.4861635988	0.000162943437354262	-0.000399361662082308	0.00017901713131223
446.59591929289996	0.000165801222265825	-0.000400854369325319	0.00017933940349921
446.705674987	0.000168698725329774	-0.0004022760527711	0.000179662063097543
446.8154306811	0.000171633888498497	-0.000403625154272305	0.000179985107516982
446.9251863752	0.000174605048247785	-0.000404900430650599	0.000180308536180921
447.0349420693	0.000177610045932134	-0.000406100608245958	0.000180632345972292
447.14469776339996	0.000180647207711303	-0.000407224205322058	0.000180956170574359
447.2544534575	0.000183714152082302	-0.00040827014003007	0.000181280878176368
447.3642091516	0.000186809025639836	-0.000409237253113698	0.000181605795625121
447.4739648457	0.000189929269576217	-0.000410124416814951	0.000181931067078085
447.58372053979997	0.000193073149949571	-0.000410930541720492	0.000182256688388292
447.69347623389996	0.000196238148941449	-0.000411654629099506	0.00018258265477147
447.803231928	0.000199422130943033	-0.000412295688940354	0.000182908963097314
447.9129876221	0.000202622844171058	-0.000412852955458699	0.000183235609713962
448.0227433162	0.000205837858113115	-0.000413325545037094	0.000183562590046446
448.13249901029997	0.000209064882365395	-0.000413712645186021	0.000183889920100599
448.24225470439995	0.000212301464941803	-0.000414013590337736	0.000184217604430793
448.3520103985	0.000215545230114884	-0.000414227754608389	0.000184545626635004
448.4617660926	0.000218793532000653	-0.000414354536955406	0.000184874004350195
448.5715217867	0.000222043994469952	-0.000414393488745406	0.000185201873988969
448.68127748079996	0.000225294027500477	-0.000414344152409172	0.000185531436582875
448.7910331749	0.000228541254598122	-0.000414206240975697	0.000185860923692976
448.900788869	0.000231783062590526	-0.000413979443679314	0.000186190785231055
449.0105445631	0.000235016707713185	-0.000413663460151671	0.000186521001485363
449.1203002572	0.000238239866907459	-0.000413258153387188	0.000186851594698224
449.23005595129996	0.000241449628157192	-0.000412763501710141	0.000187182564497309
449.3398116454	0.000244643553948305	-0.000412179368868297	0.000187513914218266
449.4495673395	0.000247818813111065	-0.000411505949442957	0.000187845643304144
449.5593230336	0.000250972773088416	-0.000410743226261086	0.000188177755969742
449.66907872769997	0.000254102750859087	-0.000409891473027235	0.00018851024844247
449.77883442179996	0.00025720604132997	-0.000408950953131217	0.000188843125709202
449.8885901159	0.000260279932597636	-0.00040792209080745	0.000189176379685539
449.99834581	0.000263321616693659	-0.000406805269485218	0.000189510012307677
450.1081015041	0.000266328365664487	-0.000405601082863963	0.000189843801609622
450.21785719819997	0.000269297493345063	-0.000404310114700887	0.000190178288500363
450.32761289229995	0.000272226235274037	-0.0004029331456632	0.00019051303986208
450.4373685864	0.000275111664376291	-0.00040147104068854	0.000190848911119025
450.5471242805	0.000277951699681986	-0.000399924301614711	0.000191184256241557
450.6568799746	0.000280742941884956	-0.000398294212030543	0.000191520112897962
450.76663566869996	0.000283482841403211	-0.00039658173162905	0.000191856328115524
450.8763913628	0.000286168751515203	-0.000394788046861152	0.000192192903467245
450.9861470569	0.000288797882684141	-0.00039291424778135	0.000192529838251822
451.095902751	0.000291367506832865	-0.000390961726728819	0.000192867136453171
451.20565844509997	0.000293874977163971	-0.00038893186184193	0.000193204787706906
451.31541413919996	0.000296317508191553	-0.000386826291261708	0.000193542800621941
451.4251698333	0.000298691795737827	-0.000384646517030338	0.000193881166246344
451.5349255274	0.000300997648904053	-0.000382391774543636	0.000194219885591383
451.6446812215	0.000303228053744888	-0.000380069245957709	0.000194558953159364
451.75443691559997	0.00030538395560787	-0.000377676749784856	0.000194897865659283
451.86419260969996	0.000307462212688235	-0.000375216838431636	0.000195237653053609
451.9739483038	0.000309460435874525	-0.000372691634767995	0.000195577790058242
452.0837039979	0.000311375928223829	-0.00037010353275287	0.000195918559021251
452.193459692	0.000313206561168705	-0.000367455062093416	0.0001962593922587
452.30321538609996	0.000314950059062307	-0.000364748712526915	0.000196600874088126
452.41297108019995	0.000316604032805491	-0.000361987350826482	0.000196942430101746
452.5227267743	0.000318166684635854	-0.000359172889065433	0.00019728427551186
452.6324824684	0.000319635816307987	-0.000356308528449776	0.000197626455223004
452.7422381625	0.000321009500472352	-0.000353397052327033	0.000197969001502144
452.85199385659996	0.000322285938290756	-0.000350441314424397	0.000198311850921924
452.9617495507	0.00032346346767143	-0.000347444395886063	0.000198655013918177
453.0715052448	0.00032454039098199	-0.000344409241106287	0.00019899851516119
453.1812609389	0.000325515162150321	-0.000341339026825313	0.000199342310343019
453.29101663299997	0.000326386354128022	-0.000338236910439901	0.00019968640561737
453.40077232709996	0.000327152628806052	-0.00033510606625735	0.000200030802481926
453.5105280212	0.000327812696291569	-0.000331949902444364	0.000200375485664003
453.6202837153	0.000328365514683644	-0.000328771769998898	0.000200719629564379
453.7300394094	0.000328809788608717	-0.000325575376313668	0.00020106485157257
453.83979510349997	0.000329144715722538	-0.000322364221961247	0.000201410330078363
453.94955079759995	0.000329372907411319	-0.00031914687450376	0.000201756057292556
454.0593064917	0.000329475659802171	-0.000315908215513192	0.000202102034923626
454.1690621858	0.00032948327992629	-0.000312678447302056	0.000202448250760568
454.2788178799	0.000329372531598874	-0.000309444515768793	0.000202794708953162
454.38857357399996	0.000329149687314574	-0.000306213495142607	0.00020314140920367
454.4983292681	0.000328813786257023	-0.000302989427718919	0.000203488355096864
454.6080849622	0.000328364996023387	-0.000299775750323596	0.000203835542651304
454.7178406563	0.000327804067831365	-0.000296576024151816	0.000204182985845061
454.8275963504	0.00032713099367575	-0.000293394058287926	0.000204530683059845
454.93735204449996	0.000326346151639809	-0.000290233511783491	0.000204878614883018
455.0471077386	0.000325449852751435	-0.000287098435353594	0.00020522678374206
455.1568634327	0.000324442911290536	-0.000283991821399855	0.000205575183421047
455.2666191268	0.000323325874924723	-0.000280917831598288	0.000205923805057776
455.37637482089997	0.00032209992235329	-0.000277879865534216	0.000206272651069759
455.48613051499996	0.000320765949873794	-0.00027488163001944	0.000206621704782334
455.5958862091	0.000319324990669993	-0.000271926645523761	0.000206970961189802
455.7056419032	0.000317777356155064	-0.000269018475776587	0.0002073204264773
455.8153975973	0.000316126610941456	-0.000266162032382363	0.00020767008012257
455.92515329139997	0.000314373023954159	-0.000263358359143978	0.000208019983030783
456.03490898549995	0.000312517584026013	-0.000260612553932754	0.000208370021538502
456.1446646796	0.000310562092341622	-0.000257926773150034	0.000208720243579229
456.2544203737	0.000308508497928355	-0.000255304797401055	0.000209070653494743
456.3641760678	0.000306359079588835	-0.000252749652631749	0.000209421251656479
456.47393176189996	0.000304116062195941	-0.000250264655063346	0.000209772038478253
456.583687456	0.000301781595288054	-0.000247852767592891	0.000210122994045141
456.6934431501	0.000299358025813815	-0.000245517184260129	0.000210474132346291
456.8031988442	0.000296847966656218	-0.000243260749055819	0.000210825437768562
456.91295453829997	0.000294253716352264	-0.000241086275937185	0.000211176909147246
457.02271023239996	0.000291578106178605	-0.00023899652557373	0.000211528540362178
457.1324659265	0.00028882400756235	-0.000236994244046849	0.00021188032555885
457.2422216206	0.000285994144066073	-0.000235081724222674	0.00021223225951214
457.3519773147	0.000283091598506149	-0.00023326182771842	0.000212584336075461
457.46173300879997	0.000280120379017657	-0.000231536403677835	0.000212936551329987
457.57148870289996	0.000277081628988282	-0.000229910191534442	0.000213288908178709
457.681244397	0.000273980820212551	-0.000228381235466216	0.000213641369509508
457.7910000911	0.000270819844118215	-0.000226954286779608	0.000213993989068935
457.9007557852	0.000267602061442511	-0.000225631135962624	0.000214346738483017
458.01051147929996	0.000264331131881712	-0.000224413517113231	0.000214698400418195
458.12026717339995	0.000261010355634752	-0.000223302690534623	0.000215052049392048
458.2300228675	0.00025764326350367	-0.000222300158193326	0.000215405215103748
458.3397785616	0.000254233639767505	-0.000221407329184945	0.000215758522381483
458.4495342557	0.000250785024014398	-0.000220625498511478	0.000216112177405831
458.55928994979996	0.000247301143220779	-0.000219955923955029	0.000216465575092912
458.6690456439	0.000243785757361268	-0.000219399429459897	0.00021681932181887
458.778801338	0.000240242503122596	-0.000218956954585143	0.000217173213791115
458.8885570321	0.000236675483084851	-0.000218628957101839	0.000217527258684094
458.99831272619997	0.000233088335809974	-0.000218416099770583	0.000217881463086833
459.10806842029996	0.000229484853341881	-0.000218318665808809	0.000218235835248663
459.2178241144	0.000225868853059398	-0.000218336911607754	0.000218590378980273
459.3275798085	0.000222244142878231	-0.000218470928975408	0.000218945114171278
459.4373355026	0.000218614431097987	-0.000218720700627891	0.000219300044574248
459.54709119669997	0.000214983579958077	-0.00021908594381579	0.000219655174836742
459.65684689079995	0.000211355140787254	-0.000219566458593205	0.000220010510589675
459.7666025849	0.000207732775363992	-0.000220161760621804	0.00022036606055151
459.876358279	0.000204120337251518	-0.000220871393174174	0.000220721830857332
459.9861139731	0.000200521223584901	-0.000221694640739881	0.000221077815360091
460.09586966719996	0.000196939096560481	-0.000222630822593129	0.000221434017890728
460.2056253613	0.000193377530645444	-0.000223678863286628	0.000221790441698115
460.3153810554	0.00018983990518267	-0.000224837836979903	0.000222147076579522
460.4251367495	0.000186329753782428	-0.000226106606733105	0.000222503935447167
460.5348924436	0.000182850514748748	-0.000227484102516055	0.000222861010823162
460.64464813769996	0.000179405372381173	-0.000228968837893307	0.000223218311393348
460.7544038318	0.000175997931698292	-0.000230559408465307	0.000223575836960227
460.8641595259	0.000172631377376767	-0.00023225419217738	0.000223935649167979
460.97391522	0.000169308630404977	-0.00023405146657304	0.000224290502442743
461.08367091409997	0.000166032805521915	-0.000235949421099473	0.000224649987340839
461.19342660819996	0.000162807184463084	-0.000237946208491803	0.000225008483563033
461.3031823023	0.000159634549478387	-0.000240039816166656	0.000225367242837654
461.4129379964	0.000156517431675793	-0.000242228089597224	0.000225726252451236
461.5226936905	0.000153458956963373	-0.000244508873651432	0.00022608552096808
461.63244938459997	0.000150461691238354	-0.000246879977629586	0.000226445050953033
461.74220507869995	0.000147528079459806	-0.00024933904983136	0.000226804844937956
461.8519607728	0.000144660537624811	-0.000251883719243817	0.000227164894077124
461.9617164669	0.000141861704562187	-0.000254511244561006	0.000227525238491374
462.071472161	0.00013913362849228	-0.000257219446693234	0.000227885844124373
462.18122785509996	0.000136478369877263	-0.000260005500167058	0.000228246727622887
462.2909835492	0.000133898289337309	-0.000262866842596242	0.000228607890675609
462.4007392433	0.000131395084209612	-0.000265800751512162	0.000228969355862717
462.5104949374	0.000128970585588732	-0.000268804464123879	0.000229331100543999
462.62025063149997	0.000126626653095109	-0.000271875113068202	0.00022969314239575
462.73000632559996	0.000124364754481289	-0.000275009967293924	0.000230055486219914
462.8397620197	0.000122186496927938	-0.000278206179398503	0.000230417824110313
462.9495177138	0.000120093191073378	-0.000281460782304723	0.000230780809424064
463.0592734079	0.000118086285790504	-0.000284770942039121	0.000231143720513515
463.16902910199997	0.00011616681612485	-0.000288133677542162	0.000231507369667621
463.27878479609996	0.000114336142070145	-0.000291545269014238	0.000231871366664951
463.3885404902	0.000112597592539606	-0.000295005427566838	0.000232235716013381
463.4982961843	0.000110946661776392	-0.000298506542371485	0.000232600425087288
463.6080518784	0.000109388363963747	-0.000302049118898158	0.000232965500110063
463.71780757249996	0.000107922788305934	-0.000305629688628434	0.000233330945507738
463.82756326659995	0.000106550501059896	-0.000309245009653214	0.000233696760300848
463.9373189607	0.000105272173231784	-0.000312892224865146	0.00023406295334245
464.0470746548	0.00010408778797172	-0.000316568438168404	0.000234428132430219
464.1568303489	0.00010299767689105	-0.000320270583751941	0.000234795793592146
464.26658604299996	0.000102001963707663	-0.000323995656158614	0.00023516315337703
464.3763417371	0.000101100846307418	-0.000327740949744275	0.000235530915777662
464.4860974312	0.000100294437578787	-0.000331503431033463	0.00023589908580153
464.5958531253	9.9582940661689e-05	-0.000335280182937195	0.000236267715369159
464.70560881939997	9.89660957310295e-05	-0.000339067925112166	0.000236636720057586
464.81536451349996	9.84390688213977e-05	-0.000342857755802133	0.000237006155275337
464.9251202076	9.80207183326625e-05	-0.00034666742601322	0.00023737601435013
465.0348759017	9.76830706193043e-05	-0.000350469115500189	0.000237746342402205
465.1446315958	9.74430008075162e-05	-0.000354273072808741	0.000238117127081249
465.25438728989997	9.72960843859583e-05	-0.00035807452674109	0.000238488380552242
465.36414298399995	9.72423161731119e-05	-0.000361870886954422	0.000238860208428767
465.4738986781	9.72803366362249e-05	-0.000365659306903049	0.000239232429640927
465.5836543722	9.7409195284159e-05	-0.000369437457104583	0.000239605129759716
465.6934100663	9.76281785306164e-05	-0.000373202691350147	0.000239978337090786
465.80316576039996	9.793640264223e-05	-0.000376952464060118	0.000240352052203635
465.9129214545	9.83330841095107e-05	-0.000380684674334729	0.000240726280424457
466.0226771486	9.88168758529689e-05	-0.000384396129464498	0.000241101024046116
466.1324328427	9.93870016869405e-05	-0.000388085202136317	0.000241476291561337
466.2421885368	0.0001000419791875	-0.00039174949244423	0.000241852087707498
466.35194423089996	0.000100780835841635	-0.000395386640523273	0.000242228431847445
466.461699925	0.000101602253108691	-0.000398994524143303	0.000242605321337008
466.5714556191	0.000102504947298723	-0.000402570933160023	0.000242982762209038
466.6812113132	0.000103487641651819	-0.000406113825014619	0.000243360761512568
466.79096700729997	0.000104548762468934	-0.000409621141671083	0.000243739330089654
466.90072270139996	0.00010568701566985	-0.00041309097853311	0.000244118477564821
467.0104783955	0.000106901081172576	-0.000416521203321088	0.000244498204407756
467.1202340896	0.000108189294898404	-0.000419910069327789	0.000244878536642944
467.2299897837	0.000109550252513504	-0.000423255646247446	0.000245259463414796
467.33974547779997	0.000110982207651707	-0.000426556088866545	0.000245641000837464
467.44950117189995	0.000112483643314131	-0.000429809710085772	0.000246023154935389
467.559256866	0.000114052730150629	-0.000433014646596589	0.000246405929813385
467.6690125601	0.000115687718522067	-0.000436169273116717	0.000246789329660391
467.7787682542	0.00011738701821329	-0.000439272049485866	0.000247173351326023
467.88852394829996	0.000119148544725497	-0.000442321176231078	0.000247558009715882
467.9982796424	0.000120970619369623	-0.000445315318359226	0.00024794328577463
468.1080353365	0.000122851207815617	-0.00044825285752394	0.00024832918151531
468.2177910306	0.000124788470979095	-0.00045113281020914	0.000248716122296478
468.32754672469997	0.000126780394945944	-0.000453953612789653	0.000249103245788906
468.43730241879996	0.000128824995762562	-0.000456713953817801	0.000249490977609469
468.5470581129	0.000130920216098624	-0.000459412631196924	0.000249879315520824
468.656813807	0.000133064143364312	-0.000462048636012585	0.000250268255266029
468.7665695011	0.000135254482703136	-0.000464620968744746	0.000250657808133493
468.87632519519997	0.000137489316765956	-0.000467128285552261	0.000251047967100636
468.98608088929996	0.000139766383623427	-0.000469569992104012	0.000251438736123509
469.0958365834	0.000142083734648581	-0.000471945097359692	0.000251830117292664
469.2055922775	0.000144438969372034	-0.000474252947418513	0.000252222110736731
469.3153479716	0.000146830051340943	-0.000476492410084267	0.000252614715588205
469.42510366569996	0.00014925467108804	-0.000478663088450315	0.000253007932264986
469.53485935979995	0.000151710784802363	-0.000480764415911848	0.000253401199574262
469.6446150539	0.00015419603825749	-0.00048279595956614	0.00025379564922944
469.754370748	0.000156708083112151	-0.000484757181151408	0.000254190709289459
469.8641264421	0.000159244966245377	-0.000486647724472834	0.000254586378614823
469.97388213619996	0.000161804334845053	-0.000488467264320872	0.000254982952968703
470.0836378303	0.000164383980899005	-0.000490215708790395	0.000255379844036302
470.1933935244	0.000166981720090928	-0.000491892473653873	0.000255777883318616
470.3031492185	0.000169595163587177	-0.000493498136109754	0.000256175545736642
470.41290491259997	0.000172222000300289	-0.000495031939037333	0.000256575181813818
470.52266060669996	0.000174861061017715	-0.000496494418302139	0.000256974440210853
470.6324163008	0.000177508991889109	-0.000497885311335608	0.000257374359653007
470.7421719949	0.000180164134892276	-0.00049920470276439	0.000257774905008188
470.851927689	0.000182824310876524	-0.000500452838288237	0.000258176055280467
470.96168338309997	0.000185487060397158	-0.000501630045966562	0.000258577863576238
471.07143907719995	0.000188150314783198	-0.000502736656079959	0.000258980238182618
471.1811947713	0.000190811880952946	-0.000503772800509521	0.000259383323984653
471.2909504654	0.000193469525418533	-0.000504739345243861	0.000259786904456843
471.4007061595	0.000196120979386067	-0.000505636549001711	0.000260192013479633
471.51046185359996	0.000198764539927101	-0.000506465271663213	0.000260596161281471
471.62021754769995	0.000201397635833093	-0.000507225945641222	0.000261001593310688
471.7299732418	0.000204018329195741	-0.000507919701953475	0.000261407957456109
471.8397289359	0.00020662462979712	-0.000508547195388186	0.000261814591812176
471.94948463	0.000209214431544801	-0.000509109490086728	0.000262221900703542
472.05924032409996	0.000211785901458643	-0.00050960744980087	0.000262629694502376
472.1689960182	0.00021433700972328	-0.000510042148046541	0.000263038097050597
472.2787517123	0.000216865918537482	-0.000510414820330045	0.000263447072974276
472.3885074064	0.000219370687265501	-0.000510726601506567	0.000263857132326986
472.49826310049997	0.000221849827569708	-0.000510979060519897	0.000264267046474051
472.60801879459996	0.000224301617170037	-0.000511172973252678	0.000264677713451086
472.7177744887	0.000226724600080568	-0.000511309586882672	0.000265088102261935
472.8275301828	0.000229117166100619	-0.000511389971564348	0.000265500146132845
472.9372858769	0.000231477691487045	-0.000511415655414666	0.000265912465565529
473.04704157099997	0.000233804602982122	-0.000511388088364434	0.000266325285404907
473.15679726509995	0.000236096312334207	-0.000511308763172517	0.000266738626168438
473.2665529592	0.000238351417813488	-0.000511179234548098	0.000267152534377178
473.3763086533	0.000240568626016465	-0.000511000960136127	0.000267566891999313
473.4860643474	0.000242746275654564	-0.000510775713967552	0.000267981754812982
473.59582004149996	0.00024488325405693	-0.000510505092392743	0.00026839711638932
473.7055757356	0.000246978344187085	-0.000510190879968763	0.000268812986504664
473.8153314297	0.000249030309821045	-0.00050983488846603	0.000269229354138033
473.9250871238	0.000251038253407373	-0.000509439003453318	0.000269646219001256
474.03484281789997	0.000253001113852668	-0.000509005097447593	0.000270063269122825
474.14459851199996	0.000254917989442373	-0.000508535009007794	0.000270481127543357
474.2543542061	0.000256788208643995	-0.000508030681570017	0.000270899492754352
474.3641099002	0.000258610875872338	-0.000507494117139654	0.000271318320388345
474.4738655943	0.000260385404201737	-0.000506927102809697	0.000271737643997201
474.58362128839997	0.000262111172332441	-0.000506331567231052	0.000272157443093533
474.69337698249996	0.000263787701494288	-0.00050570948103052	0.000272577712871596
474.8031326766	0.000265414350763042	-0.000505062720500583	0.000272998448813183
474.9128883707	0.000266990794951543	-0.000504393333690048	0.000273419646999928
475.0226440648	0.000268516730836893	-0.000503703141136805	0.000273841304190496
475.13239975889996	0.00026999183030217	-0.000502994297897256	0.000274263417923754
475.24215545299995	0.000271415887298088	-0.000502268698986914	0.000274684960140917
475.3519111471	0.000272788880093322	-0.000501528272951353	0.000275107994194962
475.4616668412	0.000274110652125605	-0.000500775025779823	0.000275531479981301
475.5714225353	0.000275381254813683	-0.000500010808727924	0.000275955422406894
475.68117822939996	0.000276600737639029	-0.000499237571872966	0.0002763798067983
475.7909339235	0.000277769250369716	-0.000498457263763157	0.000276804639519843
475.9006896176	0.000278886976004725	-0.000497671846434042	0.000277229916098708
476.0104453117	0.000279954135101285	-0.000496883133697074	0.000277655628923119
476.12020100579997	0.000280971060850635	-0.000496093131713124	0.000278081775455076
476.22995669989996	0.000281938144581968	-0.000495303741229026	0.000278508070821502
476.339712394	0.000282855910582796	-0.000494516778591976	0.000278935076630693
476.4494680881	0.000283724902569861	-0.000493734085961956	0.000279362505607655
476.5592237822	0.000284545777623692	-0.000492957650603227	0.000279790357320569
476.66897947629997	0.00028531927888906	-0.000492189045464483	0.000280218629148035
476.77873517039995	0.000286046187251329	-0.00049143003617574	0.000280647434920924
476.8884908645	0.000286727307967631	-0.000490682321455939	0.00028107653112781
476.9982465586	0.000287363513699893	-0.000489947507004371	0.000281506000380011
477.1080022527	0.0002879557350076	-0.000489227296660312	0.000281935951980081
477.21775794679996	0.000288504980647558	-0.000488523264678502	0.000282365593172284
477.32751364089995	0.000289012316989795	-0.000487836953296935	0.00028279650561659
477.437269335	0.000289478882508354	-0.00048716990265514	0.000283227934193579
477.5470250291	0.000289905881967037	-0.000486523486284927	0.000283660283538722
477.6567807232	0.000290294553136765	-0.000485899113419124	0.000284092947860415
477.76653641729996	0.000290646236209593	-0.00048529823228073	0.000284526198906666
477.8762921114	0.000290962234845921	-0.000484722033496453	0.000284960474633182
477.9860478055	0.000291243979755456	-0.000484171805412976	0.000285395148946404
478.0958034996	0.000291492735062088	-0.000483648468688504	0.000285830306072845
478.20555919369997	0.000291709239751435	-0.000483153347565358	0.000286266082135393
478.31531488779996	0.000291896854531989	-0.000482685534352624	0.000286702441122213
478.4250705819	0.000292054655019254	-0.000482249673003071	0.000287139322646791
478.534826276	0.000292185943411097	-0.00048184417736487	0.000287576688693284
478.6445819701	0.000292292317888336	-0.000481469853466208	0.000288014504996484
478.75433766419997	0.000292375179527391	-0.000481127583678928	0.000288453186891986
478.86409335829995	0.000292436281177844	-0.000480818316317986	0.000288891808169582
478.9738490524	0.000292477426030769	-0.000480542715534793	0.000289330806079068
479.0836047465	0.000292500291334807	-0.000480301294824229	0.000289770170825609
479.1933604406	0.000292506587662531	-0.000480094529802326	0.000290209892918076
479.30311613469996	0.000292498073654072	-0.000479922774853286	0.000290649978163826
479.4128718288	0.000292476467426356	-0.000479786318338707	0.000291090414126692
479.5226275229	0.00029244351139838	-0.000479685439119099	0.000291531202593952
479.632383217	0.000292400976723741	-0.000479620367334512	0.000291972342858232
479.74213891109997	0.000292350641846999	-0.000479591234142979	0.000292413833794375
479.85189460519996	0.000292294280535731	-0.000479598058861145	0.000292855676471064
479.9616502993	0.000292233649243697	-0.000479640788642242	0.000293297873351134
480.0714059934	0.000292170480866845	-0.000479719305029296	0.000293740181135772
480.1811616875	0.000292106530536735	-0.000479833402494147	0.00029418321720844
480.29091738159997	0.000292043618945548	-0.000479982734176447	0.000294626492441152
480.40067307569996	0.000291983411866941	-0.000480166823125632	0.000295070138290457
480.5104287698	0.000291927553517542	-0.000480385269602404	0.000295514159199947
480.6201844639	0.000291877504331191	-0.000480637729627173	0.000295958546914538
480.729940158	0.00029183475724709	-0.000480923808521823	0.000296403306530919
480.83969585209996	0.000291800925585081	-0.000481242947132954	0.000296847834772271
480.94945154619995	0.000291777511810708	-0.000481594526501779	0.000297293375887211
481.0592072403	0.000291766213804074	-0.000481977685998664	0.000297739257292857
481.1689629344	0.000291768546494203	-0.000482391624084878	0.000298185513582258
481.2787186285	0.000291786009622712	-0.000482835491181805	0.00029863214618712
481.38847432259996	0.000291820060032591	-0.000483308397997859	0.000299079157053115
481.4982300167	0.000291872102191141	-0.000483809379986701	0.000299526548727052
481.6079857108	0.000291943479349074	-0.000484337387961024	0.000299974325297835
481.7177414049	0.000292035494872997	-0.000484891309471474	0.000300422491323928
481.82749709899997	0.000292149341330144	-0.000485469932544417	0.000300871050951413
481.93725279309996	0.000292286182517377	-0.000486071997196018	0.000301320000109461
482.0470084872	0.000292447114431108	-0.000486696283173542	0.00030176939598765
482.1567641813	0.000292633214690965	-0.000487341373516655	0.000302219151392447
482.2665198754	0.000292845436300326	-0.000488006055202792	0.00030266932113303
482.37627556949997	0.000293084590470461	-0.000488688725422801	0.000303119067248918
482.48603126359995	0.00029335197964224	-0.000489388261201251	0.00030356956075878
482.5957869577	0.000293647955739479	-0.00049010293102637	0.000304021234357461
482.7055426518	0.000293973416500512	-0.000490831300965385	0.000304473073079603
482.8152983459	0.000294329025242137	-0.000491571801881579	0.000304925335802581
482.92505403999996	0.000294715391194881	-0.000492322902015221	0.000305378033194298
483.03480973409995	0.000295132904640936	-0.000493082905819225	0.00030583117144131
483.1445654282	0.000295582015084185	-0.000493850242500764	0.000306284762242646
483.2543211223	0.000296063046036472	-0.000494623331169296	0.000306738817005409
483.3640768164	0.000296576239476199	-0.000495400565237301	0.000307193091771541
483.47383251049996	0.000297121784507541	-0.000496180314308641	0.000307647264505617
483.5835882046	0.000297699786058258	-0.000496960957892458	0.000308102763256413
483.6933438987	0.00029831023947568	-0.000497740834970028	0.000308558762682669
483.8030995928	0.000298953222369143	-0.000498518451455276	0.00030901529569789
483.91285528689997	0.000299628527442955	-0.000499292032241602	0.000309472320640385
484.02261098099996	0.000300335915145135	-0.00050006027709941	0.000309929869786497
484.1323666751	0.00030107526095554	-0.000500821438426222	0.000310387941681281
484.2421223692	0.000301846081116398	-0.000501574032365701	0.000310846557905878
484.3518780633	0.000302648074960562	-0.000502316694156893	0.000311305711193623
484.46163375739997	0.000303480694481334	-0.000503048092670152	0.000311765390648372
484.57138945149995	0.000304343654043093	-0.000503766734673145	0.000312225635655633
484.6811451456	0.000305236537166682	-0.000504471059391629	0.000312686398784412
484.7909008397	0.000306158893208114	-0.000505159539644588	0.000313147727048207
484.9006565338	0.000307110070550832	-0.00050583079094206	0.000313609709340817
485.01041222789996	0.000308089434534894	-0.000506483519219782	0.000314072134502356
485.120167922	0.000309096218381808	-0.000507116485276818	0.000314534485624462
485.2299236161	0.000310129670527898	-0.000507728230552981	0.000314998039608724
485.3396793102	0.000311188895809822	-0.000508317591379114	0.000315462177055376
485.44943500429997	0.000312273030571995	-0.000508883300340976	0.000315926896625707
485.55919069839996	0.00031338115350904	-0.000509424147146112	0.00031639220150476
485.6689463925	0.000314512307568231	-0.000509938981369069	0.000316857975380023
485.7787020866	0.000315665248923576	-0.00051042727347061	0.000317324470971605
485.8884577807	0.000316839555225402	-0.000510886573628378	0.000317791571553103
485.99821347479997	0.000318033652756464	-0.000511316994326141	0.000318259283731312
486.10796916889996	0.000319246542576834	-0.000511717276902607	0.00031872761463431
486.217724863	0.00032047706549335	-0.0005120864839094	0.000319196570356226
486.3274805571	0.000321724020098625	-0.000512423729019864	0.000319666155560368
486.4372362512	0.000322986193912893	-0.000512728161707149	0.000320136372499283
486.54699194529996	0.00032426213890414	-0.000512998939575823	0.000320607222615339
486.65674763939995	0.000325550979462128	-0.000513235397154048	0.000321078707433186
486.7665033335	0.000326851084208459	-0.000513436848956432	0.00032155081583802
486.8762590276	0.000328161122344956	-0.000513602533419259	0.000322023581920311
486.9860147217	0.000329479718903122	-0.000513731949816964	0.000322496987926996
487.09577041579996	0.000330805617372256	-0.000513824543981547	0.000322971448602391
487.2055261099	0.00033213717814027	-0.000513879847037389	0.000323446094102708
487.315281804	0.000333473126373405	-0.000513897505672026	0.000323921360025839
487.4250374981	0.000334812027086507	-0.000513877127954623	0.000324397240825438
487.53479319219997	0.000336152439719352	-0.000513818397034138	0.000324873729125975
487.64454888629996	0.000337492936795903	-0.000513721041005094	0.000325350815839138
487.7543045804	0.000338832041820513	-0.000513584795085625	0.000325828551788128
487.8640602745	0.000340168325647664	-0.000513409528890534	0.000326306879077238
487.9738159686	0.000341499974135676	-0.000513194869833136	0.000326785819911653
488.08357166269997	0.000342825557338396	-0.000512940609936887	0.000327265375610805
488.19332735679995	0.000344139046393241	-0.000512650115959759	0.000327745548398613
488.3030830509	0.000345455850996252	-0.000512306211196633	0.000328224810554819
488.412838745	0.000346749374801696	-0.000511939167624032	0.000328707006228389
488.5225944391	0.000348034845150696	-0.000511525818377613	0.000329189073706845
488.63235013319996	0.000349306629036975	-0.000511073469880006	0.000329671788589303
488.74210582729995	0.000350563391945223	-0.000510581289936715	0.000330155331068681
488.8518615214	0.000351803666875479	-0.000510050137560469	0.000330639232092617
488.9616172155	0.000353026008906981	-0.000509480668774474	0.000331123725095416
489.0713729096	0.00035422898953041	-0.000508873202947438	0.000331608767923294
489.18112860369996	0.000355411042643198	-0.000508228103292203	0.000332094334489975
489.2908842978	0.000356570765845797	-0.000507545855865929	0.000332580342532124
489.4006399919	0.000357706819630865	-0.000506826833015981	0.000333066454607943
489.510395686	0.000358817686114024	-0.00050607190317954	0.000333552514123034
489.62015138009997	0.000359902079179378	-0.000505281695276073	0.000334039662284133
489.72990707419996	0.000360958648166777	-0.000504456879117218	0.000334527984422417
489.8396627683	0.000361986006201157	-0.000503598163134825	0.000335016357660365
489.9494184624	0.000362982878827684	-0.000502706490041947	0.000335505014105124
490.0591741565	0.000363947901164446	-0.000501782578373377	0.000335994217767453
490.16892985059997	0.000364879951106198	-0.000500827316149301	0.000336483991948297
490.27868554469995	0.000365777775092417	-0.000499841634599291	0.000336974340591918
490.3884412388	0.000366428060712982	-0.000499083029545615	0.000337342501416232
490.4981969329	0.000367465948579934	-0.00049778290009543	0.00033795583860472
490.607952627	0.00036825394139377	-0.000496711929374517	0.00033844807027275
490.71770832109996	0.000369003031969136	-0.000495614572342131	0.000338940785796389
490.82746401519995	0.000369712258082417	-0.000494492026317902	0.000339434136053949
490.9372197093	0.000370380419503101	-0.000493345424711194	0.0003399282757854
491.0469754034	0.000371006488029744	-0.000492175971837604	0.000340423056803287
491.15673109749997	0.000371589677139526	-0.000490984913583731	0.000340918458065329
491.26648679159996	0.000372128924202673	-0.000489773568611492	0.000341414499991765
491.3762424857	0.000372623380569011	-0.000488543181277409	0.000341911202605737
491.4859981798	0.000373072149702732	-0.000487295189002225	0.000342408543667728
491.5957538739	0.00037347442482013	-0.000486030915844836	0.000342906536330191
491.70550956799997	0.000373829413240597	-0.000484751771420709	0.000343405181480691
491.81526526209996	0.000374136430578951	-0.000483459221076259	0.000343904489724489
491.9250209562	0.000374394773434293	-0.000482154653846425	0.000344404485360487
492.0347766503	0.000374603801862221	-0.000480839586726353	0.000344905192560007
492.1445323444	0.000374762942588587	-0.000479515553124616	0.000345406515502949
492.25428803849996	0.000374871641443283	-0.000478184015996231	0.000345908516976373
492.36404373259995	0.000374929490351906	-0.000476846502965042	0.000346411201227387
492.4737994267	0.000374935883840211	-0.000475504754360842	0.000346914884931708
492.5835551208	0.000374890526646665	-0.000474160272573092	0.000347417881676312
492.6933108149	0.000374792995744995	-0.000472814665159735	0.000347923178880255
492.80306650899996	0.000374643059781951	-0.000471469589745687	0.000348428052554608
492.9128222031	0.000374440447432395	-0.000470126617578767	0.000348934200781498
493.0225778972	0.000374184929131936	-0.000468787503168225	0.00034944106004894
493.1323335913	0.000373876232930557	-0.000467454215554908	0.00034994960001717
493.24208928539997	0.000373514597248045	-0.000466127273377033	0.000350458207704787
493.35184497949996	0.000373099623057833	-0.000464809600751761	0.00035096689596821
493.4616006736	0.000372631459809688	-0.000463502530718456	0.000351476675415528
493.5713563677	0.000372109982873542	-0.000462207593856656	0.000351987357185207
493.6811120618	0.000371535421490165	-0.00046092664404039	0.000352498160988473
493.79086775589997	0.000370907808324195	-0.000459661298833534	0.000353010245217954
493.90062344999996	0.000370227455219371	-0.000458413328939978	0.000353523669576605
494.0103791441	0.000369494534199034	-0.000457184454411269	0.000354037232454193
494.1201348382	0.000368709381198021	-0.000455976375673182	0.000354551415252979
494.2298905323	0.000367872406967084	-0.000454790685738144	0.000355066345198823
494.33964622639996	0.000366984033864454	-0.00045362910964895	0.00035558238954104
494.44940192049995	0.000366044595629534	-0.000452493396303372	0.000356098819656242
494.5591576146	0.00036505426492095	-0.000451385364841676	0.000356615996784178
494.6689133087	0.000364013830239154	-0.000450307017489999	0.000357134212993522
494.7786690028	0.000362923615551253	-0.000449260144690615	0.000357652882947865
494.88842469689996	0.000361784484372934	-0.000448246288630144	0.000358172296032938
494.998180391	0.000360597179643955	-0.000447267303357292	0.000358692451142588
495.1079360851	0.000359362520314755	-0.000446324676467209	0.000359213346258213
495.2176917792	0.000358081386345244	-0.000445420399006284	0.000359734979716831
495.32744747329997	0.000356754798559123	-0.000444556184153899	0.000360256765673103
495.43720316739996	0.00035538365164336	-0.000443733372580343	0.000360780592348752
495.5469588615	0.000353969124973606	-0.000442954462998162	0.000361304091550649
495.6567145556	0.000352512330865068	-0.000442220361635495	0.000361828633314753
495.7664702497	0.000351014512652308	-0.000441532778287231	0.00036235390910374
495.87622594379997	0.000349476850951339	-0.000440893501405584	0.000362879898806254
495.98598163789995	0.000347900743017676	-0.000440303934966461	0.000363406609553719
496.095737332	0.00034628754782243	-0.000439765585733089	0.000363934039133118
496.2054930261	0.00034463866779087	-0.000439280065197524	0.000364462184582139
496.3152487202	0.00034295567788446	-0.000438848735520013	0.000364991047843059
496.42500441429996	0.000341240187117705	-0.00043847309118928	0.000365520615480866
496.53476010839995	0.000339493778589723	-0.000438154400748558	0.000366050893751296
496.6445158025	0.000337718444130048	-0.000437894118513431	0.000366581873828261
496.7542714966	0.000335915919449558	-0.000437693919508714	0.000367113548081229
496.86402719069997	0.00033408907084365	-0.00043755419543807	0.000367645879968184
496.97378288479996	0.000332235020964341	-0.000437483445709674	0.000368178958705373
497.0835385789	0.000330366171827196	-0.000437465891477485	0.0003687126876191
497.193294273	0.000328475621171476	-0.00043751735401306	0.00036924709824232
497.3030499671	0.000326567398278414	-0.000437634360689103	0.000369782171313224
497.41280566119997	0.000324643794938887	-0.000437818417201369	0.000370317946166033
497.52256135529996	0.000322707132014292	-0.000438070045301723	0.000370854381688454
497.6323170494	0.000320759453059377	-0.000438389538429616	0.000371391469471744
497.7420727435	0.000318803006069018	-0.000438777711305655	0.000371929319172148
497.8518284376	0.000316839973675371	-0.000439235158299045	0.000372467721511598
497.96158413169996	0.000314872756819147	-0.000439762510297994	0.000373006871577607
498.07133982579995	0.000312903757333973	-0.00044035998402902	0.00037354653079659
498.1810955199	0.000310935085899329	-0.000441028518708163	0.000374086878781649
498.290851214	0.000308969429596152	-0.000441768111992808	0.000374627867767231
498.4006069081	0.00030700881004927	-0.000442578710980734	0.000375169491972329
498.51036260219996	0.000305056008647651	-0.000443460597154055	0.00037571174501033
498.6201182963	0.000303113237065602	-0.000444413549473143	0.000376254208075867
498.7298739904	0.000301183314536222	-0.000445437734971415	0.000376797687661573
498.8396296845	0.000299268312579805	-0.000446532610795523	0.000377341771514974
498.94938537859997	0.000297370836062106	-0.000447698108156591	0.000377885751528147
499.05914107269996	0.00029549327380977	-0.000448933604435039	0.0003784310070093
499.1688967668	0.000293638020047225	-0.00045023880414035	0.000378976836353828
499.2786524609	0.000291807466673256	-0.000451613186231666	0.00037952323066205
499.388408155	0.000290004017491727	-0.000453056044188115	0.000380070179482482
499.49816384909997	0.000288229972458315	-0.000454566568659248	0.00038061767294166
499.60791954319996	0.000286487989560842	-0.000456144127993025	0.000381165701150139
499.7176752373	0.000284781352829438	-0.00045778713208324	0.000381714256084721
499.8274309314	0.000283108479808367	-0.000459498595365251	0.000382262660916748
499.9371866255	0.000281477416547799	-0.000461270461549753	0.000382812566144823
500.04694231959996	0.000279886563019184	-0.000463106378444629	0.000383362628250309
500.15669801369995	0.000278338633070093	-0.00046500412171786	0.000383913167009239
500.2664537078	0.00027683604682797	-0.000466962811739197	0.000384464177985902
500.3762094019	0.000275380667504431	-0.000468980534654079	0.000385015626687844
500.485965096	0.000273974521900707	-0.000471055543013957	0.000385567531540806
500.59572079009996	0.000272619613818371	-0.000473186346047389	0.000386119848708771
500.7054764842	0.000271317801032012	-0.000475371302934688	0.000386672582248783
500.8152321783	0.000270070967105104	-0.000477608641461302	0.000387225717787684
500.9249878724	0.000268880894981867	-0.000479896553600441	0.000387779244526771
501.03474356649997	0.000267749414238138	-0.000482233137957835	0.000388334517085986
501.14449926059996	0.000266678154290081	-0.000484616454262691	0.000388888798871904
501.2542549547	0.000265668705635802	-0.000487044505178582	0.00038944343852573
501.3640106488	0.000264722497653029	-0.000489515100756781	0.000389998427036614
501.4737663429	0.000263839092749366	-0.000492024927117182	0.000390551923274032
501.58352203699997	0.000263025957891471	-0.000494575457335249	0.000391108129944525
501.69327773109995	0.000262278285350652	-0.000497160677308683	0.000391664044712489
501.8030334252	0.00026159915661854	-0.000499779599909237	0.000392220258670551
501.9127891193	0.000260989735872949	-0.000502429790278261	0.00039277676254764
502.0225448134	0.000260451020953748	-0.000505108838072796	0.000393333565165668
502.13230050749996	0.000259983938025464	-0.000507814456399011	0.000393890717413882
502.24205620159995	0.00025958907913777	-0.000510543959117828	0.00039444808424255
502.3518118957	0.000259267433288953	-0.000513294830311402	0.000395005673039352
502.4615675898	0.000259019437053191	-0.00051606465935035	0.00039556351550196
502.57132328389997	0.000258845622503496	-0.000518850820808091	0.000396121594065398
502.68107897799996	0.000258746336267719	-0.000521650858330427	0.000396679770386612
502.7908346721	0.000258721879553299	-0.000524462170281824	0.00039723829126295
502.9005903662	0.000258772432037979	-0.000527282244091321	0.000397797018319719
503.0103460603	0.00025889799555782	-0.000530108550191724	0.000398355951177246
503.12010175439997	0.000259098821593001	-0.000532938550469303	0.000398915082861193
503.22985744849996	0.000259374605528982	-0.000535769909866746	0.000399474401992823
503.3396131426	0.000259725255269682	-0.000538599949219282	0.000400033902937713
503.4493688367	0.000260150430742356	-0.000541426276936184	0.000400592389400352
503.5591245308	0.000260649794294274	-0.000544246433895188	0.000401152781154037
503.66888022489997	0.00026122288873452	-0.00054705805084163	0.000401712739770559
503.77863591899995	0.000261869092982717	-0.000549858843846074	0.000402272844234643
503.8883916131	0.000262587933955054	-0.000552646492170511	0.000402833087595977
503.9981473072	0.000263378768708738	-0.000555418548970037	0.000403393465078587
504.1079030013	0.000264240985748545	-0.000558172698461839	0.000403953961837568
504.21765869539996	0.000265173841837013	-0.0005609065044434	0.00040451457799736
504.3274143895	0.000266176389370195	-0.000563617718495786	0.000405075304170181
504.4371700836	0.000267247610440379	-0.000566304204494238	0.000405636204893911
504.5469257777	0.000268386351898993	-0.000568963883633736	0.000406197137562339
504.65668147179997	0.000269591553370076	-0.000571594701102747	0.0004067581457364
504.76643716589996	0.00027086183935989	-0.000574194488588742	0.000407319229679123
504.87619286	0.000272196103945522	-0.000576761230427306	0.000407880375025555
504.9859485541	0.000273592933667486	-0.000579292835057852	0.000408440770430157
505.0957042482	0.000275050863695214	-0.000581787792717504	0.000409001996241159
505.20545994229997	0.000276568448572101	-0.000584244023183719	0.000409563280383935
505.31521563639996	0.000278144185326635	-0.000586659892196758	0.000410124576006741
505.4249713305	0.000279776525882652	-0.000589033653409178	0.000410685930048499
505.5347270246	0.000281463868361868	-0.000591363676255967	0.00041124723653321
505.6444827187	0.000283204503258342	-0.000593648557484769	0.000411808550389749
505.75423841279996	0.00028499680743064	-0.000595886604979823	0.000412369846522232
505.86399410689995	0.000286839090729249	-0.000598076476237262	0.000412931124481277
505.973749801	0.000288729362792342	-0.000600216747797111	0.000413492387335513
506.0835054951	0.000290665927462223	-0.00060230601630277	0.000414053632143804
506.1932611892	0.000292646856382885	-0.000604343167291444	0.000414615135244901
506.30301688329996	0.000294670147158355	-0.000606326798284476	0.000415176368137153
506.4127725774	0.000296733904881522	-0.000608255553669283	0.000415737556164935
506.5225282715	0.000298836082516575	-0.000610127705210488	0.00041629905956495
506.6322839656	0.000300973490277016	-0.00061194417391792	0.000416860326593122
506.74203965969997	0.000303145335392256	-0.000613702970563015	0.000417421543856573
506.85179535379996	0.000305349565801188	-0.000615403128040944	0.000417982524380288
506.9615510479	0.000307584195988052	-0.000617043545489189	0.0004185444729178
507.071306742	0.000309846840575729	-0.000618623837556083	0.000419105722001961
507.1810624361	0.000312135523587628	-0.000620143751112065	0.000419666992615968
507.29081813019997	0.000314448093441986	-0.000621602609532337	0.000420228289433371
507.40057382429995	0.000316782423013277	-0.000623000427223644	0.000420789619634888
507.5103295184	0.000319136363702647	-0.000624336374315802	0.00042135098860526
507.6200852125	0.000321508076072926	-0.000625610441249913	0.000421911885530565
507.7298409066	0.000323895117490521	-0.000626822431392325	0.000422473308384501
507.83959660069996	0.000326295291388837	-0.000627972467510786	0.000423034782673175
507.94935229479995	0.000328706649168799	-0.000629060292621765	0.00042359631165347
508.0591079889	0.000331127068927271	-0.00063008629410915	0.000424157899130384
508.168863683	0.000333554388533053	-0.000631050560133921	0.000424719331778426
508.2786193771	0.000335986636767793	-0.00063195342841283	0.000425281058059794
508.38837507119996	0.000338421657365954	-0.000632795101929704	0.000425842837648409
508.4981307653	0.00034085758493481	-0.000633576054262855	0.000426404728846614
508.6078864594	0.00034329216176049	-0.00063429638305927	0.000426966703882871
508.7176421535	0.0003457230631462	-0.000634956494882062	0.000427528768161314
508.82739784759997	0.000348142340903283	-0.000635561888997729	0.000428090934861179
508.93715354169996	0.000350568663820437	-0.000636094066417785	0.000428653215873964
509.0469092358	0.000352975053219462	-0.000636581131702826	0.00042921561263785
509.1566649299	0.000355372776655314	-0.000637006759435665	0.000429778121823007
509.266420624	0.000357757986013313	-0.000637375581664324	0.000430340779662409
509.37617631809997	0.000360128861885384	-0.000637688013366244	0.000430903549943482
509.48593201219995	0.000362483689703106	-0.000637945625233085	0.000431466458584976
509.5956877063	0.000364821098944711	-0.000638149685096382	0.000432029111772833
509.7054434004	0.000367139324365592	-0.000638301133332342	0.000432592282564437
509.8151990945	0.000369436840062817	-0.000638401076215982	0.0004331556039179
509.92495478859996	0.000371712264869164	-0.000638450713952673	0.000433719081632384
510.03471048269995	0.000373964277433714	-0.00063845123019636	0.000434282720887288
510.1444661768	0.000376191569318479	-0.000638403951645321	0.000434846523930363
510.2542218709	0.000378392954617744	-0.000638310211068906	0.000435410496259047
510.36397756499997	0.000380567208360207	-0.00063817133870673	0.000435974639164231
510.47373325909996	0.000382713471873743	-0.000637988553848307	0.000436538956746312
510.5834889532	0.000384830400297641	-0.000637763384747414	0.000437103454912035
510.6932446473	0.000386917223009005	-0.000637497034129824	0.000437668628274189
510.8030003414	0.000388973034824016	-0.000637190929928548	0.000438233500022279
510.91275603549997	0.000390996955168213	-0.000636846428125494	0.000438798565340384
511.02251172959996	0.00039298824241174	-0.000636464857096699	0.000439363874112175
511.1322674237	0.000394946100156165	-0.000636047715682097	0.000439929236907184
511.2420231178	0.000396869790308999	-0.000635596263447571	0.000440494902132604
511.3517788119	0.00039875883814897	-0.00063511190917268	0.000441060753594549
511.46153450599996	0.000400612402063973	-0.000634596081870006	0.000441626803697803
511.57129020009995	0.000402430079351728	-0.000634050142673248	0.000442192744271209
511.6810458942	0.000404211305408736	-0.000633475470749009	0.000442759172789667
511.7908015883	0.000405955597999845	-0.000632873425669762	0.00044332578493287
511.9005572824	0.000407662503998982	-0.000632245388352977	0.000443892567502992
512.0103129765	0.000409331594094203	-0.000631592021074678	0.000444458769024471
512.1200686706	0.000410962555172069	-0.000630916786390125	0.000445026110304312
512.2298243647	0.000412555011210352	-0.000630219011299447	0.000445593397766501
512.3395800587999	0.000414108673571738	-0.000629500659966056	0.000446160353010374
512.4493357529	0.000415623259014645	-0.000628763199623908	0.000446727927610901
512.559091447	0.000417098497442925	-0.000628007982590338	0.000447295709833624
512.6688471411	0.000418534375457037	-0.000627236336069266	0.000447863541452836
512.7786028352	0.000419930418400029	-0.000626449858724226	0.000448431481674139
512.8883585292999	0.000421286589041484	-0.000625649684723992	0.000448999350925207
512.9981142234	0.000422602952031504	-0.000624837406305475	0.000449568088540429
513.1078699175	0.000423879265373001	-0.000624014323158219	0.000450136288552737
513.2176256115999	0.000425115791608244	-0.000623181814034132	0.000450704565055843
513.3273813057	0.000426312674151989	-0.000622341744871345	0.000451272232932724
513.4371369998	0.000427469173386226	-0.000621494690351256	0.000451840934556014
513.5468926939	0.000428586299080613	-0.000620642863025415	0.000452409406741522
513.656648388	0.000429664095311089	-0.000619787367672061	0.000452978098617846
513.7664040820999	0.000430702749582664	-0.00061892978201745	0.000453547169484423
513.8761597762	0.000431702326914267	-0.000618071601226292	0.000454115630842817
513.9859154703	0.000432663566022574	-0.000617213931281126	0.000454684292326911
514.0956711644	0.00043358681699355	-0.000616358267813341	0.000455253016036706
514.2054268585	0.000434472482484568	-0.000615505984910821	0.000455821772628099
514.3151825525999	0.000435320972288015	-0.000614658545998178	0.000456391423539952
514.4249382467	0.0004361332011929	-0.000613816789966477	0.00045696016350276
514.5346939408	0.000436909351731051	-0.000612982490869334	0.00045752913391802
514.6444496349	0.000437650225951477	-0.000612156774269466	0.000458097556581975
514.754205329	0.000438356435272161	-0.000611340960476739	0.000458666504693655
514.8639610230999	0.00043902873803524	-0.00061053629910417	0.00045923549077927
514.9737167172	0.000439667923416243	-0.000609744067433449	0.000459804516463659
515.0834724113	0.000440274913572966	-0.000608965483067822	0.000460373584709143
515.1932281054	0.000440850522165281	-0.000608201783756366	0.000460942695545151
515.3029837995	0.000441395801303534	-0.000607454037170754	0.000461512134768418
515.4127394935999	0.000441911779224027	-0.000606723355057457	0.00046208135236203
515.5224951877	0.000442399513133934	-0.0006060107779591	0.000462650639166446
515.6322508818	0.000442860105908879	-0.000605317281011293	0.000463219983826623
515.7420065759	0.000443294614436906	-0.000604643786658155	0.000463789404631606
515.85176227	0.000443704344467546	-0.000603991198821316	0.000464358901269868
515.9615179640999	0.000444090398439011	-0.000603360322201319	0.000464928522726967
516.0712736582	0.000444453914495143	-0.000602751999989085	0.000465498174141118
516.1810293523	0.000444796241170987	-0.000602166975866408	0.000466067829610349
516.2907850464	0.000445118573736676	-0.000601605960856333	0.000466637662922349
516.4005407405	0.00044542219171946	-0.000601069627000902	0.00046720759058566
516.5102964345999	0.000445708399191374	-0.000600558589639877	0.000467777614355121
516.6200521287	0.000445978538839567	-0.000600073436719124	0.000468347740416162
516.7298078228	0.000446234022006154	-0.000599614584529382	0.000468917964682186
516.8395635169	0.000446476206375181	-0.000599182664355587	0.00046948829807379
516.949319211	0.000446706555816267	-0.000598777976660446	0.000470058736025762
517.0590749051	0.000446926466033539	-0.000598401009184448	0.000470629301375233
517.1688305992	0.000447137409428542	-0.000598051937720078	0.000471199961121025
517.2785862933	0.000447340849610216	-0.000597731110856596	0.000471770812517139
517.3883419873999	0.000447538325467265	-0.000597438541275321	0.000472341697159344
517.4980976815	0.000447731370798962	-0.000597174523019046	0.000472912691787866
517.6078533756	0.000447921386996911	-0.000596938995401261	0.000473484218881036
517.7176090697	0.000448109268014813	-0.000596733232447918	0.000474054791763235
517.8273647638	0.000448298668204212	-0.000596553435528594	0.000474625923987322
517.9371204578999	0.000448488919834655	-0.000596403140724506	0.000475197362378341
518.046876152	0.000448682218809841	-0.000596280911168278	0.000475768752899088
518.1566318461	0.000448879992912502	-0.0005961864963456	0.000476340459978054
518.2663875402	0.000449083735871962	-0.000596119607339306	0.000476912399958197
518.3761432343	0.000449294889829895	-0.000596079920264686	0.000477484250367341
518.4858989283999	0.000449517098069994	-0.000596067845014824	0.000478055984049547
518.5956546225	0.000449745242541978	-0.000596080602604692	0.000478627810224992
518.7054103166	0.000449987367363626	-0.000596120066406973	0.000479199961178918
518.8151660107	0.000450242741555189	-0.000596184911014292	0.000479772252689713
518.9249217048	0.000450512831737725	-0.000596274535778099	0.000480344611304463
519.0346773988999	0.000450799098015747	-0.000596388268162758	0.000480917079197795
519.144433093	0.000451102986618982	-0.000596525362218367	0.00048148966087432
519.2541887871	0.000451425922044419	-0.000596684983867915	0.000482062815716479
519.3639444812	0.000451769693825419	-0.000596866049086669	0.000482635810584176
519.4737001753	0.00045213478492415	-0.000597068145546248	0.000483209273350662
519.5834558693999	0.000452523384182823	-0.000597289601759249	0.000483782322174426
519.6932115635	0.000452936533082934	-0.000597529471663257	0.000484355487263027
519.8029672576	0.0004533755357441	-0.000597786565924351	0.00048492876997659
519.9127229517	0.000453841403209483	-0.000598059542505513	0.00048550186059757
520.0224786458	0.000454335294405754	-0.00059834711839266	0.000486075352581618
520.1322343398999	0.000454858477804053	-0.00059864788979895	0.00048664830020999
520.241990034	0.000455411831995547	-0.000598960563007212	0.000487221999842019
520.3517457281	0.000455996304320458	-0.000599283692644077	0.000487795795449418
520.4615014222	0.000456612899329495	-0.000599615550290474	0.000488369692284464
520.5712571163	0.000457262372112533	-0.000599954630067878	0.000488944031578715
520.6810128104	0.000457945644142408	-0.000600299237866087	0.000489518016685452
520.7907685045	0.000458663314095596	-0.000600647978015111	0.000490092211696757
520.9005241986	0.000459415956696311	-0.000600999044208566	0.000490666503012041
521.0102798926999	0.000460204245594548	-0.0006013507847515	0.000491240892438672
521.1200355868	0.000461028672054175	-0.000601701497650446	0.000491815913507149
521.2297912809	0.000461889852708861	-0.000602049444485959	0.000492390480648778
521.339546975	0.000462788240018966	-0.000602392876848801	0.000492965113937889
521.4493026691	0.000463724073039184	-0.000602729961404501	0.000493539841204519
521.5590583631999	0.000464697839702543	-0.000603058807330853	0.000494114622893716
521.6688140573	0.000465709777165007	-0.000603377481464152	0.000494689441132055
521.7785697514	0.000466760043499002	-0.000603683990413916	0.000495264340399582
521.8883254455	0.000467848703907892	-0.000603976335699394	0.000495839295470082
521.9980811396	0.000468975738895201	-0.000604252524439792	0.000496414306559276
522.1078368336999	0.000470141064386975	-0.000604510565247411	0.000496989364682702
522.2175925278	0.00047134450004055	-0.000604748432509571	0.000497564466410627
522.3273482219	0.000472585825636225	-0.000604964091418409	0.00049813975018645
522.437103916	0.000473864657057351	-0.00060515544340979	0.000498714939758163
522.5468596101	0.000475180657135999	-0.000605320508695787	0.00049929016484772
522.6566153041999	0.000476533257104355	-0.000605457041566432	0.000499865418274052
522.7663709983	0.000477921782786438	-0.000605563000389098	0.000500440707239493
522.8761266924	0.000479345517643397	-0.000605636307075289	0.00050101601903283
522.9858823865	0.000480803612507195	-0.000605674879041107	0.000501591355707864
523.0956380806	0.000482295179232604	-0.00060567668279135	0.000502166714114585
523.2053937746999	0.00048381919643556	-0.000605639697127422	0.000502742088696023
523.3151494688	0.000485374325896241	-0.000605561870405158	0.000503317473240225
523.4249051629	0.000486959503510037	-0.00060544127191433	0.000503892856890007
523.534660857	0.000488573578477022	-0.000605275901134725	0.000504468244686261
523.6444165511	0.000490214827276821	-0.000605063947461293	0.000505043607651762
523.7541722451999	0.000491881876365106	-0.000604803445410488	0.000505619032847525
523.8639279393	0.000493573044503803	-0.000604492629795544	0.000506193608601163
523.9736836334	0.000495286581434284	-0.00060412984985129	0.00050676929822932
524.0834393275	0.000497020751145796	-0.000603713353810859	0.000507344543358521
524.1931950216	0.000498773665254632	-0.000603241571857558	0.000507919754330028
524.3029507156999	0.000500543324324753	-0.000602712935251092	0.000508494909267412
524.4127064098	0.000502327764827542	-0.000602126019778808	0.00050907002636109
524.5224621039	0.00050412485992442	-0.000601479437752691	0.000509645083053426
524.6322177979999	0.000505932424081521	-0.000600771914913611	0.000510220116287652
524.7419734921	0.000507748300103916	-0.000600002221225351	0.0005107951233125
524.8517291862	0.000509570093053641	-0.000599169129283755	0.000511370108368514
524.9614848803	0.000511395439063036	-0.000598271547163212	0.000511945070374112
525.0712405744	0.000513221896068292	-0.000597308719052968	0.000512520003971022
525.1809962684999	0.000515046861488308	-0.000596279488631252	0.000513094904275293
525.2907519626	0.000516867935673358	-0.000595183019497308	0.000513669747021358
525.4005076567	0.000518682371794032	-0.000594018936682695	0.000514244530963167
525.5102633508	0.000520487406313308	-0.000592786201008571	0.000514819201728666
525.6200190449	0.000522280381553198	-0.000591484606383789	0.000515393817978739
525.7297747389999	0.000524058876433258	-0.00059011371338384	0.000515968437972355
525.8395304331	0.000525819211401152	-0.000588673207819106	0.000516542770351642
525.9492861272	0.000527559306769615	-0.000587163037426835	0.000517116936195595
526.0590418213	0.000529275962952435	-0.000585583166798157	0.000517690913500747
526.1687975154	0.000530966317329884	-0.000583933889849581	0.000518264687513487
526.2785532094999	0.000532627454961594	-0.000582215420858946	0.000518838247278622
526.3883089036	0.000534256522261904	-0.000580428219050507	0.000519411582952785
526.4980645977	0.000535850744874668	-0.000578572891324098	0.000519984692074805
526.6078202918	0.000537407404642748	-0.000576650138831552	0.000520557579451022
526.7175759859	0.000538923728304817	-0.000574660558271402	0.000521130341757806
526.8273316799999	0.000540396729589669	-0.000572604978659407	0.000521702812565824
526.9370873741	0.000541823452043048	-0.000570484332604084	0.000522275083211484
527.0468430682	0.000543201270503434	-0.000568299393577168	0.000522847171820042
527.1565987623	0.000544527247094047	-0.000566051423661295	0.000523419101243589
527.2663544564	0.000545798851495093	-0.000563741461755143	0.000523991740972899
527.3761101504999	0.000547013008968836	-0.000561372310167379	0.000524563677828119
527.4858658446	0.00054816736375322	-0.000558944114047347	0.000525135218457098
527.5956215387	0.000549259342724882	-0.000556459122249404	0.000525705825351848
527.7053772328	0.000550286220016265	-0.000553919164624476	0.000526277222313069
527.8151329269	0.000551245517873617	-0.000551326132696151	0.000526848571110616
527.9248886209999	0.000552135151099877	-0.000548681956555372	0.000527419883773567
528.0346443151	0.000552952637916627	-0.000545988817297265	0.000527991172852046
528.1444000092	0.000553695862646109	-0.000543248871611671	0.000528562448717064
528.2541557033	0.000554362706756746	-0.000540464356851762	0.000529133471613389
528.3639113974	0.000554951045614585	-0.000537637512473822	0.000529704748757636
528.4736670915	0.000555458944202765	-0.000534771077325469	0.000530276039267914
528.5834227856	0.00055588432222219	-0.000531867280481992	0.000530847565868
528.6931784797	0.000556225404516678	-0.000528928885801559	0.000531418899767934
528.8029341737999	0.000556480415402635	-0.000525958637225048	0.000531990252615012
528.9126898679	0.000556647650866046	-0.0005229593426994	0.000532561816861196
529.022445562	0.000556725626958788	-0.000519933948761099	0.000533133206017689
529.1322012561	0.000556712966931271	-0.000516885418841844	0.000533704619599219
529.2419569502	0.000556608394379385	-0.00051381682034692	0.000534276018650741
529.3517126442999	0.000556410795040763	-0.000510731023253623	0.000534848501286136
529.4614683384	0.00055611911382219	-0.000507631270092188	0.000535419920159078
529.5712240325	0.000555732338091741	-0.000504520665802091	0.000535991338529327
529.6809797266	0.000555249778280479	-0.000501402593641991	0.000536562752320492
529.7907354207	0.000554670710012468	-0.000498279938603041	0.000537134170951537
529.9004911147999	0.000553994452949202	-0.000495156145086952	0.000537705592300391
530.0102468089	0.000553220702715344	-0.000492034577537913	0.000538277074257672
530.120002503	0.000552349011966706	-0.000488918445636765	0.000538848510028642
530.2297581971	0.000551379169822353	-0.000485811176116945	0.000539420086519518
530.3395138912	0.000550311179378274	-0.00048271595506461	0.000539991552780954
530.4492695852999	0.000549145087626174	-0.000479636244432875	0.000540562658153739
530.5590252794	0.000547881026639466	-0.000476575362899103	0.000541134272657753
530.6687809735	0.000546519514920554	-0.000473536897772377	0.000541705955054819
530.7785366676	0.000545060666893249	-0.000470523721759214	0.000542277338147036
530.8882923617	0.00054350525233347	-0.000467539740834333	0.000542849179048651
530.9980480557999	0.000541853989236753	-0.000464587954074175	0.000543421106863551
531.1078037499	0.000540107741928759	-0.000461671773925286	0.000543993123889658
531.217559444	0.000538267322021568	-0.000458794353477788	0.000544565229535433
531.3273151381	0.000536333952546327	-0.000455959004680107	0.000545137425850399
531.4370708322	0.000534308826366001	-0.000453168883839103	0.000545709711934515
531.5468265262999	0.000532193283193492	-0.000450427092306885	0.000546282080084788
531.6565822204	0.000529988840880267	-0.000447736782372406	0.000546854550886362
531.7663379145	0.000527697157972503	-0.000445101045269689	0.000547427786280445
531.8760936086	0.000525319658656842	-0.000442522625720488	0.000548000432823472
531.9858493027	0.000522858314349869	-0.000440004770671588	0.000548573175962954
532.0956049967999	0.00052031518337773	-0.000437550063289157	0.000549146011488822
532.2053606909	0.000517692097685582	-0.00043516135339151	0.000549719519680029
532.315116385	0.000514991596406054	-0.000432841349092625	0.000550292557802181
532.4248720790999	0.000512215504889443	-0.000430592589006378	0.000550865700778617
532.5346277732	0.000509366290804173	-0.000428417540733454	0.000551438955641699
532.6443834673	0.000506446567565345	-0.000426318678145489	0.000552012326563254
532.7541391614	0.000503459022743945	-0.000424298189640105	0.000552585811648886
532.8638948555	0.000500406131666922	-0.000422358019981741	0.000553159431668757
532.9736505495999	0.000497290531764799	-0.000420500235500805	0.000553733174220713
533.0834062437	0.000494114897528563	-0.000418726891097365	0.000554307048486083
533.1931619378	0.000490881664375813	-0.000417039973160697	0.000554881060536868
533.3029176319	0.000487593979878278	-0.000415441184365675	0.000555455274891689
533.412673326	0.000484254696757929	-0.000413932405979711	0.000556029567818816
533.5224290200999	0.000480866602044134	-0.000412514915279445	0.000556604021903904
533.6321847142	0.000477433185427692	-0.000411190094977877	0.000557178660257276
533.7419404083	0.000473957225162295	-0.000409959067954004	0.000557753472574299
533.8516961024	0.000470441950462317	-0.000408823111686548	0.000558328479656912
533.9614517965	0.000466890250630098	-0.000407783158679626	0.000558903697844221
534.0712074905999	0.000463305343684364	-0.000406840112402916	0.000559479133712176
534.1809631847	0.000459690289545507	-0.000405994756386399	0.000560054802278331
534.2907188788	0.000456048174016931	-0.000405247567863682	0.000560630715582939
534.4004745729	0.00045238214975367	-0.000404599163345118	0.000561206885837079
534.510230267	0.00044869539921588	-0.000404050042104959	0.000561783321079693
534.6199859610999	0.000444990620280546	-0.000403600332344082	0.000562359178609811
534.7297416552	0.000441271098721725	-0.000403250291821868	0.000562936187727867
534.8394973493	0.00043753986185552	-0.000403000118850505	0.000563513492558477
534.9492530434	0.000433799882514572	-0.000402849794232783	0.000564091098415208
535.0590087375	0.000430054263502511	-0.000402799229724936	0.000564669015368703
535.1687644315999	0.000426305788151614	-0.000402848223827845	0.000565247235077683
535.2785201257	0.000422557508899689	-0.000402996514701462	0.000565825775017744
535.3882758198	0.000418812313409037	-0.000403243850891136	0.000566404628869435
535.4980315139	0.000415073163716634	-0.000403589661127723	0.00056698380377436
535.607787208	0.000411342755010353	-0.000404033389376674	0.000567563299615307
535.7175429020999	0.000407623795204967	-0.000404574429762483	0.000568143117743482
535.8272985962	0.000403919224510686	-0.000405212172656623	0.000568723258865657
535.9370542903	0.000400231784169037	-0.000405946095596472	0.000569303739768967
536.0468099843999	0.00039656438540186	-0.000406775436567265	0.000569884549575161
536.1565656785	0.000392919886382657	-0.000407699216112782	0.000570465809633899
536.2663213726	0.000389300744783159	-0.000408716398630337	0.000571047293184206
536.3760770667	0.000385709586853115	-0.000409825873691129	0.000571629185519466
536.4858327608	0.000382148939595656	-0.000411026397859861	0.000572210919791502
536.5955884548999	0.000378621523219737	-0.000412316760760195	0.000572793558663312
536.705344149	0.000375129267324325	-0.000413695470710779	0.000573376593040422
536.8150998431	0.000371675157606555	-0.00041516130460048	0.000573960013001376
536.9248555372	0.00036826127675391	-0.00041671262268998	0.000574543860273482
537.0346112313	0.000364889890874886	-0.000418347997836418	0.000575128099503231
537.1443669253999	0.000361563189299081	-0.000420065759181996	0.000575712766387832
537.2541226195	0.000358283156577166	-0.000421864330851958	0.000576298967099333
537.3638783136	0.00035505200270632	-0.000423742046671943	0.000576883872618858
537.4736340077	0.000351871614300487	-0.000425697150690283	0.000577469764343808
537.5833897018	0.000348743882045213	-0.000427727928441734	0.000578056066466509
537.6931453958999	0.000345670688838132	-0.000429832361904221	0.000578642779721602
537.80290109	0.000342653785424105	-0.000432008787807796	0.00057922990362885
537.9126567841	0.000339694766827832	-0.000434255365695969	0.000579817456083769
538.0224124782	0.000336795440719799	-0.000436569820509933	0.000580405412450575
538.1321681723	0.000333957497170266	-0.000438950873368544	0.000580993770650615
538.2419238663999	0.000331181449117603	-0.000441397030965241	0.00058158255072494
538.3516795605	0.000328473942149239	-0.00044390489987101	0.00058217175786159
538.4614352546	0.000325827536099336	-0.0004464759247226	0.000582761397341419
538.5711909487	0.000323251718615762	-0.000449102397837773	0.000583351471453116
538.6809466428	0.000320743326545014	-0.000451786786243186	0.000583942061186118
538.7907023368999	0.000318304529184616	-0.000454526345413817	0.000584532157372249
538.900458031	0.000315936331079373	-0.000457318722219307	0.000585123382198035
539.0102137251	0.000313640154119261	-0.000460161086347668	0.000585715350818257
539.1199694192	0.000311416595526516	-0.000463051711070809	0.000586307391352158
539.2297251133	0.000309266863819563	-0.000465988485184253	0.000586900166884995
539.3394808073999	0.000307191755365239	-0.000468969112914287	0.000587493398057782
539.4492365015	0.000305192145486089	-0.000471991660476084	0.000588087464942737
539.5589921956	0.000303268718952923	-0.000475053696070054	0.000588681590390904
539.6687478897	0.0003014222899209	-0.000478153146683406	0.000589276207473152
539.7785035838	0.000299653392153258	-0.000481287756926209	0.000589872083516893
539.8882592779	0.000297962781043912	-0.000484455289682982	0.000590467495693925
539.998014972	0.000296351005673613	-0.000487653418671832	0.000591063366233486
540.1077706661	0.000294818253464493	-0.000490879905489108	0.000591659231368128
540.2175263601999	0.000293365301339539	-0.000494132566785799	0.000592255962608158
540.3272820543	0.00029199228212634	-0.000497409073096637	0.000592853113716432
540.4370377484	0.000290699407740686	-0.000500707492824231	0.000593450726618207
540.5467934425	0.000289487120222609	-0.000504024970433642	0.000594048707554257
540.6565491366	0.000288355334582058	-0.000507359714703387	0.000594647101381957
540.7663048306999	0.000287304877230924	-0.000510709346741302	0.000595245908250723
540.8760605248	0.000286333307841741	-0.000514074254909532	0.000595845126178233
540.9858162189	0.000285445537763084	-0.000517446418897053	0.000596444753375369
541.095571913	0.000284637274102403	-0.00052082821239971	0.000597044790146684
541.2053276071	0.000283909294052934	-0.000524216654817402	0.000597645226938724
541.3150833011999	0.000283261384900574	-0.000527609787747988	0.000598246079951314
541.4248389953	0.000282693350551533	-0.000531005099140601	0.000598848127439044
541.5345946894	0.000282205051341966	-0.000534400302853112	0.000599449803776996
541.6443503835	0.00028179568848948	-0.000537793338403377	0.000600052360534479
541.7541060776	0.000281465196971544	-0.000541181741852791	0.000600654858102002
541.8638617716999	0.000281212936965573	-0.000544563742252735	0.000601257731698317
541.9736174658	0.000281038403098051	-0.000547937028683298	0.000601861016104913
542.0833731599	0.000280941015490223	-0.000551299580000465	0.000602464695268549
542.193128854	0.00028092014220676	-0.00055464925071792	0.000603068765320537
542.3028845481	0.000280975060546182	-0.000557983895062979	0.000603673226801767
542.4126402421999	0.000281104923204705	-0.000561301709976127	0.000604278353954597
542.5223959363	0.000281308831832758	-0.000564600590936678	0.000604883605342581
542.6321516304	0.000281586011364256	-0.000567878760125477	0.000605489254554967
542.7419073245	0.000281935817295739	-0.00057113390148299	0.000606095370947737
542.8516630186	0.000282357240887424	-0.000574363928772913	0.000606701833553022
542.9614187126999	0.000282849360232852	-0.000577567034554929	0.000607309255519149
543.0711744068	0.00028341101728902	-0.00058074095208209	0.000607916552286234
543.1809301009	0.00028403976290077	-0.000583883441710838	0.000608524090210825
543.290685795	0.000284738076528657	-0.000586993977665605	0.000609132275943301
543.4004414891	0.000285500828274615	-0.000590069428416343	0.00060974093320516
543.5101971831999	0.0002863279673155	-0.000593108196547408	0.000610350025886669
543.6199528773	0.000287217855647432	-0.000596108527864648	0.000610959581257773
543.7297085714	0.000288169188938861	-0.000599068795846001	0.000611569646866394
543.8394642654999	0.000289180353009291	-0.000601987239387268	0.000612180168982069
543.9492199596	0.000290249608509503	-0.000604862204914607	0.000612790953671157
544.0589756537	0.0002913753859348	-0.000607692062080009	0.000613402434987732
544.1687313478	0.000292555892151412	-0.000610475500436328	0.000614014388395108
544.2784870419	0.000293789214459699	-0.00061321061163161	0.000614627374908736
544.3882427359999	0.000295072660266696	-0.000615896122106738	0.000615240452621166
544.4979984301	0.000296406163767515	-0.000618528817036426	0.000615853850000145
544.6077541242	0.000297784905802155	-0.000621111070519355	0.00061646777636833
544.7175098183	0.000299208773670074	-0.000623639171085872	0.000617082217436114
544.8272655124	0.000300675395193171	-0.000626112007944602	0.000617697436313089
544.9370212064999	0.00030218224966079	-0.000628528699490828	0.000618312905763482
545.0467769006	0.000303727392616126	-0.000630888722570298	0.000618928902537268
545.1565325947	0.000305308325810644	-0.000633191234740382	0.000619545438327773
545.2662882888	0.000306922900593834	-0.000635435480450235	0.000620162496658335
545.3760439829	0.000308568806642432	-0.000637620982284628	0.000620780120750712
545.4857996769999	0.000310243624946325	-0.000639747161338478	0.000621398305107031
545.5955553711	0.000311945076483494	-0.00064181359744443	0.00062201755007194
545.7053110652	0.000313670768357026	-0.000643820001053565	0.00062263765738063
545.8150667593	0.000315418310245865	-0.000645766257724489	0.000623257559839548
545.9248224534	0.000317185260139845	-0.00064765243080898	0.000623878045397928
546.0345781474999	0.000318969361623572	-0.000649478039395653	0.000624499119021855
546.1443338416	0.000320768223390826	-0.000651243592154017	0.000625120790577066
546.2540895357	0.000322579255631135	-0.000652949179650532	0.000625743049848176
546.3638452298	0.000324400300729754	-0.000654595234515255	0.000626365933919897
546.4736009239	0.000326229115393301	-0.000656182359267691	0.000626989428955741
546.5833566179999	0.000328063425504145	-0.000657711164341124	0.00062761354940864
546.6931123121	0.000329901063339288	-0.000659182143754135	0.000628238300259079
546.8028680062	0.00033173989261969	-0.000660596125054517	0.000628863728234414
546.9126237003	0.000333577877673383	-0.000661953953001721	0.000629489750932412
547.0223793944	0.000335413137568493	-0.000663256725143261	0.000630115977301566
547.1321350884999	0.000337243618057485	-0.000664505325158939	0.00063074328357856
547.2418907826	0.000339067550129583	-0.000665700943190981	0.000631371322555803
547.3516464767	0.000340883304041082	-0.000666844653101283	0.000632000722374234
547.4614021707999	0.000342688712147919	-0.000667937471142315	0.000632629987714954
547.5711578649	0.000344482069043036	-0.000668980550537455	0.000633260262766115
547.680913559	0.000346255671028891	-0.000669979779146136	0.000633890781607896
547.7906692531	0.000348028643057716	-0.000670917661161123	0.000634521949443771
547.9004249472	0.000349774442458214	-0.000671822730241063	0.000635153741879481
548.0101806412999	0.000351504877073453	-0.000672679407351002	0.000635785908496309
548.1199363354	0.000353216555827255	-0.000673492874710156	0.000636418895117214
548.2296920295	0.000354908262722703	-0.000674264106485513	0.000637052611776082
548.3394477236	0.000356578863631297	-0.000674995158944067	0.000637686146841932
548.4492034177	0.00035822742076662	-0.000675687758670408	0.000638321122101214
548.5589591117999	0.000359853043199879	-0.000676343391650816	0.000638956720892241
548.6687148059	0.000361454602948458	-0.000676963471098559	0.000639592942973077
548.7784705	0.000363031408617307	-0.000677549547308751	0.000640229784297721
548.8882261941	0.000364582704040073	-0.00067810316123353	0.00064086724037271
548.9979818882	0.000366107777833813	-0.000678626062998732	0.000641505364761985
549.1077375822999	0.000367606082107034	-0.000679119564577438	0.00064214403690171
549.2174932764	0.00036907698188352	-0.000679585489777497	0.000642783342390337
549.3272489705	0.000370520029711264	-0.000680025332988084	0.000643423254228262
549.4370046646	0.000371934663748094	-0.000680440840990194	0.000644063785038547
549.5467603587	0.000373320616431117	-0.000680833575918179	0.000644704934549952
549.6565160527999	0.000374677300981165	-0.000681204991332377	0.000645347626412742
549.7662717469	0.000376005057283669	-0.000681557291273605	0.000645989689981652
549.876027441	0.000377303136069969	-0.000681891576746899	0.000646632744332551
549.9857831351	0.000378571536045166	-0.000682209790950039	0.000647276442937686
550.0955388292	0.000379810225593638	-0.000682513619952772	0.000647920785684686
550.2052945232999	0.00038101930520881	-0.000682804784372415	0.00064856577168129
550.3150502174	0.000382198956867252	-0.000683084947751809	0.000649211405753116
550.4248059115	0.000383349426036983	-0.000683355831670743	0.000649856745769034
550.5345616056	0.000384471029643819	-0.00068361905032276	0.000650504141543533
550.6443172997	0.000385564211833076	-0.000683876247680541	0.000651151723287461
550.7540729937999	0.000386629456420179	-0.000684128999459329	0.000651799956122519
550.8638286879	0.000387667343297007	-0.000684378824672338	0.000652448856416602
550.973584382	0.000388678502028692	-0.000684627237459109	0.000653098423181884
551.0833400761	0.000389663626290586	-0.000684875701465999	0.000653748656671173
551.1930957702	0.000390623522502751	-0.000685125604944016	0.000654399556747
551.3028514642999	0.000391559035803929	-0.000685378333280963	0.00065505112383404
551.4126071584	0.00039247102144338	-0.000685635163329205	0.000655703358781212
551.5223628525	0.000393360486190935	-0.000685897346508585	0.000656356265173399
551.6321185465999	0.000394228440215481	-0.000686166058673334	0.000657009833959032
551.7418742407	0.000395075924200319	-0.000686442415221842	0.000657664081729091
551.8516299348	0.000395904123580323	-0.000686727456671872	0.000658319007378553
551.9613856289	0.000396714137779772	-0.000687022178361637	0.000658974592669157
552.071141323	0.000397507139288708	-0.00068732751728389	0.000659630885321601
552.1808970170999	0.000398284357206821	-0.000687644347284475	0.000660286975822083
552.2906527112	0.000399047050901083	-0.000687973467725034	0.000660944613187762
552.4004084053	0.000399796510458767	-0.000688315616503015	0.00066160293470222
552.5101640994	0.000400534106466153	-0.000688671436214919	0.000662261944277324
552.6199197935	0.000401261045502928	-0.00068904164772142	0.000662921646607644
552.7296754875999	0.0004019788250075	-0.000689426708207377	0.000663582049514596
552.8394311817	0.000402688722477602	-0.000689827115079372	0.000664243158547791
552.9491868758	0.000403392282324048	-0.00069024321674859	0.000664904981377217
553.0589425699	0.000404090689742166	-0.000690675381767261	0.000665567586829352
553.168698264	0.000404785355334753	-0.000691123770179131	0.00066623083951844
553.2784539580999	0.000405477820229059	-0.000691588641281603	0.000666894833432556
553.3882096522	0.000406169444885788	-0.000692070064958824	0.000667559561282353
553.4979653463	0.000406861647806109	-0.000692568104140687	0.000668225029012332
553.6077210404	0.000407555873367331	-0.000693082767068872	0.000668891243481246
553.7174767345	0.000408253503577826	-0.000693614019300878	0.000669558211959607
553.8272324285999	0.000408955969673744	-0.000694161737175212	0.000670225938610953
553.9369881227	0.000409664406428994	-0.000694726053976073	0.000670895204451201
554.0467438168	0.00041038099683216	-0.000695305808198684	0.000671564243631504
554.1564995109	0.000411106365062467	-0.0006959016220674	0.000672234262291396
554.266255205	0.000411842196111471	-0.000696512815722652	0.000672905050215599
554.3760108990999	0.000412589910482432	-0.000697138939761945	0.000673577279357041
554.4857665932	0.000413350914999146	-0.00069777946167117	0.000674249600257824
554.5955222873	0.000414126593896731	-0.000698433757419521	0.000674922694080836
554.7052779814	0.000414918280525782	-0.000699101172933561	0.000675596547545332
554.8150336755	0.000415727295854161	-0.000699780895748122	0.000676271167484082
554.9247893695999	0.000416554922263271	-0.000700472095279617	0.000676946549426942
555.0345450637	0.00041740235504711	-0.000701173897480931	0.000677622685371794
555.1443007578	0.000418270776337367	-0.000701885319566467	0.000678299556189063
555.2540564518999	0.000419161333832656	-0.000702605473952434	0.000678976865803376
555.363812146	0.000420075047178993	-0.000703333121327181	0.000679654371778961
555.4735678401	0.000421013015507453	-0.000704067353107555	0.000680334007880878
555.5833235342	0.000421976306328938	-0.00070480696009444	0.000681013953041341
555.6930792283	0.000422965721717505	-0.000705550771217316	0.000681694733022595
555.8028349223999	0.000423982248466852	-0.000706297551352455	0.000682376195474965
555.9125906165	0.000425026899504251	-0.000707045972861086	0.000683058419265459
556.0223463106	0.000426100291577367	-0.000707794780941594	0.000683741409310002
556.1321020047	0.000427203282535254	-0.000708542572988113	0.000684425165863095
556.2418576988	0.000428336571168481	-0.000709287946815086	0.000685109690926006
556.3516133928999	0.000429500815382643	-0.000710029457765264	0.000685794986473303
556.461369087	0.000430696659380116	-0.000710765632669947	0.000686481052871871
556.5711247811	0.000431924620769803	-0.00071149492669759	0.000687167889540595
556.6808804752	0.000433184618362462	-0.000712215659815243	0.0006878564665601
556.7906361693	0.000434478469934674	-0.000712926694741795	0.000688545194236931
556.9003918633999	0.000435805406764018	-0.000713625875110246	0.000689234259834094
557.0101475575	0.000437165940687687	-0.000714311870127529	0.00068992435574108
557.1199032516	0.000438560423307467	-0.00071498294620521	0.00069061499071007
557.2296589457	0.000439989049754377	-0.000715637414428204	0.000691306367525235
557.3394146398	0.000441452031911282	-0.000716273537717386	0.000691998479161828
557.4491703338999	0.000442949273025781	-0.000716889484436217	0.000692690818968608
557.558926028	0.00044448079939724	-0.00071748354544139	0.000693384617878379
557.6686817221	0.000446046412406175	-0.000718053893980217	0.000694078881839538
557.7784374162	0.000447646291878149	-0.000718598622493417	0.000694773854176824
557.8881931103	0.000449279870527146	-0.000719115997768614	0.000695469527367236
557.9979488043999	0.000450946952821477	-0.000719604202133803	0.000696165908936219
558.1077044985	0.000452647176738983	-0.000720061385266368	0.000696862989796602
558.2174601926	0.000454380047142331	-0.000720485731920156	0.00069755991441731
558.3272158867	0.000456145026016568	-0.000720875264062101	0.000698258976925414
558.4369715808	0.000457941499411879	-0.000721228230099656	0.000698959281281383
558.5467272748999	0.00045976872923961	-0.000721542707169336	0.000699658617704344
558.656482969	0.000461625950384145	-0.000721816923447463	0.000700359266917377
558.7662386631	0.0004635122674076	-0.000722048858786836	0.000701060653798431
558.8759943571999	0.000465426869420372	-0.000722236904484398	0.000701762713745679
558.9857500513	0.000467368432156128	-0.000722379069976339	0.000702465495635152
559.0955057454	0.000469336065741906	-0.000722473570112168	0.00070316900012536
559.2052614395	0.000471328383822691	-0.000722518771710401	0.000703873227769402
559.3150171336	0.000473344350779805	-0.000722512737877899	0.00070457841854339
559.4247728276999	0.000475382238416465	-0.000722453905506651	0.000705284009757161
559.5345285218	0.000477440828390522	-0.00072234045708105	0.000705990405516926
559.6442842159	0.000479518486866809	-0.000722170790618685	0.000706697525858944
559.75403991	0.000481613496773601	-0.00072194325989821	0.0007074053719051
559.8637956041	0.000483724161653605	-0.000721656327225751	0.000708113946761665
559.9735512981999	0.00048584859892333	-0.000721308474309028	0.000708823252230559
560.0833069923	0.000487984948147807	-0.000720898281120355	0.000709533287895236
560.1930626864	0.000490131005512998	-0.000720424317074292	0.000710244048829267
560.3028183805	0.000492284864674454	-0.000719885307257478	0.000710955542797259
560.4125740746	0.000494444375687281	-0.000719280045298042	0.00071166774364497
560.5223297686999	0.000496607167290608	-0.000718607345058536	0.000712380663200797
560.6320854628	0.000498770807665899	-0.000717866156499954	0.000713094270223852
560.7418411569	0.000500933018212285	-0.000717055389116684	0.000713808578385777
560.851596851	0.00050309136106496	-0.000716174463476852	0.000714523282742047
560.9613525451	0.000505243391809902	-0.00071522245132008	0.000715238957162748
561.0711082391999	0.000507386623149298	-0.000714198707289627	0.000715955299085838
561.1808639333	0.000509518192482677	-0.000713102567191229	0.000716672321029326
561.2906196274	0.000511635748032844	-0.000711933713157442	0.000717390004832062
561.4003753215	0.000513736607980169	-0.000710691647704001	0.000718108342709197
561.5101310156	0.000515817948978993	-0.000709376428741772	0.000718827349130564
561.6198867096999	0.000517877242109027	-0.000707987621570533	0.00071954701018423
561.7296424038	0.000519911797340408	-0.00070652526738675	0.000720267320677836
561.8393980979	0.000521918926461335	-0.000704989402294717	0.000720988277873026
561.949153792	0.000523895968162787	-0.000703380264707389	0.000721709869722982
562.0589094861	0.000525840213894155	-0.000701698036459906	0.000722432102301344
562.1686651801999	0.000527748983455486	-0.000699943038083296	0.000723154961360137
562.2784208743	0.000529619641654641	-0.000698115922608498	0.000723878635989461
562.3881765684	0.000531449419821615	-0.000696217056457713	0.000724602677345542
562.4979322625	0.000533235740650585	-0.000694247115606413	0.000725327392637701
562.6076879566	0.000534975948505469	-0.000692206833464581	0.000726052715063953
562.7174436506999	0.000536667382632361	-0.000690097028895516	0.000726778643192014
562.8271993448	0.000538307409656277	-0.000687918662495757	0.00072750517622719
562.9369550389	0.00053989350883153	-0.000685672698645991	0.000728232288134015
563.0467107329999	0.000541423196224806	-0.00068336031925903	0.000728960028433922
563.1564664271	0.000542893992784563	-0.000680982526132798	0.00072968836256207
563.2662221212	0.000544303311051643	-0.000678540422752902	0.000730417285736925
563.3759778153	0.000545648310682582	-0.000676035303446294	0.000731146794087481
563.4857335094	0.000546926477476253	-0.000673468450538966	0.000731877415328318
563.5954892034999	0.00054813528543812	-0.000670841500456447	0.000732608094807756
563.7052448976	0.000549272355547663	-0.000668156121871859	0.000733338333723067
563.8150005917	0.000550335296112388	-0.00066541413109473	0.000734070861064803
563.9247562858	0.000551321695680619	-0.000662617409703004	0.000734803058252441
564.0345119799	0.000552229324377332	-0.000659767917878852	0.000735536164324955
564.1442676739999	0.00055305589981257	-0.000656867671102476	0.000736269894941396
564.2540233681	0.000553799144017549	-0.000653918936600395	0.000737004256042739
564.3637790622	0.000554457010835758	-0.000650923708487375	0.000737739263233376
564.4735347563	0.000555027642662227	-0.000647884432600672	0.00073847492881198
564.5832904504	0.000555509094499014	-0.000644803485888207	0.000739211256503145
564.6930461444999	0.000555899421232435	-0.000641683142597139	0.000739948340652395
564.8028018386	0.000556196993717657	-0.000638525838562479	0.000740686705215643
564.9125575327	0.000556399781612573	-0.000635333673112538	0.000741425320535299
565.0223132268	0.000556506857542528	-0.000632110409334966	0.000742164034839223
565.1320689209	0.000556516196877082	-0.000628857861471787	0.000742904192425243
565.2418246149999	0.00055642634796375	-0.000625578539051326	0.000743644712724448
565.3515803091	0.000556235851138901	-0.000622275413969058	0.000744385949410391
565.4613360032	0.000555943487264177	-0.000618951172469388	0.000745127904163281
565.5710916973	0.00055554797878176	-0.000615608622384136	0.000745870575701042
565.6808473914	0.000555048199328695	-0.000612250188532629	0.000746614496123464
565.7906030854999	0.00055444291209323	-0.000608880026581067	0.000747358481456458
565.9003587796	0.000553731338356575	-0.000605499530538985	0.000748103279423315
566.0101144737	0.000552912446771996	-0.000602112297723719	0.000748848804585396
566.1198701678	0.00055198535224633	-0.000598721210368407	0.000749594205754147
566.2296258619	0.000550949202776768	-0.000595329155237789	0.000750341134089144
566.3393815559999	0.000549803485665461	-0.000591939296555504	0.000751088765398314
